transaction_id,customer_id,transaction_date,total_amount,campaign_id
TXN0000001,CUST000698,2025-06-23,8666500.0,
TXN0000002,CUST000769,2025-10-12,1273000.0,
TXN0000003,CUST000605,2025-11-07,3736000.0,CAMP0024
TXN0000004,CUST000798,2024-07-30,7969000.0,
TXN0000005,CUST000553,2024-10-15,1255200.0,
TXN0000006,CUST001141,2025-08-10,2553400.0,
TXN0000007,CUST000848,2025-01-22,5319800.0,
TXN0000008,CUST001172,2025-05-23,469200.0,CAMP0021
TXN0000009,CUST001010,2024-01-25,893600.0,
TXN0000010,CUST000566,2024-07-26,46127000.0,
TXN0000011,CUST000401,2025-04-09,9814200.0,
TXN0000012,CUST000014,2025-12-19,46462600.0,
TXN0000013,CUST000616,2024-11-29,2751100.0,CAMP0018
TXN0000014,CUST000805,2025-06-30,1252600.0,
TXN0000015,CUST001118,2023-10-19,32008700.0,CAMP0011
TXN0000016,CUST000867,2025-08-08,10411300.0,
TXN0000017,CUST001100,2025-05-11,994800.0,
TXN0000018,CUST000728,2023-07-29,5431300.0,
TXN0000019,CUST000530,2025-07-26,4619400.0,
TXN0000020,CUST001025,2024-06-23,48180200.0,CAMP0016
TXN0000021,CUST000714,2025-02-13,6881000.0,
TXN0000022,CUST000200,2024-09-14,3350700.0,
TXN0000023,CUST000337,2024-01-31,9556200.0,
TXN0000024,CUST000382,2025-01-06,4171900.0,CAMP0019
TXN0000025,CUST001183,2025-07-19,10263000.0,
TXN0000026,CUST000804,2023-05-13,3568800.0,
TXN0000027,CUST000642,2024-10-16,32790900.0,
TXN0000028,CUST000290,2024-11-23,27795000.0,
TXN0000029,CUST000355,2025-05-03,637800.0,CAMP0021
TXN0000030,CUST000110,2024-05-30,1433800.0,
TXN0000031,CUST000400,2025-11-16,12398800.0,
TXN0000032,CUST000170,2025-01-17,6304800.0,CAMP0019
TXN0000033,CUST001102,2025-01-31,1017500.0,
TXN0000034,CUST001173,2024-05-20,13205200.0,
TXN0000035,CUST000210,2024-03-20,1869600.0,
TXN0000036,CUST000241,2023-07-18,1263700.0,CAMP0010
TXN0000037,CUST000424,2025-07-29,2444700.0,
TXN0000038,CUST001104,2023-04-12,1422700.0,
TXN0000039,CUST000568,2025-09-12,3165200.0,
TXN0000040,CUST000660,2024-12-25,6753700.0,CAMP0019
TXN0000041,CUST000826,2025-05-07,1693900.0,
TXN0000042,CUST000191,2025-03-03,704000.0,
TXN0000043,CUST000662,2023-10-19,4416200.0,CAMP0011
TXN0000044,CUST000034,2023-11-28,5668800.0,
TXN0000045,CUST000415,2025-04-18,1579100.0,
TXN0000046,CUST000192,2025-08-10,39870400.0,
TXN0000047,CUST000626,2025-06-10,184900.0,
TXN0000048,CUST000003,2023-11-07,6282300.0,
TXN0000049,CUST000865,2023-03-19,5770100.0,
TXN0000050,CUST000281,2025-04-05,555600.0,
TXN0000051,CUST001087,2025-08-10,13631800.0,
TXN0000052,CUST000902,2024-11-14,8669600.0,
TXN0000053,CUST000178,2023-02-14,1788100.0,
TXN0000054,CUST000880,2025-08-07,2539600.0,
TXN0000055,CUST001134,2025-04-06,21823600.0,
TXN0000056,CUST000112,2023-09-21,2101900.0,CAMP0011
TXN0000057,CUST000749,2025-11-26,544200.0,
TXN0000058,CUST000029,2025-08-09,3745800.0,
TXN0000059,CUST001027,2024-07-05,3339700.0,CAMP0016
TXN0000060,CUST000319,2025-05-11,13443600.0,
TXN0000061,CUST000489,2023-11-13,12425500.0,
TXN0000062,CUST000113,2024-09-19,2397900.0,
TXN0000063,CUST000336,2025-09-16,7721300.0,
TXN0000064,CUST000551,2025-06-01,35951200.0,CAMP0021
TXN0000065,CUST000539,2025-07-12,10538900.0,
TXN0000066,CUST000323,2025-08-19,229500.0,
TXN0000067,CUST000468,2025-06-03,7480400.0,
TXN0000068,CUST001133,2025-12-12,25999200.0,
TXN0000069,CUST000245,2025-10-01,629000.0,
TXN0000070,CUST001057,2024-10-31,6880500.0,CAMP0018
TXN0000071,CUST001155,2024-10-26,9882500.0,CAMP0018
TXN0000072,CUST000020,2025-01-26,25434800.0,
TXN0000073,CUST000630,2024-10-05,35404400.0,
TXN0000074,CUST000123,2024-10-24,5488500.0,
TXN0000075,CUST000174,2025-04-23,426000.0,
TXN0000076,CUST000808,2024-03-12,19309700.0,
TXN0000077,CUST000669,2025-09-26,1013200.0,
TXN0000078,CUST000337,2025-03-27,2736100.0,
TXN0000079,CUST000246,2023-02-26,1114400.0,
TXN0000080,CUST000672,2025-07-21,4611600.0,
TXN0000081,CUST000812,2025-04-25,214800.0,CAMP0021
TXN0000082,CUST000064,2025-03-01,4121400.0,CAMP0020
TXN0000083,CUST000268,2024-02-29,1523600.0,
TXN0000084,CUST000133,2024-12-02,14333400.0,
TXN0000085,CUST001176,2024-07-30,1379400.0,
TXN0000086,CUST000384,2025-05-07,10163800.0,
TXN0000087,CUST001128,2025-06-17,675300.0,
TXN0000088,CUST000785,2024-10-05,8660100.0,
TXN0000089,CUST001116,2025-05-27,16252000.0,CAMP0021
TXN0000090,CUST000061,2025-11-26,2937700.0,
TXN0000091,CUST000206,2023-10-24,264200.0,
TXN0000092,CUST001180,2024-06-19,9233300.0,
TXN0000093,CUST000721,2025-02-18,5180700.0,
TXN0000094,CUST000116,2025-01-18,12636100.0,
TXN0000095,CUST000663,2024-11-04,6561400.0,
TXN0000096,CUST001078,2024-10-30,1464800.0,
TXN0000097,CUST000690,2024-01-22,21564200.0,
TXN0000098,CUST001151,2024-09-20,18881600.0,
TXN0000099,CUST000629,2023-11-15,1437800.0,CAMP0012
TXN0000100,CUST000453,2023-06-03,11360200.0,
TXN0000101,CUST000688,2024-11-20,379000.0,CAMP0018
TXN0000102,CUST000718,2023-11-22,179800.0,CAMP0012
TXN0000103,CUST000341,2024-06-21,37679000.0,CAMP0016
TXN0000104,CUST000604,2022-03-02,6747900.0,
TXN0000105,CUST000330,2025-04-15,527900.0,
TXN0000106,CUST000693,2025-03-21,53023300.0,CAMP0020
TXN0000107,CUST000839,2025-12-08,17496700.0,
TXN0000108,CUST000112,2024-05-26,130700.0,
TXN0000109,CUST000604,2025-10-06,3295900.0,
TXN0000110,CUST000632,2024-12-19,5438900.0,
TXN0000111,CUST000757,2025-05-19,17647000.0,CAMP0021
TXN0000112,CUST000176,2025-10-19,2319700.0,
TXN0000113,CUST001071,2025-01-24,25385800.0,
TXN0000114,CUST000920,2025-07-06,193300.0,
TXN0000115,CUST000892,2024-08-05,2059900.0,
TXN0000116,CUST000179,2025-07-23,13479000.0,
TXN0000117,CUST000307,2024-12-03,10952700.0,
TXN0000118,CUST000785,2025-09-27,9667300.0,
TXN0000119,CUST000679,2025-12-12,9752700.0,
TXN0000120,CUST000042,2025-07-15,1583900.0,
TXN0000121,CUST000616,2025-04-03,1406000.0,
TXN0000122,CUST000433,2024-11-04,29647700.0,CAMP0018
TXN0000123,CUST000356,2023-12-05,6475900.0,
TXN0000124,CUST000104,2024-09-12,3718800.0,
TXN0000125,CUST000254,2025-09-01,250800.0,
TXN0000126,CUST000914,2024-01-31,35720500.0,
TXN0000127,CUST000057,2025-10-26,220800.0,
TXN0000128,CUST000462,2024-12-25,27413200.0,
TXN0000129,CUST000355,2025-08-06,3919500.0,
TXN0000130,CUST000626,2025-05-27,20589000.0,
TXN0000131,CUST001067,2024-12-05,10889600.0,
TXN0000132,CUST000689,2024-09-17,5001000.0,
TXN0000133,CUST001060,2025-09-10,1886800.0,
TXN0000134,CUST000053,2025-04-28,5812400.0,
TXN0000135,CUST000456,2025-11-16,1399900.0,
TXN0000136,CUST000530,2025-12-02,19668600.0,
TXN0000137,CUST000679,2025-01-19,6762300.0,
TXN0000138,CUST001196,2023-07-24,3129000.0,
TXN0000139,CUST000309,2024-11-06,1034600.0,CAMP0018
TXN0000140,CUST000166,2025-10-24,1013500.0,
TXN0000141,CUST000561,2024-11-21,1884400.0,CAMP0018
TXN0000142,CUST000880,2025-08-30,5925500.0,
TXN0000143,CUST001088,2024-01-06,71600.0,
TXN0000144,CUST000510,2023-11-09,5523300.0,CAMP0012
TXN0000145,CUST000611,2024-03-20,7609300.0,CAMP0014
TXN0000146,CUST000338,2025-07-23,6498800.0,
TXN0000147,CUST000269,2025-01-01,233400.0,CAMP0019
TXN0000148,CUST000769,2025-07-13,6678600.0,
TXN0000149,CUST000779,2025-06-06,12130300.0,
TXN0000150,CUST000281,2025-06-18,2828000.0,CAMP0022
TXN0000151,CUST001020,2024-01-04,2884700.0,
TXN0000152,CUST000985,2025-06-29,1434100.0,
TXN0000153,CUST001012,2024-10-21,2828000.0,
TXN0000154,CUST000208,2023-08-21,3001200.0,
TXN0000155,CUST000103,2025-01-15,3581400.0,
TXN0000156,CUST000238,2022-09-08,1246600.0,
TXN0000157,CUST000350,2024-04-20,6244600.0,
TXN0000158,CUST000375,2025-05-02,3632000.0,CAMP0021
TXN0000159,CUST000327,2023-12-19,26831600.0,
TXN0000160,CUST000060,2023-07-05,18047300.0,CAMP0010
TXN0000161,CUST000693,2025-01-03,21676400.0,
TXN0000162,CUST001144,2023-05-25,484000.0,
TXN0000163,CUST000962,2025-09-26,8406500.0,
TXN0000164,CUST001039,2025-06-18,20649700.0,
TXN0000165,CUST000244,2025-02-25,498400.0,
TXN0000166,CUST001142,2025-10-14,1785000.0,
TXN0000167,CUST001042,2025-10-28,704600.0,CAMP0024
TXN0000168,CUST000457,2025-12-28,22183700.0,
TXN0000169,CUST000200,2025-12-10,1201200.0,
TXN0000170,CUST001122,2025-10-28,3672400.0,
TXN0000171,CUST000839,2025-04-23,10313500.0,
TXN0000172,CUST000937,2025-12-23,842200.0,
TXN0000173,CUST000253,2025-02-11,38850100.0,
TXN0000174,CUST001199,2025-06-19,45834100.0,
TXN0000175,CUST000509,2024-07-26,14375900.0,
TXN0000176,CUST001134,2025-05-08,5250000.0,
TXN0000177,CUST000272,2024-12-22,66447700.0,
TXN0000178,CUST000027,2025-02-09,1825600.0,
TXN0000179,CUST000298,2025-01-19,174000.0,
TXN0000180,CUST000330,2025-12-29,9200500.0,
TXN0000181,CUST001109,2023-11-05,2597200.0,
TXN0000182,CUST000590,2022-07-30,1210600.0,
TXN0000183,CUST000908,2024-12-07,22070100.0,
TXN0000184,CUST000920,2025-07-07,177400.0,
TXN0000185,CUST000245,2025-08-30,392100.0,
TXN0000186,CUST000267,2022-11-26,15022200.0,
TXN0000187,CUST001173,2025-08-10,2073900.0,
TXN0000188,CUST001035,2024-01-04,33766000.0,CAMP0013
TXN0000189,CUST000448,2025-09-25,19451500.0,
TXN0000190,CUST000082,2024-11-30,36194500.0,
TXN0000191,CUST000997,2024-07-27,13758000.0,
TXN0000192,CUST001102,2025-10-09,231200.0,
TXN0000193,CUST000432,2025-10-25,6172000.0,
TXN0000194,CUST000892,2025-11-04,336400.0,CAMP0024
TXN0000195,CUST000078,2023-06-29,4208800.0,
TXN0000196,CUST001143,2025-04-18,22795100.0,
TXN0000197,CUST000243,2025-06-08,242000.0,
TXN0000198,CUST001200,2023-03-24,198900.0,CAMP0008
TXN0000199,CUST000178,2024-02-20,2393400.0,
TXN0000200,CUST000801,2025-09-24,1805800.0,
TXN0000201,CUST000253,2023-12-20,918000.0,
TXN0000202,CUST001101,2024-11-27,63600.0,
TXN0000203,CUST000705,2023-07-18,16246700.0,CAMP0010
TXN0000204,CUST001125,2025-06-24,10479600.0,CAMP0022
TXN0000205,CUST000205,2023-08-26,11279400.0,
TXN0000206,CUST000878,2024-08-21,83400.0,
TXN0000207,CUST000894,2024-07-24,14422400.0,
TXN0000208,CUST000735,2024-03-30,2209000.0,CAMP0014
TXN0000209,CUST000155,2022-05-21,3321100.0,CAMP0003
TXN0000210,CUST000596,2023-09-25,4564600.0,
TXN0000211,CUST000288,2025-06-28,3134200.0,
TXN0000212,CUST000083,2024-09-16,2163100.0,
TXN0000213,CUST000795,2024-07-20,16960500.0,
TXN0000214,CUST000772,2025-11-01,2376800.0,CAMP0024
TXN0000215,CUST000998,2025-10-25,48978900.0,CAMP0024
TXN0000216,CUST000243,2025-10-15,1126200.0,
TXN0000217,CUST000981,2025-04-11,794000.0,
TXN0000218,CUST000500,2023-08-19,800800.0,
TXN0000219,CUST001050,2022-08-01,16145800.0,
TXN0000220,CUST000966,2025-08-16,5425000.0,
TXN0000221,CUST001047,2025-03-27,893400.0,CAMP0020
TXN0000222,CUST000271,2024-02-10,232000.0,
TXN0000223,CUST000307,2025-07-26,1258000.0,
TXN0000224,CUST000080,2025-11-14,68849900.0,
TXN0000225,CUST001086,2025-08-04,35081200.0,
TXN0000226,CUST000872,2023-12-18,6447200.0,
TXN0000227,CUST000388,2023-07-13,272900.0,
TXN0000228,CUST000769,2025-06-18,12403600.0,CAMP0022
TXN0000229,CUST001157,2025-04-26,5342700.0,
TXN0000230,CUST001184,2024-10-04,67654000.0,
TXN0000231,CUST001042,2025-09-17,6330500.0,
TXN0000232,CUST000011,2025-04-10,954400.0,
TXN0000233,CUST000132,2025-04-02,2123300.0,
TXN0000234,CUST000821,2025-11-28,1871100.0,
TXN0000235,CUST000414,2025-09-20,829200.0,
TXN0000236,CUST000737,2024-02-06,792800.0,
TXN0000237,CUST000566,2024-06-12,676500.0,
TXN0000238,CUST000185,2025-10-25,12281300.0,
TXN0000239,CUST000399,2025-02-04,4378200.0,
TXN0000240,CUST000697,2022-10-19,3826700.0,
TXN0000241,CUST000940,2025-07-08,68940800.0,
TXN0000242,CUST000471,2025-03-05,1890700.0,CAMP0020
TXN0000243,CUST000156,2025-06-13,6701100.0,
TXN0000244,CUST001175,2025-08-25,887600.0,CAMP0023
TXN0000245,CUST000544,2025-07-03,3248400.0,
TXN0000246,CUST000246,2023-02-01,11156600.0,
TXN0000247,CUST001177,2025-11-16,6976900.0,
TXN0000248,CUST000263,2024-04-11,13130700.0,
TXN0000249,CUST001062,2025-01-23,4204300.0,
TXN0000250,CUST000667,2025-02-03,23717100.0,
TXN0000251,CUST001022,2025-08-24,2002500.0,
TXN0000252,CUST000573,2025-05-24,1944900.0,
TXN0000253,CUST000483,2025-11-29,15323900.0,
TXN0000254,CUST001024,2023-09-13,1865500.0,CAMP0011
TXN0000255,CUST000976,2023-02-14,45376300.0,
TXN0000256,CUST000249,2025-06-06,3845500.0,
TXN0000257,CUST000161,2024-07-08,19733100.0,CAMP0016
TXN0000258,CUST000643,2024-07-25,1895100.0,
TXN0000259,CUST000744,2025-12-10,6523500.0,
TXN0000260,CUST000342,2025-07-07,57900.0,
TXN0000261,CUST000970,2025-04-27,1825600.0,
TXN0000262,CUST000171,2024-01-20,26693100.0,CAMP0013
TXN0000263,CUST000908,2024-08-28,3479800.0,
TXN0000264,CUST000667,2025-05-31,5186400.0,
TXN0000265,CUST001094,2023-12-29,23903800.0,CAMP0013
TXN0000266,CUST000319,2024-09-14,359600.0,CAMP0017
TXN0000267,CUST001096,2023-03-25,18580900.0,CAMP0008
TXN0000268,CUST000809,2024-12-04,1576000.0,
TXN0000269,CUST000539,2023-10-03,29772500.0,CAMP0011
TXN0000270,CUST000374,2025-06-17,4050800.0,
TXN0000271,CUST000385,2024-08-27,1936200.0,
TXN0000272,CUST000046,2023-10-22,167100.0,
TXN0000273,CUST000257,2025-09-27,8496300.0,
TXN0000274,CUST000861,2025-08-11,7145600.0,
TXN0000275,CUST000546,2025-09-21,33142000.0,
TXN0000276,CUST000250,2025-12-28,1356700.0,
TXN0000277,CUST000408,2025-07-27,2767800.0,
TXN0000278,CUST000969,2025-04-12,9161100.0,
TXN0000279,CUST000986,2025-06-07,8402800.0,
TXN0000280,CUST000890,2025-05-29,670200.0,
TXN0000281,CUST000811,2023-06-20,3243600.0,
TXN0000282,CUST000318,2025-05-14,3074400.0,
TXN0000283,CUST000694,2023-01-24,397800.0,
TXN0000284,CUST001099,2025-03-17,2806500.0,
TXN0000285,CUST000899,2023-08-26,913600.0,
TXN0000286,CUST000734,2024-09-15,15133900.0,
TXN0000287,CUST001161,2025-03-04,11599700.0,
TXN0000288,CUST001110,2024-10-25,1234600.0,CAMP0018
TXN0000289,CUST001104,2024-07-04,2179600.0,
TXN0000290,CUST000661,2025-01-30,3573000.0,
TXN0000291,CUST000366,2023-11-01,1711700.0,
TXN0000292,CUST000066,2025-07-23,21375700.0,
TXN0000293,CUST000146,2024-08-02,932200.0,
TXN0000294,CUST000125,2025-02-14,2264300.0,
TXN0000295,CUST001064,2024-10-26,874400.0,CAMP0018
TXN0000296,CUST001168,2025-08-21,342700.0,
TXN0000297,CUST000940,2025-07-30,3611400.0,
TXN0000298,CUST000722,2025-09-21,24446900.0,
TXN0000299,CUST000738,2025-05-23,1137400.0,CAMP0021
TXN0000300,CUST000440,2024-07-09,685200.0,
TXN0000301,CUST001048,2025-05-08,10497200.0,
TXN0000302,CUST000512,2025-02-07,1571100.0,
TXN0000303,CUST000665,2025-09-09,1402100.0,CAMP0023
TXN0000304,CUST000161,2022-09-11,7014900.0,
TXN0000305,CUST000784,2024-08-20,4294100.0,CAMP0017
TXN0000306,CUST000913,2025-11-04,23384800.0,CAMP0024
TXN0000307,CUST001123,2025-10-19,6484400.0,
TXN0000308,CUST000985,2025-02-13,2988800.0,
TXN0000309,CUST000881,2024-10-10,14080800.0,
TXN0000310,CUST000050,2025-12-03,15569800.0,
TXN0000311,CUST000092,2025-11-14,510400.0,
TXN0000312,CUST000176,2022-09-07,1263200.0,
TXN0000313,CUST000590,2022-05-23,3241400.0,CAMP0003
TXN0000314,CUST000418,2025-09-28,17807300.0,
TXN0000315,CUST000124,2025-03-03,6859700.0,
TXN0000316,CUST000018,2023-05-24,30833300.0,CAMP0009
TXN0000317,CUST001042,2025-12-05,166800.0,
TXN0000318,CUST001089,2025-05-19,3076200.0,CAMP0021
TXN0000319,CUST000684,2025-09-09,38229400.0,
TXN0000320,CUST001027,2023-09-23,693600.0,
TXN0000321,CUST000061,2025-07-18,9319000.0,
TXN0000322,CUST000783,2025-05-18,11445200.0,
TXN0000323,CUST000424,2025-02-14,1982000.0,
TXN0000324,CUST000633,2025-08-02,27451200.0,
TXN0000325,CUST000651,2024-07-18,1742400.0,
TXN0000326,CUST000843,2024-08-15,5222600.0,
TXN0000327,CUST000547,2025-08-09,23315500.0,
TXN0000328,CUST000766,2024-03-31,17258900.0,
TXN0000329,CUST000031,2025-11-14,5587600.0,CAMP0024
TXN0000330,CUST001004,2025-04-16,8070600.0,
TXN0000331,CUST001067,2023-04-25,4610800.0,
TXN0000332,CUST000389,2025-06-05,5984300.0,
TXN0000333,CUST001059,2025-05-29,2704000.0,
TXN0000334,CUST000924,2024-12-04,1059600.0,
TXN0000335,CUST000185,2025-05-25,245400.0,
TXN0000336,CUST000744,2025-03-28,25429400.0,CAMP0020
TXN0000337,CUST000367,2025-04-26,4087700.0,CAMP0021
TXN0000338,CUST000026,2025-01-05,25016400.0,
TXN0000339,CUST000905,2023-05-10,4540600.0,
TXN0000340,CUST000715,2024-06-29,28172700.0,
TXN0000341,CUST000101,2024-01-20,1328800.0,CAMP0013
TXN0000342,CUST000662,2024-04-10,7810100.0,
TXN0000343,CUST000563,2025-02-10,28071700.0,
TXN0000344,CUST000875,2025-08-01,7165300.0,
TXN0000345,CUST001065,2025-09-12,7748600.0,
TXN0000346,CUST000953,2025-12-06,6768000.0,
TXN0000347,CUST000848,2024-02-06,4544100.0,
TXN0000348,CUST000577,2023-11-17,95400.0,
TXN0000349,CUST000664,2022-07-31,504600.0,CAMP0004
TXN0000350,CUST000360,2023-09-24,1452900.0,
TXN0000351,CUST000944,2025-06-15,12511300.0,
TXN0000352,CUST000427,2025-10-24,5922800.0,
TXN0000353,CUST000769,2025-12-03,1153800.0,
TXN0000354,CUST000240,2025-09-08,2172500.0,CAMP0023
TXN0000355,CUST000443,2025-01-05,1936300.0,
TXN0000356,CUST000052,2025-12-04,24894500.0,
TXN0000357,CUST000421,2024-01-28,18030200.0,
TXN0000358,CUST000957,2024-12-14,4151700.0,
TXN0000359,CUST000047,2025-05-22,23905500.0,CAMP0021
TXN0000360,CUST000904,2025-12-29,383600.0,
TXN0000361,CUST000323,2025-08-29,1254300.0,CAMP0023
TXN0000362,CUST001126,2025-05-02,1778300.0,CAMP0021
TXN0000363,CUST001108,2025-09-17,1485900.0,
TXN0000364,CUST000965,2025-11-30,1989600.0,
TXN0000365,CUST000111,2022-10-24,48802000.0,
TXN0000366,CUST000406,2023-07-06,10075400.0,
TXN0000367,CUST000954,2024-12-27,6075600.0,CAMP0019
TXN0000368,CUST000666,2025-06-13,10822100.0,
TXN0000369,CUST000579,2025-12-05,12340700.0,
TXN0000370,CUST000668,2025-10-22,1892400.0,
TXN0000371,CUST000821,2025-08-10,9006800.0,
TXN0000372,CUST000787,2024-07-04,7501100.0,
TXN0000373,CUST000484,2023-04-22,918000.0,
TXN0000374,CUST000235,2025-08-18,12605800.0,
TXN0000375,CUST000777,2024-08-31,3211000.0,
TXN0000376,CUST000928,2025-10-21,3709600.0,
TXN0000377,CUST000649,2024-11-26,41963700.0,CAMP0018
TXN0000378,CUST000002,2025-07-07,36549500.0,CAMP0022
TXN0000379,CUST000356,2024-09-19,1324300.0,
TXN0000380,CUST000855,2025-06-09,14405800.0,
TXN0000381,CUST000295,2025-06-02,43352600.0,
TXN0000382,CUST000931,2025-01-02,3777800.0,
TXN0000383,CUST000485,2025-09-20,43949600.0,
TXN0000384,CUST001189,2025-02-09,2156100.0,
TXN0000385,CUST000953,2025-11-08,1383900.0,CAMP0024
TXN0000386,CUST001105,2025-05-04,12542900.0,
TXN0000387,CUST000604,2023-09-04,2193000.0,
TXN0000388,CUST000126,2025-10-30,13200800.0,CAMP0024
TXN0000389,CUST000570,2025-04-21,2876100.0,
TXN0000390,CUST000030,2023-01-06,26336700.0,CAMP0007
TXN0000391,CUST000703,2024-08-06,15230800.0,
TXN0000392,CUST000785,2025-01-16,5881900.0,CAMP0019
TXN0000393,CUST000817,2024-10-14,9936000.0,
TXN0000394,CUST000538,2024-01-16,16201400.0,
TXN0000395,CUST000559,2024-04-12,6696400.0,
TXN0000396,CUST000400,2025-06-18,608800.0,
TXN0000397,CUST000025,2025-01-02,495100.0,
TXN0000398,CUST000720,2023-08-07,1164700.0,
TXN0000399,CUST000445,2025-07-10,571800.0,
TXN0000400,CUST000267,2024-02-09,10904800.0,
TXN0000401,CUST000663,2025-02-13,2358600.0,
TXN0000402,CUST000796,2025-08-05,5083500.0,
TXN0000403,CUST000365,2025-02-10,439000.0,
TXN0000404,CUST000805,2025-03-27,20518400.0,CAMP0020
TXN0000405,CUST000145,2025-10-16,4436800.0,
TXN0000406,CUST000800,2024-05-14,649400.0,
TXN0000407,CUST001005,2025-10-02,12197000.0,
TXN0000408,CUST001162,2025-11-02,36523900.0,CAMP0024
TXN0000409,CUST000165,2025-12-03,1924800.0,
TXN0000410,CUST000799,2023-05-15,6606600.0,CAMP0009
TXN0000411,CUST000489,2025-01-27,3003400.0,
TXN0000412,CUST000695,2023-07-25,3484200.0,
TXN0000413,CUST001187,2023-12-04,1351800.0,
TXN0000414,CUST001002,2025-10-29,190400.0,CAMP0024
TXN0000415,CUST000030,2023-05-10,31800.0,
TXN0000416,CUST000935,2025-11-19,232300.0,
TXN0000417,CUST000452,2022-08-27,781400.0,
TXN0000418,CUST000248,2025-05-06,65939400.0,CAMP0021
TXN0000419,CUST000345,2025-02-28,9440900.0,
TXN0000420,CUST000166,2025-06-23,314500.0,
TXN0000421,CUST000582,2024-09-19,46281100.0,
TXN0000422,CUST000358,2023-01-25,29054500.0,
TXN0000423,CUST000394,2024-11-09,20532200.0,CAMP0018
TXN0000424,CUST000972,2024-10-25,955400.0,
TXN0000425,CUST000584,2023-09-07,10698600.0,
TXN0000426,CUST000324,2022-04-10,77526300.0,
TXN0000427,CUST000668,2025-05-08,3215600.0,CAMP0021
TXN0000428,CUST000410,2025-03-13,1605600.0,
TXN0000429,CUST000297,2024-11-27,10662800.0,CAMP0018
TXN0000430,CUST001165,2023-12-15,16641800.0,
TXN0000431,CUST000704,2023-11-14,2243400.0,
TXN0000432,CUST001069,2025-04-19,7301300.0,
TXN0000433,CUST000030,2024-10-15,9364400.0,
TXN0000434,CUST000306,2025-02-28,75800.0,CAMP0020
TXN0000435,CUST001033,2024-02-25,52262400.0,
TXN0000436,CUST000171,2025-04-29,220400.0,
TXN0000437,CUST000272,2025-06-25,2351000.0,CAMP0022
TXN0000438,CUST001169,2025-11-26,27425000.0,
TXN0000439,CUST000789,2024-07-03,5179700.0,
TXN0000440,CUST000228,2024-04-27,12192900.0,
TXN0000441,CUST000138,2025-10-26,32920800.0,
TXN0000442,CUST001189,2025-09-23,24234600.0,
TXN0000443,CUST001032,2025-02-21,8023600.0,
TXN0000444,CUST000252,2025-09-26,6524700.0,
TXN0000445,CUST000165,2025-08-10,452400.0,
TXN0000446,CUST000566,2022-11-01,2340600.0,
TXN0000447,CUST000601,2024-06-20,31486300.0,
TXN0000448,CUST000476,2025-06-26,2691600.0,CAMP0022
TXN0000449,CUST000628,2023-07-04,22152200.0,CAMP0010
TXN0000450,CUST000341,2025-08-14,313200.0,
TXN0000451,CUST000315,2024-08-07,34349100.0,
TXN0000452,CUST000903,2024-03-12,8661800.0,CAMP0014
TXN0000453,CUST001106,2024-12-10,4315000.0,
TXN0000454,CUST001119,2025-02-16,10404000.0,
TXN0000455,CUST000694,2023-05-12,38080400.0,
TXN0000456,CUST000452,2024-10-19,5386900.0,
TXN0000457,CUST000401,2024-01-20,228800.0,
TXN0000458,CUST000179,2025-09-25,3090200.0,
TXN0000459,CUST000876,2024-11-19,16309100.0,CAMP0018
TXN0000460,CUST000852,2025-04-23,3374300.0,
TXN0000461,CUST000426,2024-05-15,11713200.0,
TXN0000462,CUST000560,2025-04-23,7131600.0,
TXN0000463,CUST000381,2025-06-04,4875900.0,
TXN0000464,CUST001146,2025-01-04,1452200.0,CAMP0019
TXN0000465,CUST000255,2024-04-24,1438700.0,
TXN0000466,CUST000137,2025-11-27,39000000.0,
TXN0000467,CUST000245,2025-08-29,7764800.0,CAMP0023
TXN0000468,CUST000559,2024-05-08,4066000.0,
TXN0000469,CUST000343,2025-06-29,1553100.0,
TXN0000470,CUST000027,2024-01-11,3574400.0,
TXN0000471,CUST001145,2025-12-18,22553300.0,
TXN0000472,CUST000983,2024-12-22,32916000.0,
TXN0000473,CUST000624,2024-01-21,4203200.0,
TXN0000474,CUST000292,2024-04-04,19225700.0,CAMP0014
TXN0000475,CUST000884,2023-11-10,1231400.0,CAMP0012
TXN0000476,CUST000089,2023-07-12,10569800.0,CAMP0010
TXN0000477,CUST000060,2023-04-14,2521200.0,CAMP0008
TXN0000478,CUST001035,2025-02-27,1447900.0,
TXN0000479,CUST000393,2024-01-25,2788400.0,
TXN0000480,CUST001033,2025-05-22,5120100.0,
TXN0000481,CUST000778,2025-01-03,30506600.0,
TXN0000482,CUST000644,2024-07-28,9837600.0,
TXN0000483,CUST000672,2025-10-18,1491600.0,
TXN0000484,CUST000936,2024-12-09,6985700.0,
TXN0000485,CUST000387,2025-01-08,6990100.0,
TXN0000486,CUST000175,2024-02-09,1171200.0,
TXN0000487,CUST000133,2025-05-21,402800.0,CAMP0021
TXN0000488,CUST001023,2024-04-08,4316000.0,
TXN0000489,CUST000932,2022-11-27,3386000.0,
TXN0000490,CUST000276,2022-08-22,2104400.0,
TXN0000491,CUST001021,2022-12-13,753800.0,
TXN0000492,CUST000621,2025-10-05,9229200.0,
TXN0000493,CUST001034,2024-06-29,46517100.0,
TXN0000494,CUST000907,2025-09-28,367000.0,
TXN0000495,CUST001141,2025-11-25,22866500.0,
TXN0000496,CUST000999,2024-03-17,14862800.0,CAMP0014
TXN0000497,CUST000723,2025-12-20,7364800.0,
TXN0000498,CUST000715,2024-06-19,895700.0,
TXN0000499,CUST000720,2022-09-07,12674900.0,
TXN0000500,CUST000135,2025-11-01,14152400.0,
TXN0000501,CUST000866,2025-11-08,10863700.0,CAMP0024
TXN0000502,CUST001001,2024-12-05,663000.0,
TXN0000503,CUST000614,2024-08-20,1910400.0,CAMP0017
TXN0000504,CUST000463,2025-04-26,3719700.0,
TXN0000505,CUST000619,2025-08-19,20417300.0,
TXN0000506,CUST000824,2025-04-16,9558900.0,
TXN0000507,CUST000549,2025-05-17,13429300.0,CAMP0021
TXN0000508,CUST000892,2025-03-07,1850300.0,
TXN0000509,CUST000526,2025-12-02,346900.0,
TXN0000510,CUST000394,2024-08-09,14618400.0,
TXN0000511,CUST000865,2022-09-05,1777400.0,
TXN0000512,CUST000530,2025-12-19,8784800.0,
TXN0000513,CUST000114,2024-12-30,1284300.0,CAMP0019
TXN0000514,CUST000484,2022-12-18,22659300.0,
TXN0000515,CUST000642,2025-02-01,26291200.0,
TXN0000516,CUST000837,2023-11-06,2881800.0,
TXN0000517,CUST000297,2025-02-10,4242700.0,
TXN0000518,CUST001132,2025-10-22,11055800.0,
TXN0000519,CUST000796,2025-05-14,34875400.0,
TXN0000520,CUST000833,2022-10-07,3114900.0,
TXN0000521,CUST000206,2023-04-28,1106600.0,
TXN0000522,CUST000057,2025-05-08,1426700.0,
TXN0000523,CUST000626,2024-04-14,16277000.0,
TXN0000524,CUST000274,2025-01-07,1017300.0,CAMP0019
TXN0000525,CUST000753,2025-06-30,10907900.0,CAMP0022
TXN0000526,CUST000102,2025-03-20,5308800.0,
TXN0000527,CUST000930,2025-11-30,2613000.0,
TXN0000528,CUST000391,2025-12-26,1022000.0,
TXN0000529,CUST000442,2025-11-27,2263200.0,
TXN0000530,CUST000059,2024-11-04,28091600.0,CAMP0018
TXN0000531,CUST000273,2025-01-04,4033000.0,CAMP0019
TXN0000532,CUST000965,2025-01-05,9997400.0,
TXN0000533,CUST001146,2022-08-23,14276500.0,
TXN0000534,CUST001087,2025-06-04,15992600.0,
TXN0000535,CUST000262,2025-10-04,24557400.0,
TXN0000536,CUST000893,2024-06-29,3044800.0,CAMP0016
TXN0000537,CUST000376,2024-01-18,14620000.0,CAMP0013
TXN0000538,CUST000938,2025-04-05,3280700.0,
TXN0000539,CUST000716,2023-02-17,608200.0,
TXN0000540,CUST001154,2025-11-28,6830800.0,
TXN0000541,CUST000194,2025-08-15,55700.0,
TXN0000542,CUST000808,2025-01-12,44502000.0,CAMP0019
TXN0000543,CUST000928,2024-08-24,6555700.0,CAMP0017
TXN0000544,CUST000492,2025-11-06,13038400.0,CAMP0024
TXN0000545,CUST000886,2025-11-07,5239600.0,
TXN0000546,CUST001003,2024-12-17,12052400.0,
TXN0000547,CUST000382,2025-01-10,18512800.0,
TXN0000548,CUST001075,2023-03-02,11131700.0,
TXN0000549,CUST000262,2025-03-14,4282400.0,
TXN0000550,CUST000093,2025-09-14,11312000.0,
TXN0000551,CUST000846,2023-12-18,3930200.0,
TXN0000552,CUST000948,2024-11-15,14723900.0,
TXN0000553,CUST000610,2025-04-04,2795700.0,
TXN0000554,CUST000532,2025-03-28,4090500.0,
TXN0000555,CUST000830,2025-10-12,13883300.0,
TXN0000556,CUST000029,2025-07-03,1226800.0,
TXN0000557,CUST000429,2024-07-24,486800.0,
TXN0000558,CUST000177,2025-09-11,20537500.0,
TXN0000559,CUST000994,2025-04-28,1122200.0,CAMP0021
TXN0000560,CUST000105,2024-03-12,498400.0,
TXN0000561,CUST001016,2025-12-28,6570800.0,
TXN0000562,CUST000125,2025-05-11,9005700.0,
TXN0000563,CUST000549,2025-05-27,51241900.0,CAMP0021
TXN0000564,CUST000962,2024-04-24,6061100.0,
TXN0000565,CUST000800,2024-10-15,1009400.0,
TXN0000566,CUST000989,2024-02-07,1024800.0,
TXN0000567,CUST000852,2025-06-14,10101200.0,
TXN0000568,CUST000535,2024-08-21,143300.0,CAMP0017
TXN0000569,CUST000465,2023-03-27,7084400.0,
TXN0000570,CUST000897,2025-05-02,497400.0,
TXN0000571,CUST000086,2025-03-28,223400.0,
TXN0000572,CUST000741,2023-05-27,1394900.0,CAMP0009
TXN0000573,CUST000252,2024-12-25,7793300.0,CAMP0019
TXN0000574,CUST000739,2025-07-17,9320400.0,
TXN0000575,CUST000283,2025-08-15,3343000.0,
TXN0000576,CUST000021,2025-06-18,4011900.0,CAMP0022
TXN0000577,CUST000889,2024-01-05,11807300.0,
TXN0000578,CUST001134,2024-06-06,26824400.0,
TXN0000579,CUST000421,2025-07-01,26638800.0,
TXN0000580,CUST000799,2023-06-24,5511700.0,
TXN0000581,CUST001106,2025-07-18,9562400.0,
TXN0000582,CUST000532,2025-12-20,8453200.0,
TXN0000583,CUST001192,2025-08-09,3000800.0,
TXN0000584,CUST001058,2025-08-28,3065800.0,
TXN0000585,CUST000844,2024-09-10,669600.0,
TXN0000586,CUST000976,2023-10-14,4615200.0,
TXN0000587,CUST000902,2025-10-26,3894000.0,
TXN0000588,CUST001052,2025-03-01,110200.0,
TXN0000589,CUST000067,2024-07-30,4546500.0,
TXN0000590,CUST000242,2025-08-09,3156500.0,
TXN0000591,CUST000292,2025-05-08,95400.0,CAMP0021
TXN0000592,CUST000005,2025-03-24,59967200.0,
TXN0000593,CUST000272,2024-11-11,45600700.0,CAMP0018
TXN0000594,CUST000695,2024-12-02,650400.0,
TXN0000595,CUST000569,2024-09-18,1598700.0,
TXN0000596,CUST001146,2022-11-21,4482200.0,
TXN0000597,CUST001030,2024-02-20,12717400.0,
TXN0000598,CUST000039,2023-12-11,2896400.0,
TXN0000599,CUST001093,2025-07-24,4350000.0,
TXN0000600,CUST000896,2024-02-02,2659000.0,
TXN0000601,CUST001110,2024-04-05,1535900.0,
TXN0000602,CUST000347,2023-12-31,8771800.0,
TXN0000603,CUST000529,2024-04-08,4208800.0,
TXN0000604,CUST000491,2025-11-10,12514900.0,
TXN0000605,CUST000834,2023-08-15,1088700.0,
TXN0000606,CUST001137,2025-12-03,4482400.0,
TXN0000607,CUST000172,2025-11-10,8340900.0,
TXN0000608,CUST000593,2025-03-14,1221400.0,
TXN0000609,CUST000779,2025-08-03,5451800.0,
TXN0000610,CUST000331,2025-04-20,6097000.0,
TXN0000611,CUST001034,2024-08-26,6083600.0,CAMP0017
TXN0000612,CUST000673,2023-08-12,662200.0,
TXN0000613,CUST000020,2024-08-13,48521700.0,
TXN0000614,CUST000253,2024-11-03,3522400.0,
TXN0000615,CUST000911,2024-07-17,6071700.0,
TXN0000616,CUST000185,2025-11-27,7041200.0,
TXN0000617,CUST001010,2025-08-18,9346800.0,
TXN0000618,CUST001159,2025-12-08,239500.0,
TXN0000619,CUST000261,2024-03-02,9827000.0,
TXN0000620,CUST000107,2025-10-01,3487300.0,
TXN0000621,CUST000460,2024-08-28,9014300.0,CAMP0017
TXN0000622,CUST001172,2025-10-17,5226000.0,
TXN0000623,CUST000153,2025-05-22,932800.0,
TXN0000624,CUST000199,2024-06-14,18263100.0,
TXN0000625,CUST000970,2023-08-01,18732200.0,
TXN0000626,CUST000196,2025-03-26,5987300.0,
TXN0000627,CUST000127,2025-01-11,1892400.0,CAMP0019
TXN0000628,CUST001146,2022-09-14,1323100.0,
TXN0000629,CUST000951,2024-08-31,9517700.0,CAMP0017
TXN0000630,CUST000397,2025-09-24,8793600.0,
TXN0000631,CUST000863,2025-01-16,52534600.0,CAMP0019
TXN0000632,CUST000302,2025-09-24,1818300.0,
TXN0000633,CUST000118,2025-07-14,47709100.0,
TXN0000634,CUST000975,2025-04-19,2904100.0,
TXN0000635,CUST000333,2022-10-01,10733000.0,CAMP0005
TXN0000636,CUST000770,2024-10-27,7498600.0,CAMP0018
TXN0000637,CUST000399,2025-08-04,8798600.0,
TXN0000638,CUST001136,2024-12-24,6635100.0,
TXN0000639,CUST000208,2022-04-26,229000.0,
TXN0000640,CUST000431,2025-07-09,3053600.0,
TXN0000641,CUST000296,2024-12-03,717300.0,
TXN0000642,CUST000652,2025-10-05,5523300.0,
TXN0000643,CUST000507,2024-09-16,50417800.0,
TXN0000644,CUST000964,2025-12-05,893600.0,
TXN0000645,CUST001043,2025-04-11,43711300.0,
TXN0000646,CUST000550,2025-04-21,4819000.0,
TXN0000647,CUST000481,2024-05-15,6131000.0,
TXN0000648,CUST000767,2024-09-05,14177700.0,
TXN0000649,CUST000958,2024-07-26,3554600.0,
TXN0000650,CUST000479,2024-08-06,198900.0,
TXN0000651,CUST000604,2024-11-12,15921100.0,
TXN0000652,CUST000684,2025-06-26,3684900.0,
TXN0000653,CUST001113,2025-04-02,113700.0,
TXN0000654,CUST000710,2025-12-30,4184200.0,
TXN0000655,CUST000465,2023-09-25,3635100.0,CAMP0011
TXN0000656,CUST000879,2025-07-28,17795200.0,
TXN0000657,CUST000626,2025-06-22,606600.0,CAMP0022
TXN0000658,CUST000872,2025-07-05,3577000.0,
TXN0000659,CUST000677,2025-09-28,48605500.0,
TXN0000660,CUST000223,2024-10-13,6605300.0,
TXN0000661,CUST000383,2024-08-02,1491600.0,
TXN0000662,CUST000422,2025-03-13,32100000.0,
TXN0000663,CUST000352,2025-06-25,56842500.0,
TXN0000664,CUST000423,2024-01-31,11697000.0,
TXN0000665,CUST001178,2025-09-04,1412600.0,
TXN0000666,CUST000506,2025-06-30,2907300.0,CAMP0022
TXN0000667,CUST000711,2025-11-26,60763200.0,
TXN0000668,CUST000885,2025-06-24,9522600.0,
TXN0000669,CUST000324,2023-08-24,44283800.0,
TXN0000670,CUST000216,2025-05-28,1573900.0,
TXN0000671,CUST000150,2025-08-26,1296100.0,
TXN0000672,CUST000280,2024-08-27,24698400.0,
TXN0000673,CUST000331,2023-09-16,117900.0,CAMP0011
TXN0000674,CUST001095,2025-10-13,664300.0,
TXN0000675,CUST000315,2025-05-20,1798100.0,
TXN0000676,CUST001071,2023-04-18,5918200.0,
TXN0000677,CUST000512,2025-04-20,2438000.0,
TXN0000678,CUST000058,2025-04-17,496500.0,
TXN0000679,CUST000344,2023-03-21,75800.0,
TXN0000680,CUST000661,2025-12-08,7957600.0,
TXN0000681,CUST000248,2024-01-29,1890000.0,
TXN0000682,CUST000031,2024-05-27,6140100.0,
TXN0000683,CUST000571,2025-09-24,8646500.0,
TXN0000684,CUST000195,2025-08-09,5777500.0,
TXN0000685,CUST000652,2025-12-13,45522700.0,
TXN0000686,CUST000477,2023-05-15,19608700.0,CAMP0009
TXN0000687,CUST000770,2024-10-26,32253200.0,
TXN0000688,CUST000674,2024-06-14,3279300.0,
TXN0000689,CUST000470,2024-09-25,2269200.0,
TXN0000690,CUST000782,2025-03-14,2656700.0,CAMP0020
TXN0000691,CUST000107,2025-06-30,23133600.0,CAMP0022
TXN0000692,CUST000873,2025-08-08,3661000.0,
TXN0000693,CUST000621,2023-11-16,27164300.0,
TXN0000694,CUST000866,2025-10-19,64015300.0,
TXN0000695,CUST000527,2024-09-05,5084700.0,
TXN0000696,CUST000401,2024-06-03,9114000.0,
TXN0000697,CUST000829,2024-12-20,2606300.0,
TXN0000698,CUST000789,2025-10-23,9554400.0,
TXN0000699,CUST001044,2025-06-05,6294200.0,
TXN0000700,CUST000497,2025-03-11,2689800.0,
TXN0000701,CUST000303,2024-05-10,10067100.0,CAMP0015
TXN0000702,CUST001062,2023-07-17,3952900.0,
TXN0000703,CUST000183,2024-05-17,41623100.0,CAMP0015
TXN0000704,CUST001076,2025-03-12,22919300.0,CAMP0020
TXN0000705,CUST001030,2024-05-23,1057500.0,
TXN0000706,CUST000838,2025-05-21,3949600.0,CAMP0021
TXN0000707,CUST000979,2025-09-28,623300.0,
TXN0000708,CUST000545,2022-10-21,13166900.0,
TXN0000709,CUST000880,2025-08-13,1027800.0,
TXN0000710,CUST000776,2023-03-16,7201600.0,CAMP0008
TXN0000711,CUST001087,2025-03-18,3958400.0,
TXN0000712,CUST000007,2025-10-03,12383900.0,
TXN0000713,CUST000479,2025-10-29,31435000.0,
TXN0000714,CUST000294,2025-03-13,24350500.0,
TXN0000715,CUST001108,2025-07-27,3014000.0,
TXN0000716,CUST000891,2024-06-15,5817800.0,
TXN0000717,CUST000528,2025-08-25,35174900.0,
TXN0000718,CUST000133,2025-04-30,8837700.0,CAMP0021
TXN0000719,CUST000229,2024-10-30,33729200.0,
TXN0000720,CUST001182,2025-12-21,204100.0,
TXN0000721,CUST001097,2024-11-13,7526600.0,CAMP0018
TXN0000722,CUST000648,2023-07-04,9109600.0,CAMP0010
TXN0000723,CUST000656,2025-08-21,4836700.0,
TXN0000724,CUST000683,2024-01-17,1499900.0,
TXN0000725,CUST000803,2025-04-02,8424900.0,
TXN0000726,CUST000866,2025-08-15,37872300.0,
TXN0000727,CUST001123,2025-10-16,4457700.0,
TXN0000728,CUST001189,2023-11-29,854000.0,
TXN0000729,CUST000597,2025-07-09,2502700.0,
TXN0000730,CUST001179,2023-07-25,4733100.0,
TXN0000731,CUST000197,2025-03-28,37761900.0,CAMP0020
TXN0000732,CUST000494,2024-06-12,2910000.0,
TXN0000733,CUST000564,2025-11-28,25157200.0,
TXN0000734,CUST000048,2025-02-22,4939100.0,
TXN0000735,CUST000204,2025-04-23,114400.0,
TXN0000736,CUST000831,2025-12-03,46980400.0,
TXN0000737,CUST000131,2025-12-22,28062800.0,
TXN0000738,CUST000644,2024-07-27,21943600.0,
TXN0000739,CUST000331,2023-06-23,5362100.0,
TXN0000740,CUST000509,2024-08-22,1564500.0,
TXN0000741,CUST000912,2025-03-10,3321200.0,CAMP0020
TXN0000742,CUST000441,2023-06-17,3813600.0,
TXN0000743,CUST000782,2025-12-02,1063800.0,
TXN0000744,CUST000872,2025-07-14,650600.0,
TXN0000745,CUST000395,2025-08-09,26928600.0,
TXN0000746,CUST000648,2025-02-15,3889700.0,
TXN0000747,CUST000136,2025-05-29,8069400.0,
TXN0000748,CUST000300,2025-02-11,9339400.0,
TXN0000749,CUST000253,2024-05-05,1949700.0,CAMP0015
TXN0000750,CUST000371,2025-07-24,2576700.0,
TXN0000751,CUST000293,2025-06-07,15530400.0,
TXN0000752,CUST000960,2025-10-25,2778400.0,
TXN0000753,CUST000833,2024-04-30,337100.0,CAMP0015
TXN0000754,CUST000192,2025-05-02,7863900.0,
TXN0000755,CUST001091,2025-11-18,179700.0,
TXN0000756,CUST000015,2024-06-02,17275600.0,
TXN0000757,CUST000154,2024-10-14,6884700.0,
TXN0000758,CUST001015,2025-01-15,2593200.0,
TXN0000759,CUST000242,2025-07-19,24710500.0,
TXN0000760,CUST000446,2024-10-06,21571000.0,
TXN0000761,CUST000725,2023-12-14,1677800.0,
TXN0000762,CUST000824,2025-06-08,5791600.0,
TXN0000763,CUST001008,2023-09-07,1575600.0,
TXN0000764,CUST000842,2024-02-27,45449100.0,
TXN0000765,CUST000613,2025-03-06,2176400.0,CAMP0020
TXN0000766,CUST000012,2025-07-23,2486500.0,
TXN0000767,CUST000274,2025-03-17,10797800.0,
TXN0000768,CUST001127,2025-06-28,7430800.0,CAMP0022
TXN0000769,CUST000044,2025-04-19,11360400.0,
TXN0000770,CUST000107,2025-10-11,14956000.0,
TXN0000771,CUST000879,2024-02-09,19436900.0,
TXN0000772,CUST000971,2024-06-16,16678200.0,
TXN0000773,CUST000079,2024-02-17,3542100.0,
TXN0000774,CUST000187,2025-01-14,1624600.0,
TXN0000775,CUST001045,2024-10-22,473100.0,CAMP0018
TXN0000776,CUST000719,2025-11-28,3514600.0,
TXN0000777,CUST000435,2024-10-28,23407000.0,CAMP0018
TXN0000778,CUST000199,2024-05-30,16436900.0,
TXN0000779,CUST000179,2025-03-01,809500.0,
TXN0000780,CUST000391,2025-06-16,53363200.0,
TXN0000781,CUST001093,2023-01-08,21943600.0,
TXN0000782,CUST000518,2025-12-12,55207400.0,
TXN0000783,CUST000342,2025-03-03,1872300.0,
TXN0000784,CUST000815,2025-09-23,49263200.0,
TXN0000785,CUST000377,2024-05-30,1215100.0,
TXN0000786,CUST001032,2025-09-18,4739500.0,
TXN0000787,CUST000459,2024-12-29,34053000.0,
TXN0000788,CUST000431,2025-09-05,539400.0,
TXN0000789,CUST000756,2024-06-04,1583700.0,
TXN0000790,CUST000274,2025-03-24,8357100.0,
TXN0000791,CUST001101,2025-03-20,2689800.0,CAMP0020
TXN0000792,CUST000319,2025-02-07,7814200.0,
TXN0000793,CUST000192,2025-10-18,373000.0,
TXN0000794,CUST001167,2025-01-19,287700.0,
TXN0000795,CUST000334,2024-05-19,5546100.0,
TXN0000796,CUST000825,2024-07-01,53146700.0,CAMP0016
TXN0000797,CUST000549,2023-12-27,6324500.0,
TXN0000798,CUST000630,2025-05-26,22518800.0,CAMP0021
TXN0000799,CUST000211,2025-08-01,8295400.0,
TXN0000800,CUST000724,2025-10-22,2973700.0,
TXN0000801,CUST000226,2023-11-12,167100.0,CAMP0012
TXN0000802,CUST000243,2024-12-12,1489400.0,
TXN0000803,CUST000365,2025-01-16,22267500.0,CAMP0019
TXN0000804,CUST000756,2024-02-04,359600.0,
TXN0000805,CUST000301,2025-04-11,3997800.0,
TXN0000806,CUST000232,2025-06-24,34838200.0,CAMP0022
TXN0000807,CUST000869,2025-08-12,85720200.0,
TXN0000808,CUST001104,2025-04-30,7284300.0,CAMP0021
TXN0000809,CUST000417,2025-11-05,10759200.0,
TXN0000810,CUST000226,2022-12-10,37129400.0,
TXN0000811,CUST000497,2023-09-11,24260100.0,CAMP0011
TXN0000812,CUST000870,2025-09-05,96700.0,
TXN0000813,CUST000152,2025-12-01,7485700.0,
TXN0000814,CUST000307,2025-10-15,48437200.0,
TXN0000815,CUST000843,2025-10-18,779200.0,
TXN0000816,CUST000320,2024-09-11,554600.0,
TXN0000817,CUST000023,2024-06-18,5362200.0,
TXN0000818,CUST000557,2024-10-23,28601800.0,
TXN0000819,CUST000960,2025-09-29,880500.0,
TXN0000820,CUST000761,2025-12-09,2326900.0,
TXN0000821,CUST000491,2025-03-14,1615800.0,
TXN0000822,CUST000634,2024-11-08,1124000.0,CAMP0018
TXN0000823,CUST000018,2025-12-15,897400.0,
TXN0000824,CUST000729,2025-04-10,1050400.0,
TXN0000825,CUST001032,2023-05-03,5752800.0,
TXN0000826,CUST000162,2025-10-19,437200.0,
TXN0000827,CUST000289,2023-09-24,7375000.0,
TXN0000828,CUST000883,2023-01-06,30849100.0,
TXN0000829,CUST000293,2025-12-23,2034900.0,
TXN0000830,CUST000348,2024-12-14,7581300.0,
TXN0000831,CUST000183,2024-04-08,5474700.0,
TXN0000832,CUST000906,2023-09-19,2590000.0,CAMP0011
TXN0000833,CUST000822,2024-07-05,38391300.0,CAMP0016
TXN0000834,CUST000117,2025-05-14,26085400.0,
TXN0000835,CUST000192,2025-08-04,2816600.0,
TXN0000836,CUST000888,2025-05-31,3136200.0,CAMP0021
TXN0000837,CUST001117,2024-12-15,5029600.0,
TXN0000838,CUST000881,2025-03-12,2221600.0,CAMP0020
TXN0000839,CUST000172,2023-11-20,2004800.0,CAMP0012
TXN0000840,CUST000860,2025-12-30,2019700.0,
TXN0000841,CUST000190,2025-12-28,4715400.0,
TXN0000842,CUST001097,2024-10-14,1450900.0,
TXN0000843,CUST000664,2024-04-27,7744800.0,
TXN0000844,CUST001023,2024-06-25,270000.0,CAMP0016
TXN0000845,CUST000923,2025-04-14,2529800.0,
TXN0000846,CUST000774,2024-09-18,2640600.0,
TXN0000847,CUST000034,2024-05-28,2096000.0,
TXN0000848,CUST000841,2025-08-29,4761500.0,
TXN0000849,CUST000765,2024-01-02,5786500.0,
TXN0000850,CUST000213,2022-09-22,1953200.0,CAMP0005
TXN0000851,CUST000910,2025-10-10,39357600.0,
TXN0000852,CUST000962,2023-09-12,14774700.0,
TXN0000853,CUST001040,2024-04-06,25845600.0,
TXN0000854,CUST000850,2024-09-05,912800.0,
TXN0000855,CUST001063,2025-10-24,49150100.0,
TXN0000856,CUST001184,2025-03-26,2861400.0,
TXN0000857,CUST001060,2024-11-04,39351600.0,
TXN0000858,CUST000418,2025-02-08,1825600.0,
TXN0000859,CUST000024,2025-01-01,3240200.0,
TXN0000860,CUST000052,2024-12-08,2512700.0,
TXN0000861,CUST001097,2025-01-09,17017500.0,CAMP0019
TXN0000862,CUST000220,2023-09-15,2636900.0,
TXN0000863,CUST000426,2024-11-10,219500.0,
TXN0000864,CUST000997,2024-08-30,2385200.0,
TXN0000865,CUST000924,2025-02-12,699100.0,
TXN0000866,CUST000241,2024-02-20,13226600.0,
TXN0000867,CUST000250,2025-03-08,19567600.0,CAMP0020
TXN0000868,CUST000451,2025-05-08,1583200.0,
TXN0000869,CUST000714,2025-09-04,8834100.0,
TXN0000870,CUST000576,2025-05-01,2623800.0,CAMP0021
TXN0000871,CUST001000,2025-05-22,5127500.0,
TXN0000872,CUST000766,2025-07-03,1122200.0,
TXN0000873,CUST001048,2024-07-02,4639000.0,
TXN0000874,CUST000880,2025-12-07,1462100.0,
TXN0000875,CUST000762,2025-08-23,1120200.0,
TXN0000876,CUST000023,2024-02-01,2145500.0,
TXN0000877,CUST001151,2023-02-03,971700.0,
TXN0000878,CUST001176,2025-10-09,8000100.0,
TXN0000879,CUST000096,2024-06-19,7260300.0,
TXN0000880,CUST000584,2022-08-10,6648800.0,
TXN0000881,CUST000851,2023-11-25,36109200.0,
TXN0000882,CUST000097,2025-07-05,1943100.0,CAMP0022
TXN0000883,CUST000022,2025-06-25,27086800.0,CAMP0022
TXN0000884,CUST000392,2025-11-02,4382400.0,CAMP0024
TXN0000885,CUST000154,2024-07-01,14449800.0,
TXN0000886,CUST000246,2023-05-10,15219200.0,
TXN0000887,CUST001184,2025-07-04,57106800.0,CAMP0022
TXN0000888,CUST000422,2024-10-05,172600.0,
TXN0000889,CUST000436,2023-09-25,2555800.0,CAMP0011
TXN0000890,CUST001081,2025-04-28,704600.0,CAMP0021
TXN0000891,CUST000790,2025-09-05,24465000.0,CAMP0023
TXN0000892,CUST000226,2023-12-15,195600.0,
TXN0000893,CUST000547,2023-12-27,3820300.0,
TXN0000894,CUST000309,2025-07-30,55564300.0,
TXN0000895,CUST000866,2024-01-21,2710600.0,
TXN0000896,CUST000224,2025-04-20,241200.0,
TXN0000897,CUST000228,2023-11-11,2104400.0,
TXN0000898,CUST000489,2023-11-21,16456000.0,
TXN0000899,CUST000550,2025-01-23,9547500.0,
TXN0000900,CUST000590,2022-05-01,354800.0,
TXN0000901,CUST000626,2025-10-18,3068100.0,
TXN0000902,CUST000384,2025-07-05,20256900.0,
TXN0000903,CUST000158,2023-04-11,365400.0,
TXN0000904,CUST001195,2022-10-12,5092400.0,
TXN0000905,CUST000193,2023-10-22,29524700.0,
TXN0000906,CUST000520,2025-05-04,15441900.0,CAMP0021
TXN0000907,CUST000452,2025-12-30,603300.0,
TXN0000908,CUST001183,2025-12-29,12171100.0,
TXN0000909,CUST001080,2025-02-25,4429800.0,CAMP0020
TXN0000910,CUST001187,2025-07-14,44663000.0,
TXN0000911,CUST000226,2022-08-27,11044300.0,
TXN0000912,CUST000998,2025-04-10,609300.0,
TXN0000913,CUST000930,2024-08-22,226600.0,
TXN0000914,CUST000011,2025-10-01,5913200.0,
TXN0000915,CUST000581,2025-01-06,17733600.0,
TXN0000916,CUST000727,2025-02-09,20178900.0,
TXN0000917,CUST000661,2023-07-26,9928800.0,
TXN0000918,CUST000617,2024-07-06,151600.0,
TXN0000919,CUST000770,2025-06-21,47866000.0,
TXN0000920,CUST001032,2024-10-10,1447500.0,
TXN0000921,CUST000863,2022-11-04,2395900.0,CAMP0006
TXN0000922,CUST000110,2024-08-07,830100.0,
TXN0000923,CUST001061,2025-04-22,1337300.0,
TXN0000924,CUST000554,2025-11-16,8987800.0,
TXN0000925,CUST001159,2025-06-20,2635600.0,
TXN0000926,CUST001015,2024-05-11,444600.0,
TXN0000927,CUST000014,2025-11-13,11550900.0,
TXN0000928,CUST000507,2024-12-02,2205900.0,
TXN0000929,CUST001036,2025-02-14,2642300.0,
TXN0000930,CUST000900,2025-12-12,22255800.0,
TXN0000931,CUST000976,2025-04-10,33497500.0,
TXN0000932,CUST000802,2025-04-30,13802000.0,
TXN0000933,CUST000304,2024-09-13,2841900.0,CAMP0017
TXN0000934,CUST000088,2025-01-11,948300.0,
TXN0000935,CUST000733,2025-12-11,26443300.0,
TXN0000936,CUST000942,2025-08-19,26846000.0,
TXN0000937,CUST000140,2025-08-23,20379900.0,
TXN0000938,CUST001198,2025-07-19,8115400.0,
TXN0000939,CUST000976,2024-05-24,16625000.0,
TXN0000940,CUST000861,2025-06-09,20447700.0,
TXN0000941,CUST000235,2024-01-28,1086900.0,
TXN0000942,CUST000061,2025-01-04,5524800.0,CAMP0019
TXN0000943,CUST000897,2024-05-16,452800.0,CAMP0015
TXN0000944,CUST000198,2023-06-05,11966500.0,
TXN0000945,CUST000737,2025-08-07,44453400.0,
TXN0000946,CUST001169,2025-07-09,36380100.0,
TXN0000947,CUST001166,2024-06-03,559400.0,
TXN0000948,CUST001022,2025-02-07,578400.0,
TXN0000949,CUST000047,2024-05-25,2536800.0,
TXN0000950,CUST000154,2025-04-04,8555300.0,
TXN0000951,CUST000062,2022-06-12,3522900.0,
TXN0000952,CUST000419,2025-12-02,11455500.0,
TXN0000953,CUST000709,2024-12-03,15998700.0,
TXN0000954,CUST000214,2023-05-18,7995500.0,CAMP0009
TXN0000955,CUST000054,2025-07-21,355900.0,
TXN0000956,CUST001132,2025-12-11,2187200.0,
TXN0000957,CUST000257,2024-12-09,78988300.0,
TXN0000958,CUST000703,2025-08-02,16126600.0,
TXN0000959,CUST000189,2025-11-18,12997600.0,
TXN0000960,CUST001099,2025-11-08,2508600.0,
TXN0000961,CUST000157,2025-01-21,14916000.0,
TXN0000962,CUST000644,2025-03-17,4729900.0,CAMP0020
TXN0000963,CUST001014,2025-07-04,2506200.0,
TXN0000964,CUST000501,2025-03-06,3505100.0,
TXN0000965,CUST000996,2024-04-06,395600.0,
TXN0000966,CUST001067,2023-12-30,4717300.0,
TXN0000967,CUST000902,2025-09-16,39217500.0,
TXN0000968,CUST000174,2023-11-07,9495100.0,
TXN0000969,CUST000460,2025-02-06,24783600.0,
TXN0000970,CUST000054,2025-12-07,2032700.0,
TXN0000971,CUST001134,2024-08-31,19087100.0,
TXN0000972,CUST000488,2024-10-23,1411200.0,CAMP0018
TXN0000973,CUST001112,2024-05-22,3231000.0,
TXN0000974,CUST000026,2023-02-20,30641700.0,
TXN0000975,CUST000948,2024-06-02,5962700.0,
TXN0000976,CUST001187,2023-01-23,8197700.0,
TXN0000977,CUST000529,2023-09-17,25538200.0,CAMP0011
TXN0000978,CUST000378,2025-12-29,14267700.0,
TXN0000979,CUST000724,2025-09-23,385600.0,
TXN0000980,CUST000717,2024-10-16,852000.0,
TXN0000981,CUST000232,2025-12-12,16126600.0,
TXN0000982,CUST000668,2025-10-30,1333400.0,CAMP0024
TXN0000983,CUST000687,2025-09-26,2301200.0,
TXN0000984,CUST000092,2025-02-17,1083700.0,
TXN0000985,CUST000642,2025-05-05,26981000.0,
TXN0000986,CUST000460,2025-12-08,6177100.0,
TXN0000987,CUST000400,2025-11-27,10848600.0,
TXN0000988,CUST000840,2025-07-13,17600.0,
TXN0000989,CUST000742,2025-04-03,49740700.0,
TXN0000990,CUST000700,2024-09-11,1694800.0,
TXN0000991,CUST000304,2025-06-20,2954000.0,CAMP0022
TXN0000992,CUST000207,2023-07-18,5440300.0,
TXN0000993,CUST000150,2023-10-22,46183500.0,
TXN0000994,CUST000690,2024-11-13,8389600.0,
TXN0000995,CUST000276,2023-07-03,26358400.0,CAMP0010
TXN0000996,CUST000199,2025-01-09,4487200.0,CAMP0019
TXN0000997,CUST000294,2022-07-07,17885400.0,
TXN0000998,CUST000204,2025-05-15,3355000.0,CAMP0021
TXN0000999,CUST000591,2024-09-26,20538500.0,
TXN0001000,CUST001106,2025-06-20,2024100.0,CAMP0022
TXN0001001,CUST000912,2025-09-21,797300.0,
TXN0001002,CUST000911,2025-09-23,13772100.0,
TXN0001003,CUST000153,2025-07-01,36590200.0,
TXN0001004,CUST001051,2025-12-25,685200.0,
TXN0001005,CUST000079,2025-01-09,4151700.0,CAMP0019
TXN0001006,CUST000017,2024-03-31,4835800.0,CAMP0014
TXN0001007,CUST000993,2024-02-14,5128000.0,
TXN0001008,CUST000138,2025-09-20,32155600.0,
TXN0001009,CUST001087,2025-09-27,988100.0,
TXN0001010,CUST001004,2025-06-24,48583800.0,CAMP0022
TXN0001011,CUST000238,2023-02-21,91890400.0,
TXN0001012,CUST000844,2025-02-14,1148700.0,
TXN0001013,CUST001040,2024-01-27,45006600.0,
TXN0001014,CUST000871,2025-02-27,5361300.0,CAMP0020
TXN0001015,CUST000454,2025-04-23,650600.0,
TXN0001016,CUST000265,2025-12-12,6841200.0,
TXN0001017,CUST000185,2025-07-06,610000.0,
TXN0001018,CUST000322,2025-11-09,12233000.0,
TXN0001019,CUST000074,2023-09-14,3306100.0,
TXN0001020,CUST000507,2024-09-06,6203000.0,
TXN0001021,CUST000157,2025-01-29,8953000.0,
TXN0001022,CUST000663,2025-05-10,5699600.0,
TXN0001023,CUST000456,2025-09-12,48307700.0,
TXN0001024,CUST000764,2025-08-21,10982100.0,
TXN0001025,CUST001154,2024-05-09,10770900.0,CAMP0015
TXN0001026,CUST000512,2024-11-22,1695400.0,CAMP0018
TXN0001027,CUST000517,2024-12-16,8679300.0,
TXN0001028,CUST000550,2025-08-10,11298100.0,
TXN0001029,CUST000483,2024-08-08,40738900.0,
TXN0001030,CUST000261,2022-10-15,3486800.0,
TXN0001031,CUST000233,2023-12-13,9565000.0,
TXN0001032,CUST000019,2024-03-27,9150300.0,
TXN0001033,CUST000556,2025-10-11,3587900.0,
TXN0001034,CUST001072,2025-07-31,5413500.0,
TXN0001035,CUST001074,2025-10-27,3379300.0,CAMP0024
TXN0001036,CUST000409,2025-03-31,2071300.0,CAMP0020
TXN0001037,CUST000395,2024-12-27,3985900.0,
TXN0001038,CUST000415,2023-08-01,14500200.0,
TXN0001039,CUST001179,2025-06-10,6782300.0,
TXN0001040,CUST000188,2025-12-20,3098200.0,
TXN0001041,CUST000663,2024-11-13,47866000.0,
TXN0001042,CUST000967,2025-04-21,2892800.0,
TXN0001043,CUST000972,2024-06-01,3830700.0,
TXN0001044,CUST000569,2024-11-13,9385300.0,CAMP0018
TXN0001045,CUST000955,2025-11-18,7585900.0,CAMP0024
TXN0001046,CUST000402,2025-02-23,3255000.0,
TXN0001047,CUST000520,2025-09-22,353700.0,
TXN0001048,CUST000069,2025-03-22,2317700.0,
TXN0001049,CUST001172,2025-10-25,761600.0,
TXN0001050,CUST000970,2025-11-16,29807700.0,
TXN0001051,CUST000245,2025-06-09,859800.0,
TXN0001052,CUST000649,2024-07-16,22010800.0,
TXN0001053,CUST000547,2024-02-21,2576300.0,
TXN0001054,CUST001036,2024-12-06,1550700.0,
TXN0001055,CUST001149,2025-09-27,882400.0,
TXN0001056,CUST001164,2025-10-16,2505200.0,
TXN0001057,CUST000181,2023-05-25,165600.0,CAMP0009
TXN0001058,CUST000347,2023-11-11,779000.0,
TXN0001059,CUST000506,2025-03-10,2302300.0,
TXN0001060,CUST000365,2024-03-16,2588600.0,
TXN0001061,CUST000559,2025-10-25,3380700.0,CAMP0024
TXN0001062,CUST000728,2025-11-20,5223500.0,
TXN0001063,CUST001199,2025-03-11,2704400.0,CAMP0020
TXN0001064,CUST000425,2024-12-30,25779100.0,
TXN0001065,CUST001059,2025-06-21,57465300.0,
TXN0001066,CUST000735,2022-07-30,8330100.0,
TXN0001067,CUST000206,2023-06-22,1308000.0,
TXN0001068,CUST000935,2025-10-14,22165000.0,
TXN0001069,CUST000615,2024-04-02,2841600.0,
TXN0001070,CUST001183,2025-10-03,14729700.0,
TXN0001071,CUST000186,2024-07-24,45094800.0,
TXN0001072,CUST000944,2022-06-13,400500.0,
TXN0001073,CUST000165,2025-06-18,6298000.0,CAMP0022
TXN0001074,CUST000011,2025-10-25,50690800.0,
TXN0001075,CUST000968,2025-08-19,37113200.0,
TXN0001076,CUST000580,2025-11-19,48112900.0,
TXN0001077,CUST000365,2023-12-17,3640000.0,
TXN0001078,CUST000472,2025-06-05,3703400.0,
TXN0001079,CUST000369,2025-04-18,1039200.0,
TXN0001080,CUST000072,2025-05-17,1226500.0,
TXN0001081,CUST000208,2025-11-17,49781600.0,
TXN0001082,CUST000823,2025-08-07,1892400.0,
TXN0001083,CUST000530,2025-12-06,1109200.0,
TXN0001084,CUST001029,2025-07-26,20421700.0,
TXN0001085,CUST000308,2023-05-12,8213700.0,
TXN0001086,CUST000082,2023-10-18,6147400.0,
TXN0001087,CUST000049,2024-09-06,2636100.0,
TXN0001088,CUST000610,2024-06-23,2971000.0,
TXN0001089,CUST001011,2025-09-16,23069200.0,
TXN0001090,CUST000157,2025-06-08,13916600.0,
TXN0001091,CUST000692,2025-12-28,9213500.0,
TXN0001092,CUST000888,2025-04-18,4077500.0,
TXN0001093,CUST000101,2024-10-18,10662700.0,
TXN0001094,CUST000584,2024-01-14,152200.0,CAMP0013
TXN0001095,CUST000266,2025-01-17,11218500.0,CAMP0019
TXN0001096,CUST000453,2023-03-12,2990100.0,CAMP0008
TXN0001097,CUST000911,2024-12-10,12176900.0,
TXN0001098,CUST000067,2025-12-28,45292900.0,
TXN0001099,CUST000646,2025-06-24,15917900.0,
TXN0001100,CUST000048,2025-08-10,33153400.0,
TXN0001101,CUST000253,2024-02-15,3210400.0,
TXN0001102,CUST001127,2025-05-15,3030000.0,
TXN0001103,CUST000651,2025-07-18,41403900.0,
TXN0001104,CUST000820,2024-11-02,178500.0,
TXN0001105,CUST000353,2025-11-16,1988800.0,
TXN0001106,CUST000841,2025-06-06,6480400.0,
TXN0001107,CUST000284,2025-11-08,2487900.0,
TXN0001108,CUST000759,2025-04-01,9194800.0,
TXN0001109,CUST000968,2025-05-21,2950100.0,
TXN0001110,CUST000909,2024-01-04,3653900.0,
TXN0001111,CUST000327,2024-05-11,14522800.0,
TXN0001112,CUST000533,2025-11-07,117900.0,
TXN0001113,CUST000123,2025-03-27,8032200.0,CAMP0020
TXN0001114,CUST001188,2022-09-24,2317400.0,
TXN0001115,CUST000989,2024-04-30,2076300.0,
TXN0001116,CUST000533,2025-07-30,2788300.0,
TXN0001117,CUST000074,2025-10-12,11226000.0,
TXN0001118,CUST000453,2024-11-30,13401600.0,
TXN0001119,CUST000264,2023-10-19,5319100.0,CAMP0011
TXN0001120,CUST000977,2025-08-06,23175600.0,
TXN0001121,CUST001072,2025-10-26,17028000.0,CAMP0024
TXN0001122,CUST000702,2023-07-22,5772300.0,
TXN0001123,CUST000731,2025-12-05,5759400.0,
TXN0001124,CUST000817,2025-08-17,262600.0,
TXN0001125,CUST000556,2025-10-27,6859300.0,CAMP0024
TXN0001126,CUST000364,2025-06-07,3289800.0,
TXN0001127,CUST000467,2023-10-28,8506000.0,
TXN0001128,CUST000239,2024-09-13,4411800.0,CAMP0017
TXN0001129,CUST000998,2025-04-22,11858000.0,
TXN0001130,CUST000555,2025-03-30,1689400.0,
TXN0001131,CUST000614,2024-01-30,16778000.0,
TXN0001132,CUST000014,2025-07-11,2832000.0,
TXN0001133,CUST001104,2023-05-12,1650600.0,
TXN0001134,CUST000656,2025-12-16,14842200.0,
TXN0001135,CUST000812,2023-05-26,16050400.0,
TXN0001136,CUST000971,2025-11-02,11134000.0,CAMP0024
TXN0001137,CUST000646,2025-06-22,59614300.0,CAMP0022
TXN0001138,CUST000725,2025-06-18,1190400.0,CAMP0022
TXN0001139,CUST000604,2024-02-23,27086800.0,
TXN0001140,CUST000784,2025-05-25,14435800.0,CAMP0021
TXN0001141,CUST000963,2024-06-19,3638100.0,
TXN0001142,CUST000702,2023-11-04,9310900.0,
TXN0001143,CUST000613,2025-10-06,11089800.0,
TXN0001144,CUST000672,2025-11-07,7822600.0,
TXN0001145,CUST000914,2024-04-16,14677400.0,
TXN0001146,CUST000742,2024-05-29,1909300.0,
TXN0001147,CUST000288,2024-07-29,5542400.0,
TXN0001148,CUST000066,2025-03-08,446800.0,
TXN0001149,CUST001144,2023-09-21,11122800.0,
TXN0001150,CUST000312,2025-08-13,2206200.0,
TXN0001151,CUST000044,2025-09-07,7646700.0,CAMP0023
TXN0001152,CUST001197,2025-09-17,520800.0,
TXN0001153,CUST000387,2025-02-17,197400.0,
TXN0001154,CUST001093,2025-07-14,32915400.0,
TXN0001155,CUST000142,2025-01-12,28958900.0,
TXN0001156,CUST000556,2025-05-16,1860800.0,CAMP0021
TXN0001157,CUST000053,2024-09-23,4445600.0,
TXN0001158,CUST000818,2024-01-28,237300.0,
TXN0001159,CUST000359,2025-07-19,11407300.0,
TXN0001160,CUST000431,2025-12-30,639000.0,
TXN0001161,CUST000979,2025-06-02,8650600.0,
TXN0001162,CUST000134,2024-10-11,14721700.0,
TXN0001163,CUST000563,2025-09-03,5282500.0,
TXN0001164,CUST000288,2025-07-23,334800.0,
TXN0001165,CUST000601,2024-05-05,4568100.0,CAMP0015
TXN0001166,CUST000627,2025-01-11,20802000.0,CAMP0019
TXN0001167,CUST000071,2023-06-14,5225400.0,
TXN0001168,CUST000715,2025-01-06,570800.0,CAMP0019
TXN0001169,CUST000952,2025-07-08,29614400.0,
TXN0001170,CUST000662,2025-11-21,3919000.0,
TXN0001171,CUST000293,2025-03-21,231600.0,CAMP0020
TXN0001172,CUST000512,2025-02-03,27120200.0,
TXN0001173,CUST000270,2025-08-18,7611700.0,
TXN0001174,CUST000374,2025-05-17,1041200.0,CAMP0021
TXN0001175,CUST001172,2025-05-03,47431600.0,
TXN0001176,CUST001118,2025-04-03,1411200.0,
TXN0001177,CUST000691,2024-05-12,3183000.0,
TXN0001178,CUST000539,2023-09-16,1416200.0,
TXN0001179,CUST000228,2023-08-02,37108000.0,
TXN0001180,CUST000291,2025-01-02,2256300.0,
TXN0001181,CUST000311,2025-02-06,9259300.0,
TXN0001182,CUST000340,2025-06-24,16115800.0,CAMP0022
TXN0001183,CUST000608,2025-01-11,34331100.0,CAMP0019
TXN0001184,CUST000122,2024-11-04,24780600.0,CAMP0018
TXN0001185,CUST000859,2025-10-02,9800900.0,
TXN0001186,CUST000422,2025-10-15,703700.0,
TXN0001187,CUST000241,2025-02-18,3154400.0,
TXN0001188,CUST000612,2025-12-30,2484000.0,
TXN0001189,CUST000315,2024-05-06,1651900.0,
TXN0001190,CUST000345,2025-06-28,5707400.0,
TXN0001191,CUST001013,2025-09-13,3546300.0,
TXN0001192,CUST000515,2024-06-29,1254300.0,
TXN0001193,CUST000995,2024-07-16,52333000.0,
TXN0001194,CUST000087,2025-06-25,170900.0,
TXN0001195,CUST000241,2023-07-21,2027300.0,
TXN0001196,CUST000712,2025-10-20,4653300.0,
TXN0001197,CUST000050,2025-07-13,4812200.0,
TXN0001198,CUST000735,2024-06-17,10283200.0,
TXN0001199,CUST000539,2025-09-08,5537200.0,
TXN0001200,CUST000353,2025-05-12,26963400.0,
TXN0001201,CUST000467,2024-03-25,7989400.0,
TXN0001202,CUST000784,2025-01-19,5556700.0,
TXN0001203,CUST000346,2024-12-30,1494600.0,
TXN0001204,CUST001037,2024-09-14,8924000.0,
TXN0001205,CUST000299,2025-11-03,361000.0,
TXN0001206,CUST000602,2025-02-22,23743400.0,CAMP0020
TXN0001207,CUST000503,2025-02-10,9152500.0,
TXN0001208,CUST000899,2024-11-21,6391300.0,
TXN0001209,CUST000747,2024-01-01,2191700.0,
TXN0001210,CUST001186,2025-05-22,852000.0,
TXN0001211,CUST000215,2025-08-30,11563500.0,
TXN0001212,CUST001019,2025-09-14,19000800.0,
TXN0001213,CUST000303,2023-04-01,3275400.0,
TXN0001214,CUST000274,2025-03-17,4101900.0,CAMP0020
TXN0001215,CUST000296,2025-06-10,6815900.0,
TXN0001216,CUST000734,2025-12-23,353800.0,
TXN0001217,CUST001085,2024-11-09,3343800.0,CAMP0018
TXN0001218,CUST000245,2025-08-18,231600.0,
TXN0001219,CUST001176,2025-12-28,4970300.0,
TXN0001220,CUST000638,2024-07-10,22607700.0,CAMP0016
TXN0001221,CUST000411,2025-01-26,2133900.0,
TXN0001222,CUST001073,2024-03-02,117900.0,
TXN0001223,CUST001141,2024-03-20,3582000.0,CAMP0014
TXN0001224,CUST001164,2025-06-01,8867000.0,
TXN0001225,CUST000199,2024-10-22,7094700.0,
TXN0001226,CUST000639,2024-04-04,1677800.0,
TXN0001227,CUST000343,2024-11-13,43520500.0,
TXN0001228,CUST001136,2024-09-23,5972600.0,
TXN0001229,CUST000828,2022-08-30,19763800.0,
TXN0001230,CUST001080,2025-09-12,70023400.0,
TXN0001231,CUST000406,2024-09-17,14311000.0,
TXN0001232,CUST000659,2025-04-07,21430700.0,
TXN0001233,CUST000183,2024-12-06,1818800.0,
TXN0001234,CUST000386,2024-12-16,13914600.0,
TXN0001235,CUST000937,2024-04-22,2286400.0,CAMP0015
TXN0001236,CUST000093,2025-07-09,11594300.0,
TXN0001237,CUST000493,2024-04-21,14638000.0,
TXN0001238,CUST000092,2024-12-10,6727200.0,
TXN0001239,CUST001169,2025-11-07,1612600.0,
TXN0001240,CUST000773,2025-05-13,4102900.0,CAMP0021
TXN0001241,CUST000264,2024-03-23,103200.0,CAMP0014
TXN0001242,CUST000137,2023-07-30,8051500.0,
TXN0001243,CUST000223,2025-12-30,343200.0,
TXN0001244,CUST000178,2025-09-02,45316600.0,CAMP0023
TXN0001245,CUST000378,2024-04-23,334400.0,
TXN0001246,CUST000898,2023-03-27,4351800.0,
TXN0001247,CUST000313,2024-05-14,14791900.0,CAMP0015
TXN0001248,CUST001036,2022-12-29,871000.0,
TXN0001249,CUST000899,2022-09-16,10351300.0,CAMP0005
TXN0001250,CUST000840,2025-12-20,24050400.0,
TXN0001251,CUST000781,2022-11-26,9034600.0,CAMP0006
TXN0001252,CUST000921,2025-12-15,957300.0,
TXN0001253,CUST000932,2024-12-26,678400.0,CAMP0019
TXN0001254,CUST000796,2025-07-16,6844900.0,
TXN0001255,CUST000295,2023-07-08,11582800.0,
TXN0001256,CUST000856,2025-06-12,17259700.0,
TXN0001257,CUST001086,2025-04-12,1226600.0,
TXN0001258,CUST000949,2025-02-25,2105300.0,
TXN0001259,CUST000927,2025-05-12,10709000.0,CAMP0021
TXN0001260,CUST000791,2025-03-07,782000.0,
TXN0001261,CUST000406,2023-12-01,4710400.0,
TXN0001262,CUST000134,2023-10-20,623300.0,
TXN0001263,CUST000679,2024-04-06,2508000.0,CAMP0014
TXN0001264,CUST001195,2025-04-11,1949200.0,
TXN0001265,CUST000851,2022-11-16,18083800.0,
TXN0001266,CUST000199,2024-06-26,9089200.0,CAMP0016
TXN0001267,CUST000743,2025-04-29,8346300.0,CAMP0021
TXN0001268,CUST000807,2025-05-05,325200.0,
TXN0001269,CUST000657,2023-12-29,70400.0,CAMP0013
TXN0001270,CUST000347,2024-11-08,28803100.0,
TXN0001271,CUST000107,2025-08-19,18700000.0,
TXN0001272,CUST000939,2023-03-22,4965800.0,CAMP0008
TXN0001273,CUST000779,2025-08-13,165300.0,
TXN0001274,CUST000769,2025-08-23,26675000.0,
TXN0001275,CUST000536,2025-10-03,714200.0,
TXN0001276,CUST000922,2025-12-25,27622200.0,
TXN0001277,CUST001043,2024-11-29,10971800.0,CAMP0018
TXN0001278,CUST000765,2023-05-18,8292800.0,CAMP0009
TXN0001279,CUST000699,2025-10-10,6048700.0,
TXN0001280,CUST000409,2025-03-24,2739600.0,CAMP0020
TXN0001281,CUST000793,2025-05-28,12631100.0,CAMP0021
TXN0001282,CUST000163,2023-08-29,1097700.0,
TXN0001283,CUST000156,2024-12-08,26541000.0,
TXN0001284,CUST000608,2025-08-15,1952600.0,
TXN0001285,CUST001087,2024-10-29,411700.0,CAMP0018
TXN0001286,CUST000881,2024-02-03,5812500.0,
TXN0001287,CUST000924,2025-05-24,2204700.0,CAMP0021
TXN0001288,CUST000840,2025-10-27,19621400.0,
TXN0001289,CUST000286,2025-09-02,10007000.0,
TXN0001290,CUST000377,2025-01-04,2453600.0,
TXN0001291,CUST000555,2024-10-22,7245600.0,CAMP0018
TXN0001292,CUST000467,2023-07-10,15635200.0,
TXN0001293,CUST000138,2025-06-26,36365400.0,CAMP0022
TXN0001294,CUST000325,2025-01-30,7040700.0,
TXN0001295,CUST000699,2025-05-14,12313900.0,
TXN0001296,CUST000855,2025-07-03,3900800.0,
TXN0001297,CUST000976,2024-02-26,4467500.0,
TXN0001298,CUST001001,2025-07-30,11078900.0,
TXN0001299,CUST001084,2025-06-15,8691900.0,
TXN0001300,CUST000746,2025-03-26,10239100.0,
TXN0001301,CUST000656,2025-10-05,785800.0,
TXN0001302,CUST000125,2025-08-25,1911300.0,
TXN0001303,CUST000867,2025-05-09,113700.0,CAMP0021
TXN0001304,CUST000052,2024-08-26,17098600.0,
TXN0001305,CUST000221,2025-01-29,3807600.0,
TXN0001306,CUST000035,2024-05-23,6431200.0,CAMP0015
TXN0001307,CUST000769,2025-12-11,924800.0,
TXN0001308,CUST000664,2024-10-06,22055500.0,
TXN0001309,CUST000664,2025-09-19,7467100.0,
TXN0001310,CUST001071,2023-08-20,9854400.0,
TXN0001311,CUST000167,2025-07-04,4746300.0,
TXN0001312,CUST001123,2025-05-13,4189000.0,CAMP0021
TXN0001313,CUST001143,2025-03-25,484000.0,
TXN0001314,CUST000087,2023-05-03,46957200.0,
TXN0001315,CUST000794,2025-11-06,12480900.0,CAMP0024
TXN0001316,CUST000428,2024-04-29,7786100.0,
TXN0001317,CUST000577,2023-12-10,13228600.0,
TXN0001318,CUST000805,2025-02-25,6037800.0,CAMP0020
TXN0001319,CUST000219,2024-01-08,1408700.0,CAMP0013
TXN0001320,CUST000471,2025-11-17,4480000.0,
TXN0001321,CUST000684,2025-06-28,43151300.0,
TXN0001322,CUST000509,2024-01-07,15023500.0,CAMP0013
TXN0001323,CUST000200,2022-07-19,1592000.0,CAMP0004
TXN0001324,CUST000610,2024-06-22,946200.0,CAMP0016
TXN0001325,CUST000247,2025-04-10,8085400.0,
TXN0001326,CUST000047,2025-09-27,4918600.0,
TXN0001327,CUST001019,2025-06-25,5268000.0,
TXN0001328,CUST000416,2025-08-20,487800.0,
TXN0001329,CUST000386,2024-04-20,3154500.0,
TXN0001330,CUST000587,2024-12-21,578400.0,
TXN0001331,CUST000935,2025-02-08,22935900.0,
TXN0001332,CUST001189,2024-11-19,46997800.0,CAMP0018
TXN0001333,CUST000178,2025-12-08,84215000.0,
TXN0001334,CUST000088,2024-12-30,8912800.0,
TXN0001335,CUST000230,2025-02-12,11730800.0,
TXN0001336,CUST000240,2025-09-17,6606500.0,
TXN0001337,CUST000836,2023-06-15,896800.0,
TXN0001338,CUST000386,2022-12-28,5883800.0,
TXN0001339,CUST001110,2025-07-30,244600.0,
TXN0001340,CUST000034,2023-08-24,2529900.0,
TXN0001341,CUST000927,2024-11-07,5604000.0,CAMP0018
TXN0001342,CUST000980,2023-03-20,5888100.0,
TXN0001343,CUST000201,2025-01-20,16517600.0,
TXN0001344,CUST000517,2025-09-12,2674600.0,
TXN0001345,CUST000193,2024-10-19,1930500.0,
TXN0001346,CUST000444,2025-04-25,24662900.0,
TXN0001347,CUST001158,2024-06-05,9460200.0,
TXN0001348,CUST000082,2024-09-28,11557800.0,
TXN0001349,CUST000012,2025-08-07,8393000.0,
TXN0001350,CUST000458,2025-09-15,18498500.0,
TXN0001351,CUST000898,2025-03-20,15901000.0,
TXN0001352,CUST000572,2025-04-03,18218400.0,
TXN0001353,CUST000282,2022-10-25,110400.0,
TXN0001354,CUST001169,2025-02-12,24507900.0,
TXN0001355,CUST000979,2025-02-26,1485500.0,CAMP0020
TXN0001356,CUST000616,2024-05-21,4319700.0,CAMP0015
TXN0001357,CUST000655,2025-06-27,4913900.0,CAMP0022
TXN0001358,CUST000300,2024-11-02,33906500.0,
TXN0001359,CUST000833,2022-11-29,22967700.0,
TXN0001360,CUST000461,2025-10-06,3057800.0,
TXN0001361,CUST000495,2025-06-27,6910600.0,
TXN0001362,CUST000082,2025-03-09,46998000.0,
TXN0001363,CUST000963,2025-10-08,2313200.0,
TXN0001364,CUST001003,2024-05-20,7288300.0,
TXN0001365,CUST000664,2023-11-21,22104900.0,
TXN0001366,CUST000286,2025-08-22,5884200.0,
TXN0001367,CUST000948,2025-10-30,1909400.0,
TXN0001368,CUST000691,2024-05-09,62203500.0,CAMP0015
TXN0001369,CUST000518,2025-01-21,45237100.0,
TXN0001370,CUST001128,2025-08-09,8169300.0,
TXN0001371,CUST000876,2025-08-11,10285500.0,
TXN0001372,CUST000371,2025-05-28,13294200.0,CAMP0021
TXN0001373,CUST000867,2023-12-18,806200.0,
TXN0001374,CUST000021,2024-04-29,2303400.0,CAMP0015
TXN0001375,CUST001132,2025-10-07,9229200.0,
TXN0001376,CUST000352,2025-07-24,1597600.0,
TXN0001377,CUST000187,2025-10-07,6226000.0,
TXN0001378,CUST000356,2025-12-16,1465200.0,
TXN0001379,CUST000632,2025-03-06,8924000.0,CAMP0020
TXN0001380,CUST000779,2025-05-11,14314700.0,
TXN0001381,CUST000421,2025-01-06,1091600.0,
TXN0001382,CUST000425,2024-04-20,1576700.0,
TXN0001383,CUST000778,2025-07-02,4281900.0,
TXN0001384,CUST000737,2024-07-01,878000.0,
TXN0001385,CUST000869,2025-01-23,16290700.0,
TXN0001386,CUST000346,2024-05-31,5077000.0,
TXN0001387,CUST000185,2025-04-08,488300.0,
TXN0001388,CUST000513,2024-06-20,10297100.0,CAMP0016
TXN0001389,CUST000475,2023-11-05,10172400.0,
TXN0001390,CUST000401,2025-09-05,2056700.0,CAMP0023
TXN0001391,CUST001094,2022-12-14,12878400.0,
TXN0001392,CUST000352,2025-05-28,28567800.0,
TXN0001393,CUST000496,2025-10-26,10807600.0,
TXN0001394,CUST000087,2022-06-26,14593600.0,
TXN0001395,CUST001065,2025-04-18,3604900.0,
TXN0001396,CUST000151,2024-11-25,44897200.0,CAMP0018
TXN0001397,CUST000645,2025-06-01,2946400.0,
TXN0001398,CUST000287,2025-12-21,4309600.0,
TXN0001399,CUST000518,2025-07-26,9130600.0,
TXN0001400,CUST000299,2025-12-19,1827900.0,
TXN0001401,CUST000109,2024-03-20,23591900.0,
TXN0001402,CUST000982,2024-10-11,864000.0,
TXN0001403,CUST000299,2025-11-10,14619600.0,
TXN0001404,CUST000943,2025-09-10,12483700.0,
TXN0001405,CUST001123,2025-12-13,14743600.0,
TXN0001406,CUST000677,2025-01-08,7511100.0,CAMP0019
TXN0001407,CUST000621,2022-05-05,2552600.0,
TXN0001408,CUST000311,2024-09-20,7313600.0,
TXN0001409,CUST000449,2024-12-28,240100.0,
TXN0001410,CUST000702,2025-10-02,6200500.0,
TXN0001411,CUST001066,2025-08-12,69832000.0,
TXN0001412,CUST000106,2025-07-21,7880200.0,
TXN0001413,CUST000951,2023-02-15,3619500.0,
TXN0001414,CUST000846,2025-10-12,2542600.0,
TXN0001415,CUST000136,2025-05-13,12200400.0,
TXN0001416,CUST000316,2025-03-06,22235100.0,
TXN0001417,CUST000812,2025-09-26,16680300.0,
TXN0001418,CUST000499,2025-07-16,3429800.0,
TXN0001419,CUST000170,2023-09-30,1337300.0,CAMP0011
TXN0001420,CUST001009,2024-02-05,8777200.0,
TXN0001421,CUST000067,2024-07-06,1335400.0,CAMP0016
TXN0001422,CUST000677,2023-02-12,874600.0,
TXN0001423,CUST000081,2025-09-15,269400.0,
TXN0001424,CUST000801,2025-06-03,435600.0,
TXN0001425,CUST001078,2024-01-04,38199300.0,
TXN0001426,CUST000066,2024-07-24,37436500.0,
TXN0001427,CUST001043,2025-03-07,3320200.0,CAMP0020
TXN0001428,CUST000305,2025-06-04,1099600.0,
TXN0001429,CUST000303,2023-06-30,39654400.0,
TXN0001430,CUST000252,2025-12-19,14285800.0,
TXN0001431,CUST000136,2024-08-15,3386000.0,
TXN0001432,CUST000383,2025-06-04,42002300.0,
TXN0001433,CUST001161,2025-11-22,4990400.0,CAMP0024
TXN0001434,CUST000304,2024-09-20,20777300.0,
TXN0001435,CUST000415,2025-05-21,2103500.0,
TXN0001436,CUST000764,2024-06-11,498400.0,
TXN0001437,CUST001027,2023-04-25,45793300.0,
TXN0001438,CUST001083,2025-12-01,29502900.0,
TXN0001439,CUST000037,2025-06-17,15713100.0,
TXN0001440,CUST000615,2025-12-19,9748200.0,
TXN0001441,CUST000809,2024-12-20,1575600.0,
TXN0001442,CUST000084,2025-05-02,22555800.0,CAMP0021
TXN0001443,CUST000105,2024-08-26,4545700.0,
TXN0001444,CUST000411,2024-10-09,3341200.0,
TXN0001445,CUST000529,2023-02-10,1124800.0,
TXN0001446,CUST000336,2024-12-14,298200.0,
TXN0001447,CUST001111,2025-11-16,16169800.0,CAMP0024
TXN0001448,CUST000692,2025-06-05,44320300.0,
TXN0001449,CUST000362,2024-07-10,11348900.0,
TXN0001450,CUST000333,2022-12-24,6441600.0,
TXN0001451,CUST000062,2024-03-03,25477200.0,
TXN0001452,CUST000138,2025-05-08,7860000.0,
TXN0001453,CUST000008,2025-09-22,39036000.0,
TXN0001454,CUST000646,2025-07-06,3271400.0,
TXN0001455,CUST001150,2025-12-18,341800.0,
TXN0001456,CUST000970,2025-01-06,4870500.0,CAMP0019
TXN0001457,CUST000113,2024-09-10,8215000.0,CAMP0017
TXN0001458,CUST000153,2025-10-13,1370100.0,
TXN0001459,CUST000054,2024-03-07,13840200.0,CAMP0014
TXN0001460,CUST000684,2025-07-27,331200.0,
TXN0001461,CUST001193,2025-10-06,218600.0,
TXN0001462,CUST000567,2025-04-02,4982000.0,
TXN0001463,CUST000639,2025-11-26,22445400.0,
TXN0001464,CUST000009,2023-08-09,7121100.0,
TXN0001465,CUST000168,2025-09-28,168600.0,
TXN0001466,CUST000964,2023-09-15,6367800.0,CAMP0011
TXN0001467,CUST001182,2025-12-17,873100.0,
TXN0001468,CUST000881,2024-06-17,33554500.0,
TXN0001469,CUST000552,2025-02-03,3207800.0,
TXN0001470,CUST000519,2025-03-22,2500200.0,
TXN0001471,CUST000148,2025-09-02,747600.0,
TXN0001472,CUST000227,2022-04-18,7065600.0,
TXN0001473,CUST000666,2025-04-30,27679400.0,CAMP0021
TXN0001474,CUST000498,2025-11-29,18574600.0,
TXN0001475,CUST000126,2022-08-21,3872100.0,
TXN0001476,CUST000573,2023-11-10,14121100.0,
TXN0001477,CUST000565,2025-07-11,5711500.0,
TXN0001478,CUST000996,2024-11-07,3477200.0,CAMP0018
TXN0001479,CUST001070,2025-04-04,575400.0,
TXN0001480,CUST000827,2023-12-04,647500.0,
TXN0001481,CUST000495,2024-08-07,2028900.0,
TXN0001482,CUST000306,2023-08-11,3293000.0,
TXN0001483,CUST000397,2024-08-25,127200.0,CAMP0017
TXN0001484,CUST000409,2025-12-29,4174800.0,
TXN0001485,CUST000502,2025-02-03,258600.0,
TXN0001486,CUST000966,2025-04-15,28610200.0,
TXN0001487,CUST000842,2023-12-07,894400.0,
TXN0001488,CUST001124,2024-12-27,4291100.0,CAMP0019
TXN0001489,CUST000024,2025-09-20,1881600.0,
TXN0001490,CUST000429,2023-06-23,29654600.0,
TXN0001491,CUST000091,2025-02-09,14232000.0,
TXN0001492,CUST000844,2025-05-23,450200.0,
TXN0001493,CUST000569,2024-06-20,4011900.0,
TXN0001494,CUST000395,2024-11-05,1926600.0,
TXN0001495,CUST000405,2022-10-19,2338400.0,
TXN0001496,CUST000065,2024-09-11,2020400.0,CAMP0017
TXN0001497,CUST000326,2024-09-09,15219700.0,
TXN0001498,CUST000434,2023-11-12,1298000.0,
TXN0001499,CUST000341,2023-08-24,6048100.0,
TXN0001500,CUST000871,2024-07-10,8410100.0,CAMP0016
TXN0001501,CUST000187,2025-10-12,110200.0,
TXN0001502,CUST000111,2023-08-14,5698100.0,
TXN0001503,CUST000493,2022-09-25,32401300.0,CAMP0005
TXN0001504,CUST000366,2023-11-14,50582700.0,
TXN0001505,CUST001120,2024-05-18,1063200.0,CAMP0015
TXN0001506,CUST000056,2025-08-24,86100.0,CAMP0023
TXN0001507,CUST000170,2025-05-23,51030100.0,CAMP0021
TXN0001508,CUST000307,2025-03-18,33129000.0,CAMP0020
TXN0001509,CUST001181,2025-06-13,4966000.0,
TXN0001510,CUST000644,2025-04-16,4357500.0,
TXN0001511,CUST000536,2024-01-14,36027300.0,CAMP0013
TXN0001512,CUST000483,2025-02-10,8774400.0,
TXN0001513,CUST000757,2025-03-10,4074000.0,
TXN0001514,CUST000109,2024-05-17,2167100.0,
TXN0001515,CUST000035,2025-10-18,11953500.0,
TXN0001516,CUST001139,2025-09-19,5083500.0,
TXN0001517,CUST000364,2025-10-15,4943500.0,
TXN0001518,CUST000549,2024-04-07,380600.0,
TXN0001519,CUST000605,2025-08-25,5069700.0,CAMP0023
TXN0001520,CUST000498,2025-10-24,3289600.0,
TXN0001521,CUST000214,2024-11-30,18944300.0,
TXN0001522,CUST000321,2024-05-03,3419500.0,CAMP0015
TXN0001523,CUST000602,2023-12-18,162600.0,
TXN0001524,CUST000963,2025-05-24,1934600.0,CAMP0021
TXN0001525,CUST000565,2024-09-17,20731200.0,
TXN0001526,CUST000077,2024-04-15,765800.0,
TXN0001527,CUST000420,2025-05-22,456900.0,
TXN0001528,CUST000251,2025-04-26,843300.0,
TXN0001529,CUST000932,2025-04-01,23004600.0,
TXN0001530,CUST001009,2024-06-11,1023100.0,
TXN0001531,CUST000081,2025-06-01,176500.0,
TXN0001532,CUST001035,2024-12-14,5695600.0,
TXN0001533,CUST000379,2025-02-16,86100.0,
TXN0001534,CUST000686,2025-07-19,46055700.0,
TXN0001535,CUST000968,2025-12-31,3344500.0,
TXN0001536,CUST000754,2025-02-17,1157800.0,
TXN0001537,CUST000253,2025-04-29,7127600.0,
TXN0001538,CUST000835,2024-01-24,1832000.0,
TXN0001539,CUST000492,2025-05-27,10786400.0,
TXN0001540,CUST000603,2023-10-18,5496900.0,
TXN0001541,CUST000095,2025-05-23,21818200.0,
TXN0001542,CUST000037,2023-05-31,4805900.0,
TXN0001543,CUST000800,2024-09-26,10388400.0,
TXN0001544,CUST000360,2023-11-13,9697800.0,
TXN0001545,CUST000995,2025-08-13,15428200.0,
TXN0001546,CUST000238,2023-07-06,6393000.0,CAMP0010
TXN0001547,CUST001127,2025-10-30,11320100.0,
TXN0001548,CUST000037,2023-06-11,4302400.0,
TXN0001549,CUST001194,2023-04-12,3506200.0,CAMP0008
TXN0001550,CUST000298,2025-09-23,2044000.0,
TXN0001551,CUST001158,2022-10-30,3964400.0,
TXN0001552,CUST000222,2024-01-16,5312000.0,
TXN0001553,CUST000113,2024-12-29,15067800.0,
TXN0001554,CUST000357,2023-04-29,19219700.0,
TXN0001555,CUST000500,2024-12-19,14338400.0,
TXN0001556,CUST000007,2024-02-10,5769100.0,
TXN0001557,CUST000832,2024-11-02,28394200.0,
TXN0001558,CUST000444,2023-08-21,28319000.0,
TXN0001559,CUST000516,2025-10-11,1290000.0,
TXN0001560,CUST000637,2025-09-09,3878200.0,CAMP0023
TXN0001561,CUST000801,2024-11-08,327100.0,
TXN0001562,CUST000793,2025-08-29,1624100.0,
TXN0001563,CUST000053,2023-08-15,2301200.0,
TXN0001564,CUST000572,2023-04-05,3129700.0,
TXN0001565,CUST000363,2025-11-12,4223000.0,CAMP0024
TXN0001566,CUST000452,2025-11-15,3738600.0,CAMP0024
TXN0001567,CUST000920,2025-06-27,3317300.0,
TXN0001568,CUST001008,2025-03-27,2389300.0,
TXN0001569,CUST001093,2023-08-20,269400.0,
TXN0001570,CUST000416,2025-11-24,5133000.0,
TXN0001571,CUST000351,2023-03-30,2772900.0,CAMP0008
TXN0001572,CUST000209,2025-05-17,10901400.0,
TXN0001573,CUST001175,2025-10-03,7264300.0,
TXN0001574,CUST000101,2025-10-13,13913400.0,
TXN0001575,CUST000811,2023-10-03,23791200.0,
TXN0001576,CUST000816,2025-04-13,24499700.0,
TXN0001577,CUST000189,2025-05-03,2315600.0,
TXN0001578,CUST000897,2024-01-30,15735700.0,
TXN0001579,CUST000694,2024-01-05,10111800.0,
TXN0001580,CUST000825,2025-08-11,880900.0,
TXN0001581,CUST000748,2023-12-28,24430100.0,CAMP0013
TXN0001582,CUST000177,2025-10-04,15868000.0,
TXN0001583,CUST000830,2025-08-28,2091500.0,
TXN0001584,CUST000285,2025-06-21,3926000.0,
TXN0001585,CUST000260,2023-10-06,1641500.0,
TXN0001586,CUST000598,2025-12-05,231600.0,
TXN0001587,CUST000173,2024-04-28,44485200.0,CAMP0015
TXN0001588,CUST000482,2025-11-20,8505500.0,CAMP0024
TXN0001589,CUST000131,2025-08-26,15554600.0,
TXN0001590,CUST000266,2025-03-04,4097000.0,CAMP0020
TXN0001591,CUST000062,2025-12-25,5146200.0,
TXN0001592,CUST000063,2023-07-23,2803800.0,
TXN0001593,CUST000768,2024-07-09,26133000.0,CAMP0016
TXN0001594,CUST000381,2025-01-17,536800.0,
TXN0001595,CUST000456,2025-05-26,2504500.0,
TXN0001596,CUST000990,2024-09-24,2533000.0,
TXN0001597,CUST000456,2025-08-10,3756500.0,
TXN0001598,CUST001003,2025-05-16,14908100.0,
TXN0001599,CUST000589,2023-09-22,4231500.0,
TXN0001600,CUST001050,2025-08-06,2989200.0,
TXN0001601,CUST000992,2023-02-16,2256300.0,
TXN0001602,CUST001192,2025-02-21,3347800.0,CAMP0020
TXN0001603,CUST000930,2024-10-30,4823800.0,
TXN0001604,CUST000440,2025-12-06,19041000.0,
TXN0001605,CUST000033,2024-01-21,1932500.0,
TXN0001606,CUST000179,2025-01-24,1563700.0,
TXN0001607,CUST000270,2025-12-06,17037600.0,
TXN0001608,CUST000281,2024-12-20,9581600.0,
TXN0001609,CUST000344,2023-01-21,13469600.0,
TXN0001610,CUST000590,2023-04-24,48275700.0,
TXN0001611,CUST000081,2024-11-26,796000.0,CAMP0018
TXN0001612,CUST000269,2024-09-25,11681700.0,
TXN0001613,CUST000985,2024-08-29,11223100.0,CAMP0017
TXN0001614,CUST000296,2025-12-16,17439400.0,
TXN0001615,CUST000847,2025-06-03,4457700.0,
TXN0001616,CUST001056,2023-09-20,5639500.0,
TXN0001617,CUST000390,2025-10-12,21943600.0,
TXN0001618,CUST000294,2025-11-24,693600.0,
TXN0001619,CUST000190,2023-08-25,11077000.0,
TXN0001620,CUST000418,2025-12-25,59842400.0,
TXN0001621,CUST000371,2025-12-13,32227500.0,
TXN0001622,CUST000991,2024-11-04,14766500.0,
TXN0001623,CUST001135,2025-07-08,11745100.0,
TXN0001624,CUST001126,2025-02-21,1586000.0,
TXN0001625,CUST000445,2025-12-25,8638400.0,
TXN0001626,CUST000351,2022-09-03,19643000.0,
TXN0001627,CUST000342,2025-04-24,2906900.0,
TXN0001628,CUST000547,2025-01-28,878000.0,
TXN0001629,CUST001010,2024-04-09,23873100.0,
TXN0001630,CUST001170,2025-03-19,2201100.0,
TXN0001631,CUST001193,2025-04-04,177400.0,
TXN0001632,CUST000902,2024-01-31,1704600.0,
TXN0001633,CUST001080,2025-08-09,117200.0,
TXN0001634,CUST000670,2023-08-23,14102500.0,
TXN0001635,CUST000112,2025-06-14,2103200.0,
TXN0001636,CUST001136,2025-04-28,3408700.0,CAMP0021
TXN0001637,CUST000125,2025-09-26,58000.0,
TXN0001638,CUST000570,2025-05-16,908600.0,CAMP0021
TXN0001639,CUST000711,2025-02-24,1419500.0,
TXN0001640,CUST000343,2025-07-25,1785000.0,
TXN0001641,CUST000408,2025-08-14,5844900.0,
TXN0001642,CUST001181,2025-04-10,7551200.0,
TXN0001643,CUST000815,2024-06-23,25690600.0,CAMP0016
TXN0001644,CUST000840,2025-10-28,13013500.0,CAMP0024
TXN0001645,CUST000215,2023-10-06,3098100.0,CAMP0011
TXN0001646,CUST001084,2025-02-26,1801600.0,CAMP0020
TXN0001647,CUST000884,2024-10-21,7375700.0,
TXN0001648,CUST000213,2023-01-23,4771400.0,
TXN0001649,CUST001075,2023-06-26,20830500.0,
TXN0001650,CUST000770,2024-08-09,341800.0,
TXN0001651,CUST000752,2024-12-14,1041100.0,
TXN0001652,CUST000200,2023-07-13,6680700.0,CAMP0010
TXN0001653,CUST000435,2024-02-06,15553000.0,
TXN0001654,CUST000866,2023-08-29,2979100.0,
TXN0001655,CUST000124,2024-11-03,28132600.0,CAMP0018
TXN0001656,CUST001088,2023-07-19,6203000.0,CAMP0010
TXN0001657,CUST000256,2023-09-25,14089200.0,CAMP0011
TXN0001658,CUST000762,2025-07-09,7770600.0,
TXN0001659,CUST000890,2024-12-15,744700.0,
TXN0001660,CUST000243,2025-05-18,1351800.0,CAMP0021
TXN0001661,CUST001135,2025-07-05,2244400.0,CAMP0022
TXN0001662,CUST001002,2025-02-19,46218100.0,
TXN0001663,CUST000304,2025-06-29,1492200.0,
TXN0001664,CUST000950,2023-12-04,14555600.0,
TXN0001665,CUST000209,2025-08-11,6901000.0,
TXN0001666,CUST000681,2023-07-06,298200.0,
TXN0001667,CUST000565,2025-08-11,1133100.0,
TXN0001668,CUST000036,2025-08-29,7241600.0,
TXN0001669,CUST001017,2022-06-27,8551500.0,
TXN0001670,CUST000408,2024-11-03,23035900.0,
TXN0001671,CUST001075,2024-01-17,2302600.0,CAMP0013
TXN0001672,CUST000826,2025-01-24,2145800.0,
TXN0001673,CUST000916,2025-12-13,8578300.0,
TXN0001674,CUST001176,2022-03-02,23087800.0,
TXN0001675,CUST000524,2025-11-19,350100.0,
TXN0001676,CUST001018,2025-05-20,6892400.0,
TXN0001677,CUST000783,2025-11-02,5105700.0,
TXN0001678,CUST001170,2025-02-13,957800.0,
TXN0001679,CUST000375,2025-06-20,3974700.0,CAMP0022
TXN0001680,CUST000286,2025-04-06,5342800.0,
TXN0001681,CUST000217,2025-04-06,12719100.0,
TXN0001682,CUST000482,2024-11-27,18379800.0,
TXN0001683,CUST001101,2024-10-13,13314000.0,
TXN0001684,CUST000247,2025-11-12,26852900.0,
TXN0001685,CUST001105,2024-12-12,1369200.0,
TXN0001686,CUST001107,2023-05-28,42707600.0,CAMP0009
TXN0001687,CUST000188,2025-03-24,8888400.0,
TXN0001688,CUST000868,2025-11-13,25547100.0,CAMP0024
TXN0001689,CUST000470,2023-07-16,13342700.0,CAMP0010
TXN0001690,CUST000363,2025-09-03,2118600.0,CAMP0023
TXN0001691,CUST001190,2025-01-30,795700.0,
TXN0001692,CUST000580,2025-11-27,47926500.0,
TXN0001693,CUST000311,2023-09-15,20859100.0,
TXN0001694,CUST000729,2025-11-26,1748800.0,
TXN0001695,CUST000001,2025-06-11,9205500.0,
TXN0001696,CUST000810,2024-12-04,1944300.0,
TXN0001697,CUST000046,2025-01-12,675300.0,CAMP0019
TXN0001698,CUST000509,2024-10-20,2020200.0,
TXN0001699,CUST000700,2024-05-04,2396100.0,
TXN0001700,CUST000045,2024-04-13,2532700.0,
TXN0001701,CUST000200,2024-08-26,924900.0,
TXN0001702,CUST000853,2024-09-07,761600.0,
TXN0001703,CUST000134,2025-09-22,18448100.0,
TXN0001704,CUST000199,2025-02-19,1086900.0,
TXN0001705,CUST000848,2025-06-03,3919500.0,
TXN0001706,CUST000379,2025-05-22,55861100.0,
TXN0001707,CUST000781,2024-08-19,4823400.0,
TXN0001708,CUST000643,2023-01-24,719000.0,
TXN0001709,CUST000370,2023-06-10,8574300.0,
TXN0001710,CUST000972,2023-08-23,14096200.0,
TXN0001711,CUST000510,2024-11-21,24786600.0,CAMP0018
TXN0001712,CUST000777,2025-02-09,1045000.0,
TXN0001713,CUST001173,2024-11-28,1689300.0,CAMP0018
TXN0001714,CUST000769,2025-07-23,33228200.0,
TXN0001715,CUST000030,2024-02-18,13322700.0,
TXN0001716,CUST001170,2025-05-18,9111400.0,CAMP0021
TXN0001717,CUST000529,2024-06-06,6128500.0,
TXN0001718,CUST000813,2025-09-12,32771000.0,
TXN0001719,CUST000312,2024-08-13,2767200.0,
TXN0001720,CUST000637,2025-07-16,27305300.0,
TXN0001721,CUST000057,2025-06-04,943500.0,
TXN0001722,CUST000205,2022-07-28,1177200.0,
TXN0001723,CUST001100,2023-09-26,8823600.0,
TXN0001724,CUST001013,2024-11-05,1573100.0,
TXN0001725,CUST000028,2025-08-28,13764100.0,
TXN0001726,CUST000110,2023-07-17,33260700.0,
TXN0001727,CUST000346,2025-04-02,14112300.0,
TXN0001728,CUST001032,2024-08-03,6405600.0,
TXN0001729,CUST000626,2025-03-27,1025000.0,
TXN0001730,CUST000158,2022-12-11,11596500.0,
TXN0001731,CUST001101,2025-02-04,17156000.0,
TXN0001732,CUST000602,2025-03-26,6188900.0,
TXN0001733,CUST001137,2025-10-06,6049000.0,
TXN0001734,CUST000793,2025-04-20,486000.0,
TXN0001735,CUST000399,2023-11-30,44706800.0,
TXN0001736,CUST000471,2025-02-22,675900.0,
TXN0001737,CUST000812,2024-11-27,20948900.0,CAMP0018
TXN0001738,CUST000536,2024-02-16,16485600.0,
TXN0001739,CUST001132,2025-06-02,726000.0,CAMP0021
TXN0001740,CUST000302,2025-10-28,29302800.0,CAMP0024
TXN0001741,CUST000986,2025-04-07,2059300.0,
TXN0001742,CUST000282,2023-07-24,3930700.0,
TXN0001743,CUST000271,2024-05-17,4176300.0,
TXN0001744,CUST001126,2025-08-02,23490200.0,
TXN0001745,CUST001161,2025-03-16,14150100.0,CAMP0020
TXN0001746,CUST000092,2025-11-13,2508600.0,CAMP0024
TXN0001747,CUST000034,2023-09-26,27322800.0,CAMP0011
TXN0001748,CUST000606,2025-04-30,1985400.0,
TXN0001749,CUST000500,2025-04-22,116700.0,
TXN0001750,CUST000989,2024-07-06,50579800.0,
TXN0001751,CUST000201,2023-12-20,752100.0,
TXN0001752,CUST000937,2025-11-22,3400400.0,CAMP0024
TXN0001753,CUST000893,2025-03-31,6429100.0,
TXN0001754,CUST000185,2025-05-12,4834000.0,
TXN0001755,CUST000551,2025-11-28,1383900.0,
TXN0001756,CUST000753,2025-07-06,4703800.0,CAMP0022
TXN0001757,CUST000032,2025-05-29,22382200.0,
TXN0001758,CUST000994,2025-09-22,365200.0,
TXN0001759,CUST000760,2025-08-10,3441800.0,
TXN0001760,CUST000773,2025-01-02,78403600.0,CAMP0019
TXN0001761,CUST001134,2025-12-22,688500.0,
TXN0001762,CUST000286,2025-04-30,50119800.0,CAMP0021
TXN0001763,CUST000283,2024-09-27,951900.0,
TXN0001764,CUST000575,2024-02-27,37270200.0,
TXN0001765,CUST001050,2025-08-28,561100.0,
TXN0001766,CUST000542,2025-08-08,5805300.0,
TXN0001767,CUST000996,2022-12-13,25419700.0,
TXN0001768,CUST000752,2025-05-13,272900.0,
TXN0001769,CUST000102,2024-04-08,4138600.0,
TXN0001770,CUST000279,2024-02-01,3917200.0,
TXN0001771,CUST000183,2025-06-07,3224100.0,
TXN0001772,CUST000860,2023-06-18,16755600.0,
TXN0001773,CUST000188,2025-04-09,35424700.0,
TXN0001774,CUST000166,2025-12-30,5379600.0,
TXN0001775,CUST000903,2023-01-13,9371500.0,
TXN0001776,CUST000526,2025-12-29,639000.0,
TXN0001777,CUST001151,2024-07-22,14917400.0,
TXN0001778,CUST000845,2025-02-10,1013400.0,
TXN0001779,CUST000237,2025-08-02,594800.0,
TXN0001780,CUST000972,2023-12-28,1482400.0,CAMP0013
TXN0001781,CUST000721,2025-09-18,15788300.0,
TXN0001782,CUST000738,2025-04-23,1410800.0,
TXN0001783,CUST000831,2024-09-21,12545300.0,
TXN0001784,CUST000363,2024-09-21,2328000.0,
TXN0001785,CUST000283,2024-11-20,787800.0,CAMP0018
TXN0001786,CUST000567,2025-10-20,35235300.0,
TXN0001787,CUST000920,2025-10-28,1648200.0,
TXN0001788,CUST000020,2025-10-18,1863000.0,
TXN0001789,CUST000665,2025-02-28,517800.0,
TXN0001790,CUST000209,2025-08-04,1337300.0,
TXN0001791,CUST000948,2025-10-17,3652400.0,
TXN0001792,CUST000797,2022-05-06,4333100.0,
TXN0001793,CUST000760,2025-01-22,2834200.0,
TXN0001794,CUST000277,2025-02-22,2257300.0,CAMP0020
TXN0001795,CUST000691,2024-06-10,33891200.0,
TXN0001796,CUST000696,2022-10-18,7849000.0,
TXN0001797,CUST000102,2025-01-31,1674900.0,
TXN0001798,CUST000443,2023-10-10,197800.0,CAMP0011
TXN0001799,CUST000259,2024-05-06,1136800.0,CAMP0015
TXN0001800,CUST000193,2024-02-23,22696200.0,
TXN0001801,CUST000766,2025-08-27,17192400.0,
TXN0001802,CUST001183,2025-06-26,686400.0,
TXN0001803,CUST001122,2023-03-24,42009600.0,
TXN0001804,CUST000978,2023-09-21,2413000.0,
TXN0001805,CUST001026,2024-11-23,2911400.0,CAMP0018
TXN0001806,CUST000461,2023-09-22,46980400.0,
TXN0001807,CUST000322,2025-04-17,2226700.0,
TXN0001808,CUST001011,2025-02-04,49035700.0,
TXN0001809,CUST001101,2024-02-01,2084000.0,
TXN0001810,CUST000449,2023-08-10,2377200.0,
TXN0001811,CUST000864,2022-11-03,6829600.0,
TXN0001812,CUST000029,2025-06-13,900400.0,
TXN0001813,CUST000805,2025-08-10,4736300.0,
TXN0001814,CUST000686,2025-12-14,48563100.0,
TXN0001815,CUST000351,2025-06-08,8393500.0,
TXN0001816,CUST000290,2024-08-06,4524100.0,
TXN0001817,CUST000949,2023-09-08,46098700.0,CAMP0011
TXN0001818,CUST000203,2024-12-15,17600.0,
TXN0001819,CUST001070,2025-09-14,3029900.0,
TXN0001820,CUST001031,2024-11-17,537800.0,
TXN0001821,CUST000641,2025-06-29,1501100.0,
TXN0001822,CUST000981,2025-05-09,17032700.0,
TXN0001823,CUST000637,2025-01-19,13628600.0,
TXN0001824,CUST000345,2025-06-18,4568400.0,
TXN0001825,CUST001100,2024-01-19,7349000.0,CAMP0013
TXN0001826,CUST000571,2024-10-25,6027100.0,
TXN0001827,CUST000738,2023-12-15,135000.0,
TXN0001828,CUST000027,2024-01-01,674200.0,
TXN0001829,CUST000568,2025-11-11,10146800.0,
TXN0001830,CUST000261,2023-04-17,635600.0,
TXN0001831,CUST001031,2022-12-15,38963800.0,
TXN0001832,CUST000706,2025-02-28,953000.0,
TXN0001833,CUST000332,2024-09-10,1706200.0,
TXN0001834,CUST001088,2024-03-02,258300.0,
TXN0001835,CUST000508,2025-10-22,15800800.0,
TXN0001836,CUST001163,2025-01-01,2858000.0,
TXN0001837,CUST000752,2025-02-09,49852500.0,
TXN0001838,CUST001169,2025-07-29,10360900.0,
TXN0001839,CUST000904,2025-04-27,2799700.0,CAMP0021
TXN0001840,CUST000343,2025-11-10,11913000.0,
TXN0001841,CUST000241,2022-09-17,14186000.0,
TXN0001842,CUST001137,2025-12-26,7957500.0,
TXN0001843,CUST000201,2025-12-11,14083900.0,
TXN0001844,CUST001147,2025-04-20,13197000.0,
TXN0001845,CUST000749,2024-07-13,26921900.0,
TXN0001846,CUST000072,2025-12-23,2224300.0,
TXN0001847,CUST000831,2024-01-14,3000300.0,CAMP0013
TXN0001848,CUST000823,2025-09-18,19218900.0,
TXN0001849,CUST000760,2025-12-26,14744700.0,
TXN0001850,CUST000575,2024-04-02,943500.0,CAMP0014
TXN0001851,CUST001097,2024-05-11,39902300.0,
TXN0001852,CUST000761,2025-11-21,3590800.0,
TXN0001853,CUST000566,2022-12-21,778600.0,
TXN0001854,CUST000372,2024-06-10,99400.0,
TXN0001855,CUST000543,2025-12-22,10272500.0,
TXN0001856,CUST000115,2024-10-30,14395000.0,
TXN0001857,CUST000730,2025-10-13,2434100.0,
TXN0001858,CUST001125,2025-05-25,345900.0,CAMP0021
TXN0001859,CUST000743,2025-12-07,18217900.0,
TXN0001860,CUST001021,2023-01-27,404400.0,
TXN0001861,CUST000336,2023-01-25,19743000.0,
TXN0001862,CUST000664,2024-10-28,418200.0,CAMP0018
TXN0001863,CUST000096,2024-12-05,4974000.0,
TXN0001864,CUST000753,2025-09-11,34541000.0,
TXN0001865,CUST000382,2024-05-20,5355800.0,
TXN0001866,CUST000446,2025-01-09,1805300.0,
TXN0001867,CUST000719,2025-11-27,12788100.0,
TXN0001868,CUST000382,2025-10-26,49737200.0,CAMP0024
TXN0001869,CUST000465,2023-08-16,2192700.0,
TXN0001870,CUST000265,2025-07-05,2722000.0,
TXN0001871,CUST001129,2025-01-29,5656000.0,
TXN0001872,CUST000797,2025-06-12,3351000.0,
TXN0001873,CUST001007,2023-12-30,3410600.0,
TXN0001874,CUST001144,2024-02-12,690400.0,
TXN0001875,CUST000537,2025-11-09,2794300.0,CAMP0024
TXN0001876,CUST000444,2025-07-13,829100.0,
TXN0001877,CUST000599,2024-01-23,27769400.0,
TXN0001878,CUST000366,2025-10-20,5943100.0,
TXN0001879,CUST000762,2025-03-11,10756400.0,
TXN0001880,CUST001008,2024-02-14,8063300.0,
TXN0001881,CUST000995,2025-09-26,11292700.0,
TXN0001882,CUST000028,2025-12-05,8406400.0,
TXN0001883,CUST000358,2025-02-07,8484000.0,
TXN0001884,CUST000818,2024-03-31,27836000.0,CAMP0014
TXN0001885,CUST000357,2025-08-16,428500.0,
TXN0001886,CUST000877,2025-07-03,529500.0,CAMP0022
TXN0001887,CUST000035,2025-08-23,1091600.0,
TXN0001888,CUST000434,2025-04-26,2941300.0,
TXN0001889,CUST000002,2025-10-25,4612800.0,
TXN0001890,CUST000031,2023-06-23,5541800.0,
TXN0001891,CUST001171,2025-06-30,17368100.0,CAMP0022
TXN0001892,CUST000874,2025-09-11,3329900.0,
TXN0001893,CUST000943,2025-09-08,8576000.0,CAMP0023
TXN0001894,CUST000783,2024-04-20,14534600.0,
TXN0001895,CUST000256,2024-02-03,792800.0,
TXN0001896,CUST000142,2025-03-03,3355600.0,
TXN0001897,CUST000558,2024-08-23,7946200.0,CAMP0017
TXN0001898,CUST001116,2025-02-15,9584800.0,
TXN0001899,CUST000413,2024-09-23,1260800.0,
TXN0001900,CUST000048,2024-08-22,202000.0,CAMP0017
TXN0001901,CUST000558,2025-06-13,29923600.0,
TXN0001902,CUST000422,2024-09-06,3062200.0,CAMP0017
TXN0001903,CUST000948,2025-07-13,299300.0,
TXN0001904,CUST000644,2025-12-12,22425800.0,
TXN0001905,CUST000577,2024-10-08,6043700.0,
TXN0001906,CUST000150,2024-10-10,4303400.0,
TXN0001907,CUST000584,2023-10-11,3013500.0,
TXN0001908,CUST000263,2025-10-27,1456300.0,CAMP0024
TXN0001909,CUST001170,2025-05-16,563200.0,
TXN0001910,CUST000089,2024-09-07,5866300.0,CAMP0017
TXN0001911,CUST001200,2023-09-17,1307500.0,CAMP0011
TXN0001912,CUST000624,2025-01-16,6561400.0,
TXN0001913,CUST000057,2025-06-23,46807700.0,
TXN0001914,CUST000730,2024-09-08,49322400.0,
TXN0001915,CUST000535,2024-08-28,7333300.0,CAMP0017
TXN0001916,CUST000099,2025-04-23,896500.0,
TXN0001917,CUST000510,2023-09-06,2156200.0,
TXN0001918,CUST000221,2024-05-13,4660300.0,CAMP0015
TXN0001919,CUST000289,2024-05-26,19960800.0,
TXN0001920,CUST000132,2025-10-26,2990000.0,CAMP0024
TXN0001921,CUST000097,2025-03-09,35243300.0,CAMP0020
TXN0001922,CUST000919,2024-10-17,1620200.0,
TXN0001923,CUST000479,2023-03-01,14925800.0,
TXN0001924,CUST001175,2025-06-04,1018900.0,
TXN0001925,CUST000450,2025-01-13,20026800.0,
TXN0001926,CUST000748,2024-01-05,10404700.0,CAMP0013
TXN0001927,CUST000432,2025-05-21,151000.0,
TXN0001928,CUST001139,2024-03-14,25659600.0,
TXN0001929,CUST000939,2023-02-25,4337200.0,
TXN0001930,CUST000900,2025-08-09,56617800.0,
TXN0001931,CUST000658,2025-10-04,3011400.0,
TXN0001932,CUST000792,2025-07-30,31691500.0,
TXN0001933,CUST000319,2024-09-28,7988200.0,
TXN0001934,CUST000995,2024-07-23,1020100.0,
TXN0001935,CUST000205,2022-10-13,225100.0,CAMP0005
TXN0001936,CUST001052,2023-10-19,16050800.0,
TXN0001937,CUST000152,2025-11-19,2150700.0,
TXN0001938,CUST000462,2024-10-29,7204300.0,
TXN0001939,CUST000225,2025-08-30,151000.0,CAMP0023
TXN0001940,CUST000795,2025-05-02,10582600.0,CAMP0021
TXN0001941,CUST000307,2024-12-01,4602400.0,
TXN0001942,CUST000772,2025-12-23,4403600.0,
TXN0001943,CUST000004,2025-08-07,1322700.0,
TXN0001944,CUST000907,2024-07-03,1331500.0,
TXN0001945,CUST000341,2022-03-18,8468100.0,CAMP0002
TXN0001946,CUST001018,2024-12-30,2236400.0,CAMP0019
TXN0001947,CUST001020,2025-07-22,7557800.0,
TXN0001948,CUST000165,2025-12-14,7748100.0,
TXN0001949,CUST000310,2025-04-06,51115700.0,
TXN0001950,CUST000311,2025-03-07,18968400.0,CAMP0020
TXN0001951,CUST000837,2023-05-22,20014400.0,
TXN0001952,CUST001129,2024-05-29,269400.0,
TXN0001953,CUST000220,2024-02-28,3651500.0,
TXN0001954,CUST000311,2023-10-15,895700.0,
TXN0001955,CUST001103,2024-12-21,42496400.0,
TXN0001956,CUST001194,2022-12-18,7787100.0,
TXN0001957,CUST000088,2025-02-14,2861200.0,
TXN0001958,CUST001075,2025-05-22,5660700.0,
TXN0001959,CUST000578,2025-07-20,10537500.0,
TXN0001960,CUST000370,2023-09-27,11938300.0,CAMP0011
TXN0001961,CUST000519,2025-10-15,3044900.0,
TXN0001962,CUST000185,2025-09-15,16319200.0,
TXN0001963,CUST001126,2024-11-30,8406400.0,
TXN0001964,CUST000865,2024-10-08,456800.0,
TXN0001965,CUST000005,2025-02-21,1677800.0,
TXN0001966,CUST001105,2025-05-29,21176400.0,CAMP0021
TXN0001967,CUST000669,2025-07-17,19121600.0,
TXN0001968,CUST000856,2025-11-18,6985000.0,
TXN0001969,CUST001094,2024-09-05,6295800.0,CAMP0017
TXN0001970,CUST001028,2025-01-08,11788800.0,
TXN0001971,CUST000234,2025-12-05,2444800.0,
TXN0001972,CUST000153,2025-04-22,2038400.0,
TXN0001973,CUST000463,2025-05-27,135000.0,CAMP0021
TXN0001974,CUST000945,2025-07-02,12111800.0,CAMP0022
TXN0001975,CUST000866,2025-01-16,7819400.0,
TXN0001976,CUST000911,2025-08-31,97800.0,CAMP0023
TXN0001977,CUST001187,2025-08-10,2028300.0,
TXN0001978,CUST001019,2025-02-15,7744800.0,
TXN0001979,CUST000772,2024-03-27,27092800.0,
TXN0001980,CUST000631,2025-12-16,12891800.0,
TXN0001981,CUST000280,2025-05-13,8350100.0,
TXN0001982,CUST001176,2025-08-14,19177500.0,
TXN0001983,CUST001146,2024-05-20,3516600.0,CAMP0015
TXN0001984,CUST001063,2025-07-02,3307000.0,
TXN0001985,CUST001094,2022-05-31,1555900.0,CAMP0003
TXN0001986,CUST000243,2024-01-10,13965700.0,CAMP0013
TXN0001987,CUST001133,2025-08-24,1226800.0,CAMP0023
TXN0001988,CUST000735,2025-06-13,2101600.0,
TXN0001989,CUST001140,2025-07-25,23641200.0,
TXN0001990,CUST000218,2025-11-13,36167700.0,
TXN0001991,CUST000097,2024-12-16,2520500.0,
TXN0001992,CUST000826,2024-03-10,3560800.0,
TXN0001993,CUST000393,2024-12-10,21485500.0,
TXN0001994,CUST000332,2025-08-09,86100.0,
TXN0001995,CUST000418,2025-07-29,4670300.0,
TXN0001996,CUST000621,2023-09-09,680000.0,
TXN0001997,CUST000703,2025-07-18,5679200.0,
TXN0001998,CUST000705,2025-10-13,34117400.0,
TXN0001999,CUST000680,2024-11-22,1493700.0,
TXN0002000,CUST000530,2025-10-05,4620600.0,
TXN0002001,CUST000457,2025-10-26,13102000.0,
TXN0002002,CUST000281,2024-09-22,2048800.0,
TXN0002003,CUST000511,2024-12-14,6447400.0,
TXN0002004,CUST000968,2025-06-09,8249400.0,
TXN0002005,CUST000872,2025-10-01,32347600.0,
TXN0002006,CUST000658,2025-05-18,11909100.0,CAMP0021
TXN0002007,CUST000208,2024-06-23,203400.0,
TXN0002008,CUST000173,2025-04-01,981300.0,
TXN0002009,CUST000107,2025-05-13,3246600.0,CAMP0021
TXN0002010,CUST000472,2025-11-12,1089900.0,
TXN0002011,CUST000606,2025-03-22,3908700.0,
TXN0002012,CUST000417,2024-09-14,6313600.0,CAMP0017
TXN0002013,CUST000863,2022-10-24,456800.0,
TXN0002014,CUST000491,2025-12-17,16889400.0,
TXN0002015,CUST000983,2025-09-08,2692000.0,CAMP0023
TXN0002016,CUST000642,2024-11-17,1086900.0,
TXN0002017,CUST000436,2024-08-12,18485900.0,
TXN0002018,CUST001049,2025-07-13,795600.0,
TXN0002019,CUST000980,2024-01-14,1544800.0,
TXN0002020,CUST000333,2025-06-26,4806700.0,
TXN0002021,CUST000881,2024-08-08,9037000.0,
TXN0002022,CUST000099,2025-10-08,9098400.0,
TXN0002023,CUST000175,2025-04-15,9553300.0,
TXN0002024,CUST000938,2025-07-06,34668900.0,
TXN0002025,CUST001170,2025-03-27,32835100.0,
TXN0002026,CUST000152,2025-06-10,4750600.0,
TXN0002027,CUST000030,2024-03-25,7143400.0,
TXN0002028,CUST000802,2025-07-09,2674600.0,
TXN0002029,CUST000446,2025-09-12,5076000.0,
TXN0002030,CUST000890,2025-09-14,847400.0,
TXN0002031,CUST001007,2025-12-26,5097100.0,
TXN0002032,CUST001182,2025-01-02,18609400.0,CAMP0019
TXN0002033,CUST000184,2024-08-22,15673000.0,
TXN0002034,CUST000249,2024-10-14,10794900.0,
TXN0002035,CUST000716,2023-04-15,2563400.0,
TXN0002036,CUST000207,2025-08-26,2432700.0,CAMP0023
TXN0002037,CUST000614,2023-10-15,10900000.0,CAMP0011
TXN0002038,CUST000162,2023-12-05,7541000.0,
TXN0002039,CUST000496,2025-08-22,64666400.0,
TXN0002040,CUST000923,2025-06-15,239700.0,
TXN0002041,CUST000791,2025-11-21,5589200.0,CAMP0024
TXN0002042,CUST000505,2025-07-18,46616800.0,
TXN0002043,CUST000325,2025-08-29,10293600.0,CAMP0023
TXN0002044,CUST000526,2025-03-05,2397900.0,
TXN0002045,CUST000614,2024-11-22,1902800.0,CAMP0018
TXN0002046,CUST000017,2024-04-19,3717000.0,
TXN0002047,CUST000276,2025-04-30,568500.0,
TXN0002048,CUST000929,2023-03-01,15398100.0,
TXN0002049,CUST000824,2025-04-21,3515900.0,
TXN0002050,CUST000719,2025-06-27,1164800.0,
TXN0002051,CUST000253,2025-02-14,4960700.0,
TXN0002052,CUST000786,2025-12-28,552200.0,
TXN0002053,CUST000421,2025-07-05,28539400.0,CAMP0022
TXN0002054,CUST000921,2023-06-11,2146400.0,
TXN0002055,CUST000396,2025-10-12,71441200.0,
TXN0002056,CUST000342,2024-07-06,7152300.0,
TXN0002057,CUST000730,2024-06-20,6663800.0,
TXN0002058,CUST000558,2023-08-14,2988600.0,
TXN0002059,CUST000296,2024-12-17,42921000.0,
TXN0002060,CUST000524,2025-08-14,811300.0,
TXN0002061,CUST001016,2025-04-10,1237400.0,
TXN0002062,CUST000439,2023-04-10,2956500.0,CAMP0008
TXN0002063,CUST000204,2025-06-19,5456800.0,
TXN0002064,CUST000919,2023-11-10,1936200.0,CAMP0012
TXN0002065,CUST000485,2024-10-26,17688900.0,CAMP0018
TXN0002066,CUST000642,2024-09-01,231600.0,CAMP0017
TXN0002067,CUST001154,2024-01-31,6901000.0,
TXN0002068,CUST000946,2023-05-05,842400.0,
TXN0002069,CUST000329,2025-03-11,791200.0,
TXN0002070,CUST001044,2025-05-03,216800.0,
TXN0002071,CUST000381,2024-09-09,2539500.0,
TXN0002072,CUST000573,2025-02-24,172600.0,
TXN0002073,CUST001121,2024-07-15,3708800.0,
TXN0002074,CUST000618,2024-06-23,2867200.0,
TXN0002075,CUST000032,2023-04-04,759500.0,
TXN0002076,CUST000035,2025-09-06,9511900.0,CAMP0023
TXN0002077,CUST000862,2025-09-16,5541000.0,
TXN0002078,CUST000162,2025-02-22,2383400.0,
TXN0002079,CUST000719,2025-06-27,6176800.0,
TXN0002080,CUST001107,2025-05-30,3026100.0,
TXN0002081,CUST001053,2025-05-03,3567700.0,
TXN0002082,CUST001025,2025-07-12,7358100.0,
TXN0002083,CUST001142,2024-06-29,3499500.0,CAMP0016
TXN0002084,CUST000805,2025-11-02,6327600.0,
TXN0002085,CUST001045,2024-11-12,4858100.0,
TXN0002086,CUST001081,2024-09-28,6620100.0,
TXN0002087,CUST000136,2024-12-13,607200.0,
TXN0002088,CUST000736,2025-04-25,3384000.0,CAMP0021
TXN0002089,CUST000038,2025-01-12,6890200.0,CAMP0019
TXN0002090,CUST000832,2022-11-04,370000.0,CAMP0006
TXN0002091,CUST000482,2023-08-13,1967500.0,
TXN0002092,CUST001110,2025-11-04,46173100.0,CAMP0024
TXN0002093,CUST000104,2022-10-22,32363200.0,
TXN0002094,CUST000913,2023-12-19,1383900.0,
TXN0002095,CUST000652,2024-05-04,3677300.0,CAMP0015
TXN0002096,CUST000025,2023-01-31,28014600.0,
TXN0002097,CUST000062,2024-10-07,8076000.0,
TXN0002098,CUST000829,2025-01-22,13586700.0,
TXN0002099,CUST001105,2024-09-20,75158900.0,
TXN0002100,CUST000289,2023-01-06,43009700.0,
TXN0002101,CUST000395,2025-03-07,16497600.0,CAMP0020
TXN0002102,CUST000194,2025-12-06,15379000.0,
TXN0002103,CUST000709,2025-08-13,397600.0,
TXN0002104,CUST000235,2024-01-22,6901000.0,
TXN0002105,CUST000449,2022-09-04,1119600.0,
TXN0002106,CUST001151,2024-01-30,2846000.0,
TXN0002107,CUST000184,2023-08-03,162600.0,
TXN0002108,CUST001091,2025-11-23,3361200.0,
TXN0002109,CUST000530,2025-08-18,2462400.0,
TXN0002110,CUST000615,2025-03-19,497400.0,CAMP0020
TXN0002111,CUST000750,2025-02-01,1066700.0,
TXN0002112,CUST000482,2024-10-18,4669800.0,
TXN0002113,CUST000940,2025-06-25,13989500.0,
TXN0002114,CUST000794,2024-09-17,23221500.0,
TXN0002115,CUST000601,2024-08-17,4784500.0,
TXN0002116,CUST000075,2025-03-14,8484000.0,
TXN0002117,CUST000990,2025-01-28,57105300.0,
TXN0002118,CUST000430,2025-02-22,127200.0,
TXN0002119,CUST000775,2024-12-21,1936200.0,
TXN0002120,CUST000689,2025-08-03,1649400.0,
TXN0002121,CUST000036,2025-03-13,1198100.0,
TXN0002122,CUST001120,2025-09-11,1575600.0,
TXN0002123,CUST000950,2024-05-21,650400.0,CAMP0015
TXN0002124,CUST000691,2025-09-27,4280700.0,
TXN0002125,CUST000532,2025-02-11,3434100.0,
TXN0002126,CUST000637,2025-04-02,7574800.0,
TXN0002127,CUST000105,2024-02-18,10325700.0,
TXN0002128,CUST000415,2023-10-28,2413000.0,
TXN0002129,CUST000216,2025-11-28,1828100.0,
TXN0002130,CUST000067,2024-03-05,4449700.0,
TXN0002131,CUST000220,2025-09-10,466800.0,
TXN0002132,CUST001137,2025-08-04,498400.0,
TXN0002133,CUST000319,2025-12-26,7306100.0,
TXN0002134,CUST000956,2025-09-27,1450900.0,
TXN0002135,CUST000897,2024-09-05,960200.0,CAMP0017
TXN0002136,CUST001144,2025-07-30,49481300.0,
TXN0002137,CUST000217,2025-09-26,324600.0,
TXN0002138,CUST000963,2024-10-08,446800.0,
TXN0002139,CUST000986,2025-01-07,114400.0,
TXN0002140,CUST000465,2022-10-13,13715500.0,
TXN0002141,CUST000954,2025-02-27,2508600.0,
TXN0002142,CUST000601,2023-11-05,401800.0,
TXN0002143,CUST000249,2025-07-17,5764400.0,
TXN0002144,CUST000041,2024-06-18,6781800.0,
TXN0002145,CUST000184,2024-09-09,43636400.0,
TXN0002146,CUST000298,2025-07-09,5462400.0,
TXN0002147,CUST000020,2024-09-27,2585000.0,
TXN0002148,CUST000578,2025-04-15,6480400.0,
TXN0002149,CUST001184,2023-08-06,1454600.0,
TXN0002150,CUST000021,2024-11-09,3001900.0,
TXN0002151,CUST000648,2023-12-23,3280700.0,CAMP0013
TXN0002152,CUST000773,2025-08-22,6183900.0,
TXN0002153,CUST000474,2025-03-03,2216400.0,
TXN0002154,CUST000566,2025-01-01,11974400.0,CAMP0019
TXN0002155,CUST000658,2025-08-24,11966500.0,
TXN0002156,CUST001010,2024-07-31,6542800.0,
TXN0002157,CUST000763,2025-12-13,17804000.0,
TXN0002158,CUST000330,2023-11-15,16870800.0,
TXN0002159,CUST000960,2024-10-20,198900.0,
TXN0002160,CUST000905,2023-06-25,195600.0,CAMP0010
TXN0002161,CUST000251,2025-02-17,12489200.0,
TXN0002162,CUST000201,2025-03-27,9681800.0,CAMP0020
TXN0002163,CUST000618,2025-01-24,885000.0,
TXN0002164,CUST001153,2024-05-20,30941000.0,CAMP0015
TXN0002165,CUST000094,2025-03-26,11698200.0,
TXN0002166,CUST000139,2023-09-06,9879200.0,
TXN0002167,CUST000734,2024-09-06,8591500.0,
TXN0002168,CUST000062,2023-09-28,15677600.0,CAMP0011
TXN0002169,CUST000053,2025-05-30,12331200.0,
TXN0002170,CUST000019,2024-05-02,515600.0,
TXN0002171,CUST000971,2025-07-28,19344800.0,
TXN0002172,CUST001080,2025-04-09,2412400.0,
TXN0002173,CUST000267,2024-07-21,666000.0,
TXN0002174,CUST000302,2025-09-30,497400.0,
TXN0002175,CUST000952,2025-05-23,1965400.0,
TXN0002176,CUST000323,2025-10-18,298200.0,
TXN0002177,CUST001132,2025-11-01,2265900.0,CAMP0024
TXN0002178,CUST000847,2025-12-28,6340000.0,
TXN0002179,CUST000865,2025-07-14,1415200.0,
TXN0002180,CUST000952,2024-05-28,2846600.0,
TXN0002181,CUST000081,2025-04-29,550500.0,
TXN0002182,CUST000428,2024-01-28,3450500.0,
TXN0002183,CUST000328,2025-12-05,11326500.0,
TXN0002184,CUST000815,2025-04-02,2972800.0,
TXN0002185,CUST000461,2024-01-09,2517300.0,CAMP0013
TXN0002186,CUST000612,2025-11-09,47271600.0,
TXN0002187,CUST001133,2025-11-19,1739100.0,CAMP0024
TXN0002188,CUST001036,2025-09-12,3054500.0,
TXN0002189,CUST000092,2025-06-28,9207400.0,
TXN0002190,CUST000352,2025-11-09,446800.0,
TXN0002191,CUST000761,2025-09-11,10271100.0,
TXN0002192,CUST001111,2025-07-17,1749200.0,
TXN0002193,CUST000356,2025-11-27,1947200.0,
TXN0002194,CUST000355,2022-04-06,830500.0,
TXN0002195,CUST000316,2024-12-14,55679100.0,
TXN0002196,CUST000673,2025-10-19,5226000.0,
TXN0002197,CUST001190,2025-09-04,9817600.0,
TXN0002198,CUST000808,2024-06-11,6213100.0,
TXN0002199,CUST000554,2024-11-03,2461300.0,
TXN0002200,CUST000805,2025-06-04,16899800.0,
TXN0002201,CUST000155,2024-12-23,2772700.0,
TXN0002202,CUST000374,2025-10-13,4742900.0,
TXN0002203,CUST000201,2025-07-07,834000.0,
TXN0002204,CUST000205,2024-10-02,46261000.0,
TXN0002205,CUST000653,2023-09-25,5945800.0,
TXN0002206,CUST000469,2025-02-17,459000.0,
TXN0002207,CUST001092,2025-07-15,24484000.0,
TXN0002208,CUST000129,2024-11-22,315400.0,CAMP0018
TXN0002209,CUST000286,2025-05-14,51421200.0,CAMP0021
TXN0002210,CUST000767,2025-11-28,15814500.0,
TXN0002211,CUST001106,2025-10-28,341800.0,
TXN0002212,CUST000016,2025-03-20,60208200.0,
TXN0002213,CUST001144,2025-07-02,10176300.0,
TXN0002214,CUST001112,2024-05-10,31889000.0,
TXN0002215,CUST000979,2025-04-02,8702000.0,
TXN0002216,CUST000743,2024-12-11,745200.0,
TXN0002217,CUST001200,2025-03-02,1816200.0,
TXN0002218,CUST000018,2025-04-28,119000.0,CAMP0021
TXN0002219,CUST000345,2024-12-19,1731200.0,
TXN0002220,CUST000348,2024-07-31,1953800.0,
TXN0002221,CUST000024,2024-08-11,59511800.0,
TXN0002222,CUST000001,2024-02-05,14537200.0,
TXN0002223,CUST000137,2025-03-23,1665500.0,
TXN0002224,CUST000173,2025-12-16,2120200.0,
TXN0002225,CUST000276,2023-05-17,9506100.0,
TXN0002226,CUST000860,2023-03-05,44219500.0,
TXN0002227,CUST000857,2025-05-01,22358700.0,
TXN0002228,CUST000468,2024-08-23,423800.0,
TXN0002229,CUST000872,2025-06-07,1441500.0,
TXN0002230,CUST000406,2025-05-16,3762900.0,CAMP0021
TXN0002231,CUST000892,2024-11-13,4575700.0,CAMP0018
TXN0002232,CUST000239,2025-07-24,1649200.0,
TXN0002233,CUST000796,2025-09-22,3773300.0,
TXN0002234,CUST000599,2023-11-09,14208700.0,
TXN0002235,CUST001013,2025-01-07,1282300.0,
TXN0002236,CUST000588,2025-04-01,1182300.0,
TXN0002237,CUST000160,2025-03-02,6885600.0,
TXN0002238,CUST000403,2025-09-10,7927800.0,
TXN0002239,CUST000758,2023-11-28,25613500.0,
TXN0002240,CUST000406,2025-12-18,4200700.0,
TXN0002241,CUST000641,2025-04-01,36651800.0,
TXN0002242,CUST000033,2022-09-30,10569200.0,
TXN0002243,CUST000602,2024-01-18,8155900.0,
TXN0002244,CUST000169,2025-09-09,4474800.0,
TXN0002245,CUST000828,2025-07-13,1285500.0,
TXN0002246,CUST000179,2025-09-28,1098400.0,
TXN0002247,CUST000928,2025-06-28,2514800.0,CAMP0022
TXN0002248,CUST001152,2025-04-15,765800.0,
TXN0002249,CUST000745,2025-11-12,15737100.0,
TXN0002250,CUST000504,2024-03-14,686400.0,
TXN0002251,CUST000433,2022-09-08,3829400.0,
TXN0002252,CUST000841,2025-10-31,6937500.0,
TXN0002253,CUST000096,2025-02-05,2089900.0,
TXN0002254,CUST000645,2025-11-02,5662500.0,
TXN0002255,CUST000933,2024-11-24,22767800.0,CAMP0018
TXN0002256,CUST000422,2025-01-25,8226800.0,
TXN0002257,CUST000334,2025-07-03,4411800.0,
TXN0002258,CUST001189,2025-05-22,3804600.0,
TXN0002259,CUST001151,2023-08-02,8168300.0,
TXN0002260,CUST001094,2024-08-17,33801500.0,
TXN0002261,CUST000062,2023-06-03,36529600.0,
TXN0002262,CUST000579,2024-10-12,17844300.0,
TXN0002263,CUST000005,2025-07-28,2260500.0,
TXN0002264,CUST000503,2024-08-18,341500.0,
TXN0002265,CUST000229,2025-09-28,5699500.0,
TXN0002266,CUST000704,2025-08-05,6305500.0,
TXN0002267,CUST000920,2025-12-07,43636400.0,
TXN0002268,CUST000112,2025-09-26,2364900.0,
TXN0002269,CUST000914,2023-05-11,6900400.0,
TXN0002270,CUST000824,2025-02-23,2079400.0,
TXN0002271,CUST001058,2025-06-12,3036800.0,
TXN0002272,CUST001106,2024-09-19,3117600.0,
TXN0002273,CUST000832,2025-01-09,1484900.0,
TXN0002274,CUST000492,2025-08-23,188000.0,
TXN0002275,CUST000359,2025-01-25,771000.0,
TXN0002276,CUST000448,2025-02-18,2446100.0,
TXN0002277,CUST000366,2023-10-11,17292100.0,CAMP0011
TXN0002278,CUST001200,2023-06-23,4115100.0,
TXN0002279,CUST000019,2023-08-07,5639300.0,
TXN0002280,CUST000602,2024-02-08,10998600.0,
TXN0002281,CUST000871,2024-10-03,22439500.0,
TXN0002282,CUST001045,2025-06-24,2357600.0,CAMP0022
TXN0002283,CUST000567,2025-10-24,53605900.0,
TXN0002284,CUST000826,2025-03-15,5766800.0,
TXN0002285,CUST000357,2022-11-14,324000.0,
TXN0002286,CUST000793,2025-03-19,1848100.0,CAMP0020
TXN0002287,CUST000149,2025-05-13,38443200.0,
TXN0002288,CUST000978,2024-06-27,45679300.0,CAMP0016
TXN0002289,CUST001076,2023-10-29,4151700.0,
TXN0002290,CUST000506,2024-11-21,1968900.0,
TXN0002291,CUST000825,2024-03-31,1365600.0,CAMP0014
TXN0002292,CUST000956,2025-07-25,5578300.0,
TXN0002293,CUST000070,2023-08-29,5404100.0,
TXN0002294,CUST000272,2024-07-26,40534200.0,
TXN0002295,CUST000024,2025-07-01,7806500.0,
TXN0002296,CUST000877,2025-12-24,892200.0,
TXN0002297,CUST001145,2025-12-21,56693700.0,
TXN0002298,CUST000175,2025-02-06,4170400.0,
TXN0002299,CUST000206,2025-05-16,18609000.0,
TXN0002300,CUST000630,2025-11-05,2125200.0,
TXN0002301,CUST000647,2025-11-12,9862000.0,CAMP0024
TXN0002302,CUST000128,2024-11-21,3504000.0,
TXN0002303,CUST001057,2025-06-12,1887600.0,
TXN0002304,CUST000611,2025-06-15,2644300.0,
TXN0002305,CUST000587,2022-12-07,23364400.0,
TXN0002306,CUST000462,2025-04-15,5462400.0,
TXN0002307,CUST000847,2025-07-17,117900.0,
TXN0002308,CUST000966,2025-10-31,685200.0,CAMP0024
TXN0002309,CUST000341,2025-03-03,25375100.0,
TXN0002310,CUST000706,2025-06-26,24634500.0,
TXN0002311,CUST000097,2025-11-12,3777600.0,CAMP0024
TXN0002312,CUST000241,2025-03-29,4578500.0,
TXN0002313,CUST000050,2025-09-03,599600.0,
TXN0002314,CUST000082,2024-06-14,13735600.0,
TXN0002315,CUST000803,2025-04-25,1560200.0,
TXN0002316,CUST000783,2024-01-16,17514000.0,
TXN0002317,CUST000960,2025-04-01,2833500.0,
TXN0002318,CUST000088,2025-06-14,18932600.0,
TXN0002319,CUST000162,2023-07-30,13521200.0,
TXN0002320,CUST000206,2022-12-18,1646600.0,
TXN0002321,CUST000334,2025-01-01,6447400.0,
TXN0002322,CUST000826,2023-12-30,779900.0,CAMP0013
TXN0002323,CUST000015,2024-09-14,3291800.0,CAMP0017
TXN0002324,CUST000593,2024-06-18,9720600.0,
TXN0002325,CUST000500,2025-02-15,5904200.0,
TXN0002326,CUST000369,2024-10-19,5517800.0,
TXN0002327,CUST000028,2025-07-25,5232100.0,
TXN0002328,CUST000013,2023-11-04,4873300.0,CAMP0012
TXN0002329,CUST000889,2023-11-12,9051700.0,
TXN0002330,CUST001117,2024-11-09,246400.0,
TXN0002331,CUST000338,2025-01-28,464700.0,
TXN0002332,CUST000278,2025-06-27,4989000.0,
TXN0002333,CUST001177,2025-07-27,14988700.0,
TXN0002334,CUST000089,2023-09-19,6474800.0,CAMP0011
TXN0002335,CUST001141,2025-09-30,472200.0,
TXN0002336,CUST001142,2024-04-16,7293700.0,
TXN0002337,CUST000816,2024-12-02,913800.0,
TXN0002338,CUST000253,2025-03-27,3341100.0,
TXN0002339,CUST000286,2025-08-29,22524700.0,CAMP0023
TXN0002340,CUST000129,2024-12-04,3721300.0,
TXN0002341,CUST000867,2024-10-12,166800.0,
TXN0002342,CUST000111,2024-04-10,14362300.0,
TXN0002343,CUST000503,2025-05-24,3520800.0,
TXN0002344,CUST000749,2024-12-20,298800.0,
TXN0002345,CUST000958,2024-12-28,1742400.0,CAMP0019
TXN0002346,CUST001075,2025-12-03,13746100.0,
TXN0002347,CUST001135,2025-07-07,27440500.0,
TXN0002348,CUST001146,2024-12-28,4546000.0,
TXN0002349,CUST000980,2025-08-21,1863000.0,
TXN0002350,CUST000501,2022-04-05,1252600.0,
TXN0002351,CUST000336,2023-01-26,17798200.0,
TXN0002352,CUST000431,2025-09-13,7648500.0,
TXN0002353,CUST000809,2025-07-08,10634000.0,
TXN0002354,CUST000485,2025-06-19,4038500.0,CAMP0022
TXN0002355,CUST000374,2025-05-19,2925200.0,CAMP0021
TXN0002356,CUST000609,2025-01-23,554600.0,
TXN0002357,CUST000019,2025-04-13,24852200.0,
TXN0002358,CUST000797,2022-05-13,14395300.0,CAMP0003
TXN0002359,CUST000583,2024-04-19,14878600.0,
TXN0002360,CUST000309,2024-10-28,2732700.0,
TXN0002361,CUST000612,2025-09-27,7748200.0,
TXN0002362,CUST000071,2024-07-09,11295100.0,
TXN0002363,CUST000610,2024-07-11,939800.0,
TXN0002364,CUST000752,2025-05-23,898800.0,CAMP0021
TXN0002365,CUST000881,2024-04-25,1621800.0,
TXN0002366,CUST000391,2025-11-20,5722300.0,CAMP0024
TXN0002367,CUST000428,2023-08-16,3517100.0,
TXN0002368,CUST000071,2025-12-11,3592100.0,
TXN0002369,CUST000444,2023-12-14,6988400.0,
TXN0002370,CUST000208,2022-12-07,792800.0,
TXN0002371,CUST000214,2025-01-09,12730300.0,
TXN0002372,CUST000335,2024-08-26,3663900.0,CAMP0017
TXN0002373,CUST000699,2024-06-13,3523600.0,
TXN0002374,CUST001077,2025-12-26,37181100.0,
TXN0002375,CUST000788,2025-03-01,174000.0,
TXN0002376,CUST000758,2024-11-21,2134900.0,
TXN0002377,CUST000665,2025-09-25,2137400.0,
TXN0002378,CUST000911,2024-12-12,743400.0,
TXN0002379,CUST001176,2022-12-09,8291400.0,
TXN0002380,CUST000730,2025-09-24,3388000.0,
TXN0002381,CUST001023,2025-08-21,22838500.0,
TXN0002382,CUST000964,2024-11-23,13764400.0,
TXN0002383,CUST000272,2025-04-17,198900.0,
TXN0002384,CUST000850,2025-08-29,5031800.0,
TXN0002385,CUST000533,2025-03-12,22145600.0,CAMP0020
TXN0002386,CUST000652,2025-05-26,245600.0,CAMP0021
TXN0002387,CUST000837,2023-07-06,892200.0,
TXN0002388,CUST000549,2024-01-07,27499200.0,CAMP0013
TXN0002389,CUST000100,2024-05-18,353700.0,
TXN0002390,CUST000436,2024-06-13,30667400.0,
TXN0002391,CUST000690,2025-12-26,405700.0,
TXN0002392,CUST000743,2025-03-07,6536900.0,
TXN0002393,CUST001008,2024-04-02,10678600.0,CAMP0014
TXN0002394,CUST000003,2023-09-22,14120800.0,
TXN0002395,CUST000036,2025-05-22,7575900.0,CAMP0021
TXN0002396,CUST000942,2025-04-16,9426600.0,
TXN0002397,CUST000633,2023-11-04,13808300.0,
TXN0002398,CUST000567,2024-12-18,13712600.0,
TXN0002399,CUST000574,2024-11-11,15387800.0,
TXN0002400,CUST000787,2025-06-14,258800.0,
TXN0002401,CUST000189,2025-07-20,567000.0,
TXN0002402,CUST000604,2022-11-16,13893200.0,CAMP0006
TXN0002403,CUST000296,2025-03-05,2424400.0,
TXN0002404,CUST001174,2022-12-06,392100.0,
TXN0002405,CUST000559,2025-10-14,9817900.0,
TXN0002406,CUST000145,2025-12-12,1055800.0,
TXN0002407,CUST000948,2025-10-24,17600.0,
TXN0002408,CUST000657,2025-02-14,5250700.0,
TXN0002409,CUST001128,2025-07-04,10241200.0,CAMP0022
TXN0002410,CUST000818,2023-07-28,12505700.0,
TXN0002411,CUST000181,2025-10-23,13377100.0,
TXN0002412,CUST000015,2024-04-15,7162600.0,
TXN0002413,CUST000301,2025-08-27,5604300.0,
TXN0002414,CUST000497,2024-04-14,2283200.0,
TXN0002415,CUST000672,2025-10-09,7668500.0,
TXN0002416,CUST000906,2024-04-02,5969400.0,CAMP0014
TXN0002417,CUST000697,2025-09-08,298800.0,
TXN0002418,CUST000068,2025-02-15,2158000.0,
TXN0002419,CUST001058,2024-10-16,2262000.0,
TXN0002420,CUST000157,2025-05-31,127200.0,
TXN0002421,CUST000210,2023-09-08,13664000.0,
TXN0002422,CUST000910,2025-07-03,12214300.0,
TXN0002423,CUST000923,2025-12-22,9515300.0,
TXN0002424,CUST001050,2023-12-31,4584400.0,
TXN0002425,CUST000867,2025-06-04,25441800.0,
TXN0002426,CUST000448,2025-09-28,11227000.0,
TXN0002427,CUST000329,2025-11-26,6529200.0,
TXN0002428,CUST001043,2025-04-21,18620700.0,
TXN0002429,CUST000465,2023-07-16,8597200.0,
TXN0002430,CUST001195,2025-03-14,9384900.0,CAMP0020
TXN0002431,CUST000708,2025-10-27,10964900.0,
TXN0002432,CUST000236,2025-06-14,362300.0,
TXN0002433,CUST000690,2023-04-01,929400.0,
TXN0002434,CUST000148,2025-07-08,9748200.0,
TXN0002435,CUST000561,2025-08-25,4891000.0,CAMP0023
TXN0002436,CUST000257,2025-03-27,9947000.0,
TXN0002437,CUST000713,2022-05-04,49719600.0,
TXN0002438,CUST000253,2025-07-14,11153900.0,
TXN0002439,CUST000493,2024-01-04,6909800.0,
TXN0002440,CUST000451,2025-08-11,52281400.0,
TXN0002441,CUST000734,2024-05-17,8823600.0,
TXN0002442,CUST000671,2023-05-24,2614500.0,
TXN0002443,CUST000433,2023-12-09,2431400.0,
TXN0002444,CUST000630,2024-11-11,10242600.0,CAMP0018
TXN0002445,CUST000782,2025-09-17,7067400.0,
TXN0002446,CUST000770,2024-12-25,37900.0,CAMP0019
TXN0002447,CUST000006,2025-12-29,9429000.0,
TXN0002448,CUST000556,2025-06-13,25398600.0,
TXN0002449,CUST001173,2024-01-25,1097000.0,
TXN0002450,CUST000566,2024-04-29,1464800.0,CAMP0015
TXN0002451,CUST000305,2024-06-15,32727300.0,
TXN0002452,CUST000938,2025-05-09,2204000.0,CAMP0021
TXN0002453,CUST001015,2025-10-20,10124600.0,
TXN0002454,CUST000205,2025-12-16,4549900.0,
TXN0002455,CUST000469,2025-09-13,13141400.0,
TXN0002456,CUST001124,2025-01-12,2978800.0,
TXN0002457,CUST000656,2025-09-19,12210200.0,
TXN0002458,CUST000293,2025-07-03,23662100.0,CAMP0022
TXN0002459,CUST000400,2024-10-22,16524300.0,
TXN0002460,CUST000039,2024-03-25,3084100.0,CAMP0014
TXN0002461,CUST000056,2024-08-09,3005200.0,
TXN0002462,CUST000040,2023-06-30,10516800.0,CAMP0010
TXN0002463,CUST000655,2025-06-21,24586800.0,
TXN0002464,CUST000095,2025-11-09,21818200.0,CAMP0024
TXN0002465,CUST000429,2023-11-03,18003700.0,CAMP0012
TXN0002466,CUST000688,2024-09-10,49892600.0,CAMP0017
TXN0002467,CUST000907,2025-08-27,226500.0,
TXN0002468,CUST000881,2025-01-26,371700.0,
TXN0002469,CUST000507,2025-03-31,8242100.0,
TXN0002470,CUST000476,2025-07-17,39959900.0,
TXN0002471,CUST001153,2024-02-01,4037100.0,
TXN0002472,CUST000854,2024-11-02,5076000.0,
TXN0002473,CUST001192,2025-10-16,4225200.0,
TXN0002474,CUST000651,2024-10-15,13197800.0,
TXN0002475,CUST000512,2024-12-28,1929000.0,CAMP0019
TXN0002476,CUST000321,2025-12-10,7077300.0,
TXN0002477,CUST000587,2025-03-27,7138500.0,CAMP0020
TXN0002478,CUST000485,2025-06-13,44708500.0,
TXN0002479,CUST001056,2023-11-18,7019600.0,CAMP0012
TXN0002480,CUST000341,2022-03-05,2004800.0,
TXN0002481,CUST001135,2025-12-25,230600.0,
TXN0002482,CUST000792,2025-11-02,3866400.0,CAMP0024
TXN0002483,CUST000610,2025-08-13,16100000.0,
TXN0002484,CUST000706,2025-08-26,1015800.0,CAMP0023
TXN0002485,CUST000024,2025-03-06,37674600.0,
TXN0002486,CUST000785,2025-03-13,9314100.0,CAMP0020
TXN0002487,CUST000068,2024-10-08,7296700.0,
TXN0002488,CUST001163,2025-09-25,2963600.0,
TXN0002489,CUST000558,2024-07-31,45653200.0,
TXN0002490,CUST000421,2025-11-23,4458900.0,
TXN0002491,CUST000128,2024-06-15,1673300.0,
TXN0002492,CUST000821,2024-06-23,595100.0,
TXN0002493,CUST000331,2025-09-26,7744800.0,
TXN0002494,CUST000855,2025-12-24,179700.0,
TXN0002495,CUST000149,2025-12-15,9815500.0,
TXN0002496,CUST001134,2024-04-23,3886200.0,CAMP0015
TXN0002497,CUST000980,2023-07-09,33836500.0,
TXN0002498,CUST000203,2024-09-19,43811600.0,
TXN0002499,CUST000951,2022-04-16,1729800.0,
TXN0002500,CUST000189,2023-04-02,471900.0,CAMP0008
TXN0002501,CUST000154,2025-12-04,31104300.0,
TXN0002502,CUST000147,2025-01-15,4783300.0,CAMP0019
TXN0002503,CUST000244,2024-09-25,17701100.0,
TXN0002504,CUST000679,2024-02-26,23320700.0,
TXN0002505,CUST000706,2025-06-17,27313300.0,
TXN0002506,CUST000154,2023-10-07,2472100.0,
TXN0002507,CUST000134,2025-07-18,6927200.0,
TXN0002508,CUST000579,2025-03-12,9435900.0,
TXN0002509,CUST000824,2025-03-25,3593600.0,
TXN0002510,CUST000177,2025-10-20,1632700.0,
TXN0002511,CUST000830,2025-05-16,6778000.0,
TXN0002512,CUST000976,2022-09-16,4011900.0,
TXN0002513,CUST000563,2024-10-21,10064800.0,CAMP0018
TXN0002514,CUST000211,2022-09-29,412800.0,
TXN0002515,CUST000121,2024-08-03,1433800.0,
TXN0002516,CUST001099,2025-04-04,761600.0,
TXN0002517,CUST000346,2024-04-06,16829600.0,CAMP0014
TXN0002518,CUST000582,2022-06-16,10516400.0,
TXN0002519,CUST000559,2023-08-07,973800.0,
TXN0002520,CUST000927,2024-11-04,615400.0,CAMP0018
TXN0002521,CUST000644,2024-10-08,4898900.0,
TXN0002522,CUST000593,2023-09-13,1919500.0,CAMP0011
TXN0002523,CUST000150,2023-03-13,1266800.0,CAMP0008
TXN0002524,CUST000259,2025-09-08,162600.0,CAMP0023
TXN0002525,CUST000931,2023-10-06,1731700.0,
TXN0002526,CUST001138,2023-11-09,994400.0,
TXN0002527,CUST001020,2023-01-14,3681100.0,CAMP0007
TXN0002528,CUST000514,2023-07-20,6689400.0,
TXN0002529,CUST000763,2025-10-30,50591300.0,
TXN0002530,CUST000736,2024-10-27,24110800.0,
TXN0002531,CUST000479,2025-08-24,4049500.0,CAMP0023
TXN0002532,CUST000191,2023-11-07,12371900.0,
TXN0002533,CUST001049,2024-09-25,3039800.0,
TXN0002534,CUST000606,2025-06-10,992400.0,
TXN0002535,CUST000378,2024-10-01,1919500.0,
TXN0002536,CUST001050,2022-05-22,501200.0,
TXN0002537,CUST000259,2025-02-13,787800.0,
TXN0002538,CUST000506,2025-12-25,8680300.0,
TXN0002539,CUST001198,2025-12-25,994400.0,
TXN0002540,CUST001022,2025-07-08,331200.0,
TXN0002541,CUST000337,2024-10-13,6978300.0,
TXN0002542,CUST000372,2025-12-21,29761400.0,
TXN0002543,CUST000464,2022-08-06,55261800.0,
TXN0002544,CUST000186,2024-12-08,5777500.0,
TXN0002545,CUST000285,2024-12-02,473100.0,
TXN0002546,CUST000835,2025-07-29,4382600.0,
TXN0002547,CUST000011,2025-09-13,11007000.0,
TXN0002548,CUST000249,2025-02-03,4941300.0,
TXN0002549,CUST000857,2025-05-21,5038700.0,
TXN0002550,CUST000174,2025-05-17,179800.0,
TXN0002551,CUST000377,2025-05-11,23745400.0,CAMP0021
TXN0002552,CUST000725,2025-05-02,1851800.0,CAMP0021
TXN0002553,CUST000445,2024-11-15,7338000.0,
TXN0002554,CUST001095,2025-05-04,8719800.0,
TXN0002555,CUST000243,2025-08-29,1056100.0,
TXN0002556,CUST000877,2025-09-19,14044600.0,
TXN0002557,CUST000055,2025-12-14,1874200.0,
TXN0002558,CUST001122,2023-03-16,3082200.0,
TXN0002559,CUST000801,2025-05-09,5316400.0,CAMP0021
TXN0002560,CUST000996,2023-05-22,39825300.0,
TXN0002561,CUST000172,2023-09-21,4194400.0,CAMP0011
TXN0002562,CUST000929,2024-05-26,1409400.0,
TXN0002563,CUST000150,2024-03-23,17283900.0,CAMP0014
TXN0002564,CUST000260,2024-12-31,24166100.0,
TXN0002565,CUST000699,2025-11-05,12461600.0,CAMP0024
TXN0002566,CUST000063,2025-01-12,993100.0,
TXN0002567,CUST000452,2024-05-14,2874800.0,CAMP0015
TXN0002568,CUST000648,2024-08-18,5489600.0,CAMP0017
TXN0002569,CUST000962,2024-07-01,27686600.0,CAMP0016
TXN0002570,CUST000753,2025-05-29,127200.0,
TXN0002571,CUST000645,2024-01-25,9566900.0,
TXN0002572,CUST000293,2025-11-05,1141600.0,
TXN0002573,CUST000856,2025-07-15,584000.0,
TXN0002574,CUST000903,2023-12-11,12425100.0,
TXN0002575,CUST000617,2024-11-18,16120100.0,
TXN0002576,CUST000013,2024-01-15,5738200.0,
TXN0002577,CUST000597,2025-11-27,97800.0,
TXN0002578,CUST000417,2024-12-22,11962200.0,
TXN0002579,CUST000115,2025-02-25,2674400.0,CAMP0020
TXN0002580,CUST000834,2025-03-15,24583400.0,CAMP0020
TXN0002581,CUST000284,2025-12-25,4504200.0,
TXN0002582,CUST000260,2024-09-29,42918000.0,
TXN0002583,CUST000047,2025-12-25,3652900.0,
TXN0002584,CUST000688,2025-12-21,9485500.0,
TXN0002585,CUST000859,2025-08-06,29248100.0,
TXN0002586,CUST000002,2023-10-05,787800.0,CAMP0011
TXN0002587,CUST000707,2025-12-24,4109000.0,
TXN0002588,CUST000126,2023-11-19,383600.0,CAMP0012
TXN0002589,CUST000789,2025-06-29,895200.0,CAMP0022
TXN0002590,CUST000978,2023-12-27,2146800.0,
TXN0002591,CUST001058,2024-11-30,7118800.0,
TXN0002592,CUST000077,2023-11-29,13867100.0,
TXN0002593,CUST000192,2025-04-02,5634700.0,
TXN0002594,CUST001165,2025-05-21,12705800.0,CAMP0021
TXN0002595,CUST000658,2025-10-24,17975600.0,
TXN0002596,CUST000768,2024-01-30,3408900.0,
TXN0002597,CUST000671,2025-01-07,22290300.0,
TXN0002598,CUST000507,2025-06-12,16946900.0,
TXN0002599,CUST000687,2025-12-13,6170100.0,
TXN0002600,CUST001105,2025-03-20,2500400.0,CAMP0020
TXN0002601,CUST000419,2024-10-29,9121800.0,
TXN0002602,CUST000126,2023-03-24,35429900.0,
TXN0002603,CUST000010,2025-12-08,4470200.0,
TXN0002604,CUST001138,2023-07-16,35880400.0,CAMP0010
TXN0002605,CUST001033,2025-02-24,457100.0,
TXN0002606,CUST000170,2023-11-15,2090000.0,
TXN0002607,CUST000571,2022-11-16,2097900.0,CAMP0006
TXN0002608,CUST000715,2025-09-30,4185000.0,
TXN0002609,CUST000748,2025-12-21,16311700.0,
TXN0002610,CUST000399,2024-08-17,3299000.0,
TXN0002611,CUST000284,2025-11-24,2531600.0,
TXN0002612,CUST001187,2023-01-16,6586700.0,
TXN0002613,CUST000583,2024-12-13,3705800.0,
TXN0002614,CUST001010,2025-11-13,15406000.0,
TXN0002615,CUST000063,2025-09-07,13085600.0,CAMP0023
TXN0002616,CUST000536,2025-04-14,1107500.0,
TXN0002617,CUST000592,2025-11-02,2924600.0,
TXN0002618,CUST000517,2024-10-21,2684700.0,
TXN0002619,CUST000492,2025-11-27,8478300.0,
TXN0002620,CUST000285,2025-09-11,17939000.0,
TXN0002621,CUST000341,2024-12-11,562700.0,
TXN0002622,CUST000290,2022-02-23,60021000.0,
TXN0002623,CUST001146,2024-04-22,4912000.0,
TXN0002624,CUST000406,2024-05-21,2638000.0,CAMP0015
TXN0002625,CUST000117,2025-01-28,28513200.0,
TXN0002626,CUST001089,2025-04-26,1716200.0,
TXN0002627,CUST000571,2022-06-13,11053600.0,
TXN0002628,CUST000538,2025-08-13,2797600.0,
TXN0002629,CUST000182,2023-09-29,15332800.0,
TXN0002630,CUST000879,2024-11-14,2516700.0,
TXN0002631,CUST000526,2025-09-20,22449600.0,
TXN0002632,CUST000151,2025-07-17,2027700.0,
TXN0002633,CUST001124,2024-05-07,29756800.0,
TXN0002634,CUST000918,2025-10-28,38608600.0,
TXN0002635,CUST000836,2024-11-08,498400.0,
TXN0002636,CUST000875,2025-03-21,11312000.0,
TXN0002637,CUST000257,2025-07-30,45319300.0,
TXN0002638,CUST000942,2025-12-04,4511600.0,
TXN0002639,CUST001055,2025-07-26,1295000.0,
TXN0002640,CUST000917,2025-12-12,18231500.0,
TXN0002641,CUST001190,2024-03-16,2916400.0,
TXN0002642,CUST000984,2024-12-17,39287200.0,
TXN0002643,CUST000607,2022-07-22,1912500.0,
TXN0002644,CUST000224,2025-11-22,15469800.0,
TXN0002645,CUST000719,2025-12-21,238000.0,
TXN0002646,CUST000165,2025-10-14,127200.0,
TXN0002647,CUST000081,2024-12-03,6418100.0,
TXN0002648,CUST000371,2025-09-07,12640100.0,
TXN0002649,CUST000402,2023-12-17,249200.0,
TXN0002650,CUST000697,2025-09-11,245600.0,
TXN0002651,CUST000074,2025-01-11,16047900.0,
TXN0002652,CUST000332,2025-01-29,429500.0,
TXN0002653,CUST001149,2025-07-04,9895500.0,
TXN0002654,CUST000789,2025-01-05,7068100.0,CAMP0019
TXN0002655,CUST000051,2025-10-11,3583000.0,
TXN0002656,CUST000753,2025-10-23,4800200.0,
TXN0002657,CUST000519,2025-07-25,949800.0,
TXN0002658,CUST000780,2025-12-20,5258300.0,
TXN0002659,CUST000608,2025-07-06,3260000.0,
TXN0002660,CUST001013,2025-02-04,24254300.0,
TXN0002661,CUST000969,2025-03-18,15808500.0,CAMP0020
TXN0002662,CUST000691,2025-05-05,198900.0,
TXN0002663,CUST000626,2024-04-19,2689800.0,
TXN0002664,CUST000359,2025-09-09,4843900.0,CAMP0023
TXN0002665,CUST000402,2025-07-01,4826000.0,
TXN0002666,CUST001004,2024-10-11,48816800.0,
TXN0002667,CUST000283,2024-04-24,4577200.0,
TXN0002668,CUST001152,2024-06-21,15130800.0,
TXN0002669,CUST000477,2025-08-15,7138900.0,
TXN0002670,CUST000162,2025-07-21,1494600.0,
TXN0002671,CUST000490,2025-03-31,4642400.0,
TXN0002672,CUST000779,2025-12-23,20432200.0,
TXN0002673,CUST001073,2024-10-05,7660800.0,
TXN0002674,CUST000165,2025-07-07,3108600.0,
TXN0002675,CUST000624,2024-12-09,8741400.0,
TXN0002676,CUST000278,2025-10-21,43999200.0,
TXN0002677,CUST000410,2025-01-06,38469200.0,
TXN0002678,CUST000342,2025-08-05,4676300.0,
TXN0002679,CUST001047,2025-09-25,6340800.0,
TXN0002680,CUST000884,2024-05-31,24189900.0,
TXN0002681,CUST000152,2025-11-10,19620000.0,
TXN0002682,CUST000205,2023-01-09,10218600.0,
TXN0002683,CUST000186,2025-07-16,6622600.0,
TXN0002684,CUST000821,2025-04-13,4913300.0,
TXN0002685,CUST000505,2025-02-27,11330400.0,CAMP0020
TXN0002686,CUST000131,2023-09-07,2574200.0,
TXN0002687,CUST000175,2025-03-26,392800.0,
TXN0002688,CUST000763,2025-07-28,1351800.0,
TXN0002689,CUST001199,2025-06-20,3749800.0,
TXN0002690,CUST000235,2025-11-09,45430500.0,
TXN0002691,CUST000876,2024-03-30,20387800.0,
TXN0002692,CUST000155,2024-02-01,10305300.0,
TXN0002693,CUST000281,2025-12-30,3778400.0,
TXN0002694,CUST000403,2025-05-19,3476800.0,CAMP0021
TXN0002695,CUST001067,2024-01-26,8134500.0,
TXN0002696,CUST001031,2024-09-02,11529700.0,CAMP0017
TXN0002697,CUST000713,2023-11-04,114400.0,CAMP0012
TXN0002698,CUST001110,2025-03-16,744700.0,
TXN0002699,CUST001126,2025-10-26,1886100.0,
TXN0002700,CUST000643,2023-05-09,2996800.0,
TXN0002701,CUST000206,2025-06-25,5024800.0,CAMP0022
TXN0002702,CUST000356,2023-06-23,2594700.0,
TXN0002703,CUST000487,2025-12-20,19644300.0,
TXN0002704,CUST001046,2024-09-07,13557800.0,CAMP0017
TXN0002705,CUST000104,2025-05-02,188000.0,
TXN0002706,CUST000551,2025-10-05,162600.0,
TXN0002707,CUST000214,2024-03-10,1659000.0,
TXN0002708,CUST001197,2025-12-07,892200.0,
TXN0002709,CUST000623,2024-04-21,3074000.0,
TXN0002710,CUST000705,2024-04-03,44872300.0,
TXN0002711,CUST000239,2025-05-23,7563500.0,
TXN0002712,CUST000782,2024-09-30,7815800.0,
TXN0002713,CUST000587,2023-03-12,36885100.0,
TXN0002714,CUST000619,2025-01-19,9940100.0,
TXN0002715,CUST000227,2022-08-14,789900.0,CAMP0004
TXN0002716,CUST000231,2024-12-07,4381100.0,
TXN0002717,CUST000796,2025-07-31,2632300.0,
TXN0002718,CUST001129,2025-08-21,711600.0,
TXN0002719,CUST000997,2025-02-01,29828900.0,
TXN0002720,CUST000989,2023-11-26,4845300.0,
TXN0002721,CUST000773,2025-12-08,601600.0,
TXN0002722,CUST000349,2024-09-21,5021800.0,
TXN0002723,CUST001195,2025-01-07,1560900.0,
TXN0002724,CUST001077,2025-11-04,1779000.0,CAMP0024
TXN0002725,CUST000219,2025-08-13,2241900.0,
TXN0002726,CUST001119,2024-07-30,796200.0,
TXN0002727,CUST000887,2022-11-27,1516600.0,CAMP0006
TXN0002728,CUST000345,2025-10-18,9664300.0,
TXN0002729,CUST000841,2025-06-21,7398200.0,
TXN0002730,CUST000234,2023-07-21,202200.0,
TXN0002731,CUST000873,2025-09-04,5414800.0,CAMP0023
TXN0002732,CUST000864,2023-04-03,1100700.0,
TXN0002733,CUST000093,2025-06-02,9917100.0,CAMP0021
TXN0002734,CUST000481,2025-03-02,44511500.0,
TXN0002735,CUST000701,2023-07-27,7036600.0,
TXN0002736,CUST001011,2025-09-06,1657200.0,
TXN0002737,CUST000249,2025-12-19,4926100.0,
TXN0002738,CUST001137,2025-05-12,1031900.0,
TXN0002739,CUST000018,2025-09-18,9032400.0,
TXN0002740,CUST000743,2025-09-18,14549800.0,
TXN0002741,CUST000674,2025-11-25,2283200.0,
TXN0002742,CUST001041,2024-09-05,395600.0,
TXN0002743,CUST000964,2023-07-23,3399700.0,
TXN0002744,CUST000602,2023-06-16,3035400.0,
TXN0002745,CUST000554,2024-11-05,10469900.0,CAMP0018
TXN0002746,CUST000193,2025-01-19,239700.0,
TXN0002747,CUST000595,2024-07-06,2477100.0,
TXN0002748,CUST000064,2023-10-12,9071200.0,CAMP0011
TXN0002749,CUST000242,2025-10-24,7248600.0,
TXN0002750,CUST001014,2025-06-28,4482200.0,
TXN0002751,CUST000656,2025-08-21,1645700.0,
TXN0002752,CUST001042,2025-07-22,30759600.0,
TXN0002753,CUST000548,2024-01-03,5372000.0,
TXN0002754,CUST000344,2025-06-23,887400.0,
TXN0002755,CUST001110,2025-12-25,261100.0,
TXN0002756,CUST000626,2023-10-05,8439600.0,
TXN0002757,CUST000364,2025-10-06,535800.0,
TXN0002758,CUST000615,2025-08-03,26336700.0,
TXN0002759,CUST000522,2024-02-18,12195500.0,
TXN0002760,CUST000704,2022-10-02,6623900.0,
TXN0002761,CUST000983,2023-01-25,2982100.0,
TXN0002762,CUST000670,2024-01-16,1135300.0,CAMP0013
TXN0002763,CUST001126,2025-08-14,6124500.0,
TXN0002764,CUST000280,2025-04-13,30360400.0,
TXN0002765,CUST001104,2025-10-05,3461000.0,
TXN0002766,CUST000175,2024-07-03,22878100.0,
TXN0002767,CUST000735,2024-11-17,2467400.0,CAMP0018
TXN0002768,CUST000535,2025-10-16,562700.0,
TXN0002769,CUST000891,2025-12-27,23184400.0,
TXN0002770,CUST000703,2025-03-26,9814200.0,
TXN0002771,CUST001149,2025-10-19,380800.0,
TXN0002772,CUST000679,2025-04-05,37900.0,
TXN0002773,CUST000267,2023-11-08,199200.0,
TXN0002774,CUST001005,2025-08-12,4193600.0,
TXN0002775,CUST000511,2025-04-19,2908100.0,
TXN0002776,CUST000662,2025-01-29,5389600.0,
TXN0002777,CUST000900,2025-10-18,49402300.0,
TXN0002778,CUST001003,2025-01-15,13921100.0,CAMP0019
TXN0002779,CUST000106,2024-06-09,4249900.0,
TXN0002780,CUST001042,2025-12-23,4422400.0,
TXN0002781,CUST000901,2025-11-26,10582300.0,
TXN0002782,CUST000574,2025-11-05,14365400.0,CAMP0024
TXN0002783,CUST000911,2025-05-24,11312000.0,
TXN0002784,CUST000543,2025-07-16,21335900.0,
TXN0002785,CUST001029,2025-06-17,303800.0,
TXN0002786,CUST000942,2025-09-25,9502400.0,
TXN0002787,CUST001142,2025-07-30,8959200.0,
TXN0002788,CUST000957,2025-05-21,127200.0,CAMP0021
TXN0002789,CUST000181,2023-03-03,2152700.0,
TXN0002790,CUST000067,2025-12-10,688500.0,
TXN0002791,CUST000069,2025-08-22,2311300.0,
TXN0002792,CUST000704,2024-01-03,37589800.0,
TXN0002793,CUST000881,2023-12-16,2027700.0,
TXN0002794,CUST000956,2025-01-16,10424100.0,
TXN0002795,CUST000165,2025-05-24,3057200.0,CAMP0021
TXN0002796,CUST000964,2024-12-29,14295800.0,
TXN0002797,CUST001196,2025-06-20,2952500.0,CAMP0022
TXN0002798,CUST000768,2023-02-10,10470300.0,
TXN0002799,CUST001017,2024-09-09,4418600.0,CAMP0017
TXN0002800,CUST000138,2025-05-21,17600.0,CAMP0021
TXN0002801,CUST001090,2025-02-19,2830800.0,
TXN0002802,CUST000930,2025-12-06,6129700.0,
TXN0002803,CUST000006,2025-06-11,418800.0,
TXN0002804,CUST000463,2025-11-23,11654300.0,
TXN0002805,CUST000982,2025-02-08,197800.0,
TXN0002806,CUST000417,2025-12-10,701000.0,
TXN0002807,CUST000728,2025-07-10,4113900.0,
TXN0002808,CUST000431,2025-12-21,2352500.0,
TXN0002809,CUST001183,2025-11-03,9770000.0,
TXN0002810,CUST000227,2024-04-30,27058000.0,
TXN0002811,CUST001172,2024-10-15,5546600.0,
TXN0002812,CUST000355,2023-12-22,1287400.0,
TXN0002813,CUST000496,2025-07-17,116700.0,
TXN0002814,CUST000356,2023-07-25,5446900.0,
TXN0002815,CUST000403,2025-07-07,26963400.0,CAMP0022
TXN0002816,CUST000129,2024-10-19,1409700.0,
TXN0002817,CUST000608,2023-12-19,6364500.0,
TXN0002818,CUST001125,2024-08-04,2346700.0,
TXN0002819,CUST000667,2024-12-05,230600.0,
TXN0002820,CUST000202,2023-11-12,2412000.0,
TXN0002821,CUST000211,2022-11-04,861900.0,
TXN0002822,CUST001079,2025-01-17,20793200.0,
TXN0002823,CUST000253,2024-12-26,48984900.0,
TXN0002824,CUST000781,2025-01-08,2535600.0,
TXN0002825,CUST000177,2025-06-26,22449600.0,CAMP0022
TXN0002826,CUST001009,2024-03-14,1529600.0,
TXN0002827,CUST000324,2022-12-05,2978800.0,
TXN0002828,CUST000548,2025-01-24,45697300.0,
TXN0002829,CUST000251,2023-12-01,20453900.0,
TXN0002830,CUST000033,2024-09-11,99400.0,CAMP0017
TXN0002831,CUST000537,2022-12-08,2697600.0,
TXN0002832,CUST001187,2022-09-30,5631500.0,
TXN0002833,CUST000532,2025-05-17,231600.0,CAMP0021
TXN0002834,CUST000884,2025-12-30,35663600.0,
TXN0002835,CUST000781,2024-10-30,11436000.0,
TXN0002836,CUST000263,2024-07-06,12294700.0,
TXN0002837,CUST000916,2024-10-23,15093000.0,
TXN0002838,CUST001148,2025-04-27,2698800.0,CAMP0021
TXN0002839,CUST001149,2025-08-30,7533500.0,
TXN0002840,CUST001140,2024-10-07,6154000.0,
TXN0002841,CUST001096,2024-03-22,718500.0,
TXN0002842,CUST000316,2024-03-25,17469900.0,
TXN0002843,CUST000866,2025-09-08,2360800.0,
TXN0002844,CUST000551,2025-08-23,30027600.0,
TXN0002845,CUST000979,2025-07-07,1965200.0,
TXN0002846,CUST000937,2024-07-24,168200.0,
TXN0002847,CUST000597,2025-10-14,2877300.0,
TXN0002848,CUST000870,2025-08-06,26109300.0,
TXN0002849,CUST000148,2025-08-14,17617100.0,
TXN0002850,CUST000103,2025-09-10,1890800.0,
TXN0002851,CUST000812,2023-07-06,4011900.0,
TXN0002852,CUST000318,2024-10-22,33271000.0,
TXN0002853,CUST000343,2025-12-07,4823600.0,
TXN0002854,CUST001037,2023-03-26,2819800.0,
TXN0002855,CUST000684,2025-12-15,15084800.0,
TXN0002856,CUST000820,2025-05-23,33674400.0,CAMP0021
TXN0002857,CUST000033,2024-07-01,7184300.0,
TXN0002858,CUST000896,2025-10-17,1901200.0,
TXN0002859,CUST000099,2025-11-27,1971500.0,
TXN0002860,CUST000314,2025-10-26,1470300.0,CAMP0024
TXN0002861,CUST000732,2025-03-21,2641700.0,
TXN0002862,CUST000656,2025-10-21,2486000.0,
TXN0002863,CUST000854,2023-12-18,2185600.0,
TXN0002864,CUST001049,2024-09-11,6322600.0,CAMP0017
TXN0002865,CUST001034,2023-12-11,27784000.0,
TXN0002866,CUST000629,2025-08-10,877400.0,
TXN0002867,CUST000565,2025-11-20,2970300.0,
TXN0002868,CUST000975,2024-02-11,7559000.0,
TXN0002869,CUST000741,2024-05-07,14360100.0,
TXN0002870,CUST000885,2025-09-13,26115400.0,
TXN0002871,CUST001193,2025-01-06,7930200.0,
TXN0002872,CUST000956,2025-03-06,806200.0,CAMP0020
TXN0002873,CUST000517,2025-03-29,8821100.0,CAMP0020
TXN0002874,CUST000749,2025-09-07,4086300.0,CAMP0023
TXN0002875,CUST000767,2025-04-11,28135400.0,
TXN0002876,CUST000487,2024-11-13,8215700.0,
TXN0002877,CUST000201,2025-09-14,11806800.0,
TXN0002878,CUST000344,2023-08-14,575400.0,
TXN0002879,CUST000004,2024-04-04,283500.0,CAMP0014
TXN0002880,CUST000197,2025-02-04,1222700.0,
TXN0002881,CUST000655,2025-12-12,5547300.0,
TXN0002882,CUST000825,2024-04-27,3450500.0,CAMP0015
TXN0002883,CUST000207,2022-12-11,293400.0,
TXN0002884,CUST000064,2023-02-12,4916800.0,
TXN0002885,CUST000785,2025-09-01,2454700.0,CAMP0023
TXN0002886,CUST000225,2024-12-09,78766200.0,
TXN0002887,CUST000878,2025-07-13,1555500.0,
TXN0002888,CUST000094,2025-06-17,376000.0,
TXN0002889,CUST000273,2024-05-26,4478400.0,
TXN0002890,CUST000015,2022-06-15,4668000.0,
TXN0002891,CUST001009,2025-08-14,24772900.0,
TXN0002892,CUST000983,2025-05-05,1700700.0,
TXN0002893,CUST000468,2025-08-07,13028000.0,
TXN0002894,CUST001052,2024-03-03,1209000.0,
TXN0002895,CUST000140,2023-09-22,4737300.0,CAMP0011
TXN0002896,CUST000661,2023-09-04,7668600.0,
TXN0002897,CUST000653,2024-07-29,6582600.0,
TXN0002898,CUST000768,2024-10-17,1376200.0,
TXN0002899,CUST000438,2024-08-10,7339600.0,
TXN0002900,CUST001132,2025-05-30,10089700.0,CAMP0021
TXN0002901,CUST000340,2025-03-15,3389000.0,CAMP0020
TXN0002902,CUST000547,2024-01-28,1494600.0,
TXN0002903,CUST000908,2024-10-11,14552700.0,
TXN0002904,CUST000095,2025-09-09,88192400.0,CAMP0023
TXN0002905,CUST000006,2025-08-25,24034000.0,CAMP0023
TXN0002906,CUST001118,2025-09-22,19335700.0,
TXN0002907,CUST000332,2025-07-12,3212200.0,
TXN0002908,CUST000612,2023-12-31,25767700.0,
TXN0002909,CUST000997,2024-06-28,1599600.0,
TXN0002910,CUST000923,2025-03-08,324600.0,
TXN0002911,CUST000766,2025-04-19,51107300.0,
TXN0002912,CUST000359,2023-05-15,11686800.0,
TXN0002913,CUST000699,2023-10-25,15229600.0,
TXN0002914,CUST000566,2025-02-02,1437400.0,
TXN0002915,CUST000408,2025-04-23,1240500.0,
TXN0002916,CUST000491,2025-12-06,6389200.0,
TXN0002917,CUST001176,2023-05-15,1839100.0,
TXN0002918,CUST000182,2023-03-25,4345100.0,
TXN0002919,CUST000930,2024-10-22,2027000.0,
TXN0002920,CUST000926,2023-03-21,12376400.0,CAMP0008
TXN0002921,CUST001138,2025-11-30,8829400.0,
TXN0002922,CUST001142,2025-07-08,49528200.0,
TXN0002923,CUST000460,2025-05-24,977100.0,
TXN0002924,CUST000092,2025-01-16,2016000.0,CAMP0019
TXN0002925,CUST000541,2025-10-20,34326400.0,
TXN0002926,CUST000899,2023-10-14,621000.0,
TXN0002927,CUST000793,2024-12-25,35839300.0,
TXN0002928,CUST000613,2025-06-29,11088400.0,
TXN0002929,CUST000742,2024-03-01,8925000.0,
TXN0002930,CUST000341,2024-04-28,3963000.0,
TXN0002931,CUST000715,2025-07-23,12200400.0,
TXN0002932,CUST000373,2025-07-06,15677500.0,
TXN0002933,CUST000935,2024-12-02,6175000.0,
TXN0002934,CUST000960,2024-12-03,12891000.0,
TXN0002935,CUST000267,2025-02-08,4679700.0,
TXN0002936,CUST000475,2024-02-16,5646200.0,
TXN0002937,CUST000517,2024-03-21,15421400.0,
TXN0002938,CUST000268,2024-02-22,50100100.0,
TXN0002939,CUST000186,2024-01-29,41477500.0,
TXN0002940,CUST001089,2025-12-05,23942000.0,
TXN0002941,CUST000742,2024-07-02,9194100.0,
TXN0002942,CUST000620,2022-10-14,38376800.0,CAMP0005
TXN0002943,CUST000087,2023-05-23,14605400.0,
TXN0002944,CUST000428,2023-10-11,39109700.0,
TXN0002945,CUST001163,2025-05-25,5568500.0,
TXN0002946,CUST000481,2023-10-22,1082200.0,
TXN0002947,CUST000010,2025-05-21,3666900.0,CAMP0021
TXN0002948,CUST000308,2025-12-21,6561400.0,
TXN0002949,CUST000008,2022-12-26,4704200.0,
TXN0002950,CUST000282,2025-10-30,981300.0,
TXN0002951,CUST000270,2025-09-23,7258100.0,
TXN0002952,CUST001170,2025-05-17,15045600.0,
TXN0002953,CUST000700,2024-08-20,5526800.0,
TXN0002954,CUST000022,2025-09-07,675300.0,CAMP0023
TXN0002955,CUST000470,2023-08-19,3714200.0,
TXN0002956,CUST000196,2024-07-02,1989600.0,
TXN0002957,CUST000990,2024-08-08,6480400.0,
TXN0002958,CUST000718,2022-11-12,19782300.0,
TXN0002959,CUST000922,2025-11-15,290400.0,
TXN0002960,CUST001200,2024-11-17,1417900.0,
TXN0002961,CUST000909,2023-07-26,3895000.0,
TXN0002962,CUST000620,2025-12-12,408200.0,
TXN0002963,CUST000613,2025-09-23,36627900.0,
TXN0002964,CUST001060,2025-12-01,37996600.0,
TXN0002965,CUST000984,2023-04-26,1614200.0,
TXN0002966,CUST000624,2025-09-20,3774700.0,
TXN0002967,CUST000692,2025-12-22,3309500.0,
TXN0002968,CUST000554,2025-06-18,726000.0,CAMP0022
TXN0002969,CUST001191,2025-06-28,231200.0,
TXN0002970,CUST001163,2025-04-16,192800.0,
TXN0002971,CUST000859,2025-09-13,54979200.0,
TXN0002972,CUST000284,2025-07-07,16681700.0,
TXN0002973,CUST000473,2023-10-13,8213800.0,
TXN0002974,CUST000233,2025-12-13,1884200.0,
TXN0002975,CUST000863,2025-07-20,623300.0,
TXN0002976,CUST001069,2024-12-26,17551300.0,
TXN0002977,CUST000559,2024-08-06,3690800.0,
TXN0002978,CUST000851,2024-11-28,4934100.0,
TXN0002979,CUST000335,2025-02-10,12261600.0,
TXN0002980,CUST001177,2024-09-17,16320900.0,
TXN0002981,CUST000929,2024-10-16,361800.0,
TXN0002982,CUST000617,2024-01-25,7222500.0,
TXN0002983,CUST000361,2025-01-07,2437600.0,
TXN0002984,CUST000126,2024-09-23,6851000.0,
TXN0002985,CUST000040,2024-07-06,888200.0,
TXN0002986,CUST001143,2025-07-04,4766600.0,CAMP0022
TXN0002987,CUST000477,2024-02-01,3749800.0,
TXN0002988,CUST000472,2025-08-17,16659400.0,
TXN0002989,CUST000045,2025-08-05,2365000.0,
TXN0002990,CUST000664,2022-12-14,21587600.0,
TXN0002991,CUST000184,2024-12-07,1988500.0,
TXN0002992,CUST000560,2024-07-28,866400.0,
TXN0002993,CUST000806,2024-02-23,847400.0,
TXN0002994,CUST000761,2025-09-30,4457700.0,
TXN0002995,CUST000477,2024-09-27,716900.0,
TXN0002996,CUST000187,2025-04-25,8954100.0,
TXN0002997,CUST000964,2023-02-05,1015800.0,
TXN0002998,CUST000804,2025-02-23,20593900.0,
TXN0002999,CUST000036,2025-04-13,1221800.0,
TXN0003000,CUST000153,2025-12-24,50942900.0,
TXN0003001,CUST000150,2024-10-25,765800.0,CAMP0018
TXN0003002,CUST001026,2025-02-25,4888200.0,CAMP0020
TXN0003003,CUST000078,2023-08-12,1271100.0,
TXN0003004,CUST000856,2024-06-04,492800.0,
TXN0003005,CUST000995,2025-04-19,4945200.0,
TXN0003006,CUST000791,2024-04-08,28807000.0,
TXN0003007,CUST000718,2025-12-21,3224800.0,
TXN0003008,CUST000685,2024-07-11,2731800.0,CAMP0016
TXN0003009,CUST001135,2025-06-05,19429200.0,
TXN0003010,CUST000721,2024-09-20,2553300.0,
TXN0003011,CUST000102,2025-03-19,6366600.0,
TXN0003012,CUST000419,2025-07-16,51839200.0,
TXN0003013,CUST001079,2024-09-15,7864700.0,
TXN0003014,CUST000871,2024-11-22,20977500.0,
TXN0003015,CUST000510,2023-02-02,17285000.0,
TXN0003016,CUST001084,2024-08-22,1525200.0,
TXN0003017,CUST000204,2025-06-16,14081800.0,
TXN0003018,CUST000580,2025-07-03,12696200.0,
TXN0003019,CUST000595,2024-11-24,20772400.0,
TXN0003020,CUST000075,2025-12-21,3280400.0,
TXN0003021,CUST000486,2025-12-02,13604200.0,
TXN0003022,CUST000510,2025-07-15,330000.0,
TXN0003023,CUST001189,2023-12-25,4795700.0,
TXN0003024,CUST000570,2025-02-05,7233000.0,
TXN0003025,CUST000313,2025-04-28,4680900.0,
TXN0003026,CUST000671,2024-10-26,2731200.0,CAMP0018
TXN0003027,CUST000266,2024-11-26,4234800.0,CAMP0018
TXN0003028,CUST000756,2025-07-07,4703000.0,
TXN0003029,CUST000089,2025-05-01,57324200.0,
TXN0003030,CUST000782,2023-05-13,52689800.0,CAMP0009
TXN0003031,CUST000297,2024-10-29,4498900.0,
TXN0003032,CUST000501,2024-10-24,10881000.0,CAMP0018
TXN0003033,CUST000226,2025-08-05,2413000.0,
TXN0003034,CUST000779,2025-10-26,2393100.0,CAMP0024
TXN0003035,CUST000541,2024-08-22,67800.0,
TXN0003036,CUST001189,2025-12-31,56851500.0,
TXN0003037,CUST000593,2023-07-19,6304800.0,CAMP0010
TXN0003038,CUST000406,2023-06-18,6108800.0,
TXN0003039,CUST000645,2025-11-01,362300.0,CAMP0024
TXN0003040,CUST000079,2025-05-30,1325200.0,
TXN0003041,CUST000607,2025-03-27,12320500.0,
TXN0003042,CUST000799,2024-04-17,56482600.0,
TXN0003043,CUST000551,2025-04-29,8372000.0,CAMP0021
TXN0003044,CUST000506,2025-08-11,12997600.0,
TXN0003045,CUST000592,2024-08-31,1776300.0,CAMP0017
TXN0003046,CUST000035,2024-09-03,1514300.0,
TXN0003047,CUST001140,2024-03-06,474700.0,CAMP0014
TXN0003048,CUST000681,2024-09-19,31461300.0,
TXN0003049,CUST000044,2025-03-17,25350500.0,
TXN0003050,CUST000776,2025-10-16,9430900.0,
TXN0003051,CUST000052,2024-09-20,6367300.0,
TXN0003052,CUST001176,2023-11-20,3723000.0,
TXN0003053,CUST000867,2025-09-21,2027700.0,
TXN0003054,CUST000049,2024-02-20,435600.0,
TXN0003055,CUST000602,2023-09-01,42467700.0,
TXN0003056,CUST000476,2025-03-13,5339400.0,
TXN0003057,CUST000055,2025-06-11,3321400.0,
TXN0003058,CUST000638,2025-04-05,5893800.0,
TXN0003059,CUST000935,2023-10-12,376000.0,
TXN0003060,CUST000622,2025-11-08,8614800.0,
TXN0003061,CUST000771,2024-08-22,15933200.0,
TXN0003062,CUST000190,2024-03-19,250800.0,
TXN0003063,CUST000255,2025-05-26,41066700.0,
TXN0003064,CUST000948,2024-09-21,1438000.0,
TXN0003065,CUST000280,2024-09-09,23490200.0,
TXN0003066,CUST000760,2025-02-21,4596900.0,
TXN0003067,CUST000672,2025-09-14,13368500.0,
TXN0003068,CUST001108,2025-09-05,18526500.0,
TXN0003069,CUST000356,2024-06-23,1365600.0,
TXN0003070,CUST000228,2025-02-12,4011900.0,
TXN0003071,CUST000869,2025-01-15,4052400.0,
TXN0003072,CUST000474,2023-04-21,135000.0,
TXN0003073,CUST000396,2025-10-16,19330200.0,
TXN0003074,CUST000262,2024-11-28,1563600.0,
TXN0003075,CUST001012,2025-09-11,2526300.0,
TXN0003076,CUST000859,2025-04-20,50437400.0,
TXN0003077,CUST000168,2025-10-30,24199900.0,CAMP0024
TXN0003078,CUST000537,2023-07-08,4340500.0,
TXN0003079,CUST000890,2025-05-03,1263200.0,CAMP0021
TXN0003080,CUST001171,2025-06-22,48307200.0,
TXN0003081,CUST000209,2025-07-05,9732900.0,CAMP0022
TXN0003082,CUST000527,2024-05-03,7753600.0,
TXN0003083,CUST000238,2022-07-28,7180200.0,CAMP0004
TXN0003084,CUST000981,2024-09-21,2500200.0,
TXN0003085,CUST000987,2025-03-21,14606100.0,
TXN0003086,CUST000483,2025-06-03,24261800.0,
TXN0003087,CUST000810,2022-05-13,10575900.0,CAMP0003
TXN0003088,CUST000359,2024-07-01,38629000.0,
TXN0003089,CUST001170,2025-01-08,35589100.0,
TXN0003090,CUST000151,2023-05-26,47916700.0,
TXN0003091,CUST000805,2025-11-25,17521300.0,
TXN0003092,CUST000063,2022-12-09,11324600.0,
TXN0003093,CUST000458,2025-08-02,3243600.0,
TXN0003094,CUST001069,2025-05-07,11318600.0,
TXN0003095,CUST000724,2025-11-19,29588500.0,CAMP0024
TXN0003096,CUST000920,2025-12-25,1583700.0,
TXN0003097,CUST000283,2024-11-24,16290000.0,
TXN0003098,CUST000669,2025-05-20,5715600.0,CAMP0021
TXN0003099,CUST000038,2024-07-07,183500.0,
TXN0003100,CUST001102,2024-12-29,22205000.0,
TXN0003101,CUST000027,2024-03-25,9173100.0,
TXN0003102,CUST001084,2023-12-30,733800.0,
TXN0003103,CUST000563,2024-12-05,12628000.0,
TXN0003104,CUST000852,2025-03-06,13445600.0,
TXN0003105,CUST000966,2025-12-20,5828300.0,
TXN0003106,CUST000571,2023-07-03,2453600.0,CAMP0010
TXN0003107,CUST000541,2024-12-29,15362100.0,CAMP0019
TXN0003108,CUST001004,2025-07-09,3029200.0,
TXN0003109,CUST000606,2025-03-14,198900.0,CAMP0020
TXN0003110,CUST000836,2025-03-10,134700.0,CAMP0020
TXN0003111,CUST000679,2025-01-20,3676200.0,
TXN0003112,CUST001132,2025-05-03,2786900.0,CAMP0021
TXN0003113,CUST000118,2025-08-18,878100.0,
TXN0003114,CUST000179,2025-03-06,8129200.0,
TXN0003115,CUST001113,2025-08-29,9108800.0,CAMP0023
TXN0003116,CUST001093,2025-01-02,683600.0,CAMP0019
TXN0003117,CUST000139,2024-04-04,982700.0,
TXN0003118,CUST000673,2025-07-04,2343000.0,
TXN0003119,CUST000723,2025-05-27,8250400.0,
TXN0003120,CUST001123,2025-07-21,95400.0,
TXN0003121,CUST000958,2024-07-05,1933400.0,CAMP0016
TXN0003122,CUST000002,2025-01-30,10598200.0,
TXN0003123,CUST000421,2024-07-15,9200700.0,
TXN0003124,CUST000145,2024-07-21,16344000.0,
TXN0003125,CUST000217,2025-04-20,1472600.0,
TXN0003126,CUST000956,2025-02-24,30083200.0,
TXN0003127,CUST001064,2025-08-19,21032700.0,
TXN0003128,CUST000481,2025-12-23,14961900.0,
TXN0003129,CUST000583,2025-05-03,29085200.0,
TXN0003130,CUST000089,2024-08-10,17369000.0,
TXN0003131,CUST000610,2025-08-23,3772600.0,
TXN0003132,CUST000511,2024-10-21,42650100.0,
TXN0003133,CUST000644,2025-06-28,3324700.0,
TXN0003134,CUST000080,2025-01-16,1776300.0,
TXN0003135,CUST000795,2023-07-02,6400400.0,
TXN0003136,CUST001095,2025-07-16,10180800.0,
TXN0003137,CUST000484,2023-05-25,1808600.0,CAMP0009
TXN0003138,CUST000805,2025-06-05,1879000.0,
TXN0003139,CUST000678,2024-05-23,8825100.0,CAMP0015
TXN0003140,CUST000504,2024-07-08,12098700.0,CAMP0016
TXN0003141,CUST000925,2023-09-18,3514500.0,
TXN0003142,CUST000151,2023-10-07,12755800.0,
TXN0003143,CUST000221,2025-11-09,9812300.0,CAMP0024
TXN0003144,CUST000212,2024-02-28,4493400.0,
TXN0003145,CUST000747,2024-11-06,1424000.0,
TXN0003146,CUST000760,2025-06-10,36911800.0,
TXN0003147,CUST000435,2024-12-15,6049400.0,
TXN0003148,CUST001000,2025-05-10,851300.0,
TXN0003149,CUST000842,2023-11-29,2767800.0,
TXN0003150,CUST000501,2024-06-20,11981100.0,
TXN0003151,CUST000768,2024-11-27,499800.0,
TXN0003152,CUST000077,2024-09-08,4862000.0,CAMP0017
TXN0003153,CUST000518,2025-04-26,15256700.0,
TXN0003154,CUST000397,2024-10-16,790900.0,
TXN0003155,CUST001184,2024-12-11,9235100.0,
TXN0003156,CUST000856,2024-04-10,5319800.0,
TXN0003157,CUST000298,2025-09-10,10568300.0,CAMP0023
TXN0003158,CUST000647,2024-04-13,25471800.0,
TXN0003159,CUST000397,2024-07-19,861300.0,
TXN0003160,CUST000343,2025-10-08,12376700.0,
TXN0003161,CUST001006,2025-04-20,2590000.0,
TXN0003162,CUST000040,2025-05-08,25918300.0,CAMP0021
TXN0003163,CUST000928,2025-11-28,1946000.0,
TXN0003164,CUST000559,2024-07-04,1752100.0,CAMP0016
TXN0003165,CUST000314,2025-11-26,7453300.0,
TXN0003166,CUST000822,2025-04-16,968000.0,
TXN0003167,CUST000527,2023-12-13,3639900.0,
TXN0003168,CUST000686,2024-06-13,30545400.0,
TXN0003169,CUST000967,2025-08-27,2189900.0,
TXN0003170,CUST000538,2024-01-04,35881300.0,
TXN0003171,CUST000176,2025-07-06,10433300.0,
TXN0003172,CUST000820,2025-05-23,730400.0,CAMP0021
TXN0003173,CUST000212,2025-10-04,571200.0,
TXN0003174,CUST000120,2025-01-18,15927100.0,
TXN0003175,CUST000928,2023-09-04,4785400.0,
TXN0003176,CUST000188,2025-02-26,7982200.0,CAMP0020
TXN0003177,CUST000713,2025-11-26,5774800.0,
TXN0003178,CUST000168,2025-04-16,10482200.0,
TXN0003179,CUST000551,2025-11-23,10932200.0,
TXN0003180,CUST000634,2025-01-15,50707800.0,
TXN0003181,CUST000340,2025-03-29,1987800.0,
TXN0003182,CUST000081,2025-12-16,3203600.0,
TXN0003183,CUST000868,2025-07-24,2828100.0,
TXN0003184,CUST001017,2022-10-26,28177200.0,
TXN0003185,CUST000564,2024-11-25,35820900.0,
TXN0003186,CUST000910,2025-08-08,3215800.0,
TXN0003187,CUST000530,2025-09-03,5023100.0,CAMP0023
TXN0003188,CUST000186,2025-08-20,290100.0,
TXN0003189,CUST000146,2025-04-02,18690500.0,
TXN0003190,CUST000498,2025-09-22,32347900.0,
TXN0003191,CUST000082,2023-12-28,20217700.0,CAMP0013
TXN0003192,CUST000275,2022-12-31,13464800.0,
TXN0003193,CUST000289,2023-03-10,1455600.0,CAMP0008
TXN0003194,CUST000358,2024-03-30,26909000.0,
TXN0003195,CUST000939,2023-10-19,3230200.0,
TXN0003196,CUST000877,2025-12-30,13040300.0,
TXN0003197,CUST000675,2025-12-04,5006800.0,
TXN0003198,CUST000237,2025-11-11,960400.0,
TXN0003199,CUST000007,2024-01-08,25728400.0,
TXN0003200,CUST000056,2023-10-14,3774600.0,
TXN0003201,CUST000497,2024-11-17,10742300.0,CAMP0018
TXN0003202,CUST000492,2025-12-26,283500.0,
TXN0003203,CUST000858,2024-02-10,3539200.0,
TXN0003204,CUST000921,2025-03-08,10524800.0,
TXN0003205,CUST001008,2022-12-15,3973800.0,
TXN0003206,CUST000129,2024-03-12,638900.0,
TXN0003207,CUST000381,2025-12-01,4498200.0,
TXN0003208,CUST001046,2024-10-28,19519800.0,
TXN0003209,CUST001129,2025-06-07,24019200.0,
TXN0003210,CUST001072,2025-10-30,6969100.0,
TXN0003211,CUST000321,2025-05-02,4822300.0,CAMP0021
TXN0003212,CUST000344,2025-09-27,9180000.0,
TXN0003213,CUST001072,2025-11-27,91298200.0,
TXN0003214,CUST001110,2025-10-04,1835100.0,
TXN0003215,CUST000499,2022-12-15,852000.0,
TXN0003216,CUST000920,2025-10-13,5062000.0,
TXN0003217,CUST000833,2023-08-06,17851500.0,
TXN0003218,CUST000871,2024-07-11,6263200.0,
TXN0003219,CUST000075,2023-03-14,1077400.0,CAMP0008
TXN0003220,CUST000947,2025-07-26,11065700.0,
TXN0003221,CUST000047,2024-08-23,2756700.0,CAMP0017
TXN0003222,CUST000841,2025-11-23,5405600.0,
TXN0003223,CUST000852,2025-05-28,23190000.0,
TXN0003224,CUST000704,2024-10-07,17856900.0,
TXN0003225,CUST000384,2025-01-28,12913400.0,
TXN0003226,CUST000022,2025-11-05,1773400.0,
TXN0003227,CUST000066,2025-02-03,2280500.0,
TXN0003228,CUST000264,2023-03-29,904500.0,CAMP0008
TXN0003229,CUST000187,2025-06-29,24924300.0,
TXN0003230,CUST000110,2024-03-12,6034800.0,CAMP0014
TXN0003231,CUST000668,2025-08-05,13675800.0,
TXN0003232,CUST000146,2025-06-11,36964200.0,
TXN0003233,CUST001014,2025-06-17,25031300.0,
TXN0003234,CUST001154,2025-10-26,362300.0,CAMP0024
TXN0003235,CUST000587,2023-05-08,38637900.0,
TXN0003236,CUST000929,2025-06-25,23982100.0,
TXN0003237,CUST000767,2025-05-06,3416700.0,
TXN0003238,CUST000278,2025-10-21,11085900.0,
TXN0003239,CUST000387,2025-12-12,493300.0,
TXN0003240,CUST000586,2022-08-13,3614400.0,CAMP0004
TXN0003241,CUST001180,2023-09-11,314500.0,
TXN0003242,CUST000080,2024-09-08,573100.0,
TXN0003243,CUST000579,2025-02-11,20462600.0,
TXN0003244,CUST000177,2025-11-14,35104100.0,CAMP0024
TXN0003245,CUST000361,2025-09-21,43097900.0,
TXN0003246,CUST000264,2023-08-17,1936200.0,
TXN0003247,CUST000339,2025-12-11,2413000.0,
TXN0003248,CUST001030,2024-04-26,4217700.0,
TXN0003249,CUST000334,2025-08-13,36787500.0,
TXN0003250,CUST000324,2023-03-02,229500.0,
TXN0003251,CUST001180,2025-08-06,13628600.0,
TXN0003252,CUST000144,2024-09-25,25288500.0,
TXN0003253,CUST000906,2023-10-12,22686000.0,CAMP0011
TXN0003254,CUST000142,2025-11-29,1246600.0,
TXN0003255,CUST001123,2025-05-15,35578200.0,
TXN0003256,CUST000047,2025-11-28,1333400.0,
TXN0003257,CUST000057,2025-12-20,648000.0,
TXN0003258,CUST000801,2024-08-09,690400.0,
TXN0003259,CUST000711,2025-12-22,904000.0,
TXN0003260,CUST000464,2022-10-05,17872700.0,
TXN0003261,CUST000113,2024-09-26,28326700.0,
TXN0003262,CUST000818,2025-07-20,3762900.0,
TXN0003263,CUST000576,2025-05-11,14386900.0,
TXN0003264,CUST000652,2025-07-19,1825600.0,
TXN0003265,CUST000135,2024-03-02,10639600.0,
TXN0003266,CUST000406,2024-06-21,530700.0,
TXN0003267,CUST000832,2024-09-20,8545400.0,
TXN0003268,CUST000011,2025-12-15,8642200.0,
TXN0003269,CUST000730,2024-02-03,29300.0,
TXN0003270,CUST001180,2024-08-24,87900.0,
TXN0003271,CUST000339,2024-11-12,12967600.0,CAMP0018
TXN0003272,CUST001090,2023-01-20,3389000.0,
TXN0003273,CUST000843,2024-06-27,6285300.0,
TXN0003274,CUST000545,2023-04-26,3032700.0,
TXN0003275,CUST000937,2024-09-19,13392700.0,
TXN0003276,CUST000250,2025-04-12,11384200.0,
TXN0003277,CUST000519,2025-02-25,26865100.0,
TXN0003278,CUST000141,2024-10-28,1258200.0,
TXN0003279,CUST000156,2024-10-18,36327900.0,
TXN0003280,CUST000529,2023-02-23,4395400.0,
TXN0003281,CUST000184,2024-05-19,2256300.0,
TXN0003282,CUST000559,2025-02-10,4346000.0,
TXN0003283,CUST000059,2024-01-21,2266000.0,
TXN0003284,CUST000282,2022-12-28,19118600.0,
TXN0003285,CUST000912,2025-04-14,2110100.0,
TXN0003286,CUST001200,2024-01-21,1883800.0,
TXN0003287,CUST000068,2025-05-21,4113400.0,
TXN0003288,CUST000532,2025-02-11,3867000.0,
TXN0003289,CUST000387,2025-12-20,19871400.0,
TXN0003290,CUST001181,2025-02-28,63600.0,
TXN0003291,CUST000728,2024-01-27,22349500.0,
TXN0003292,CUST000174,2025-10-05,12464900.0,
TXN0003293,CUST000025,2023-04-30,14367700.0,
TXN0003294,CUST000654,2025-06-03,385400.0,
TXN0003295,CUST000436,2025-03-29,12338800.0,
TXN0003296,CUST000095,2024-09-27,362300.0,
TXN0003297,CUST000953,2025-11-18,32915400.0,
TXN0003298,CUST000692,2025-08-27,2166600.0,CAMP0023
TXN0003299,CUST000642,2025-08-17,6472400.0,
TXN0003300,CUST001096,2025-10-29,13116600.0,
TXN0003301,CUST000850,2025-07-02,1549200.0,
TXN0003302,CUST000133,2025-11-02,3966300.0,
TXN0003303,CUST000248,2023-10-02,2896300.0,
TXN0003304,CUST001194,2025-03-06,1488300.0,
TXN0003305,CUST000354,2024-01-29,43465700.0,
TXN0003306,CUST000989,2024-07-23,5389200.0,
TXN0003307,CUST000354,2024-04-04,792800.0,
TXN0003308,CUST001137,2025-01-19,48638700.0,
TXN0003309,CUST000304,2025-06-03,10374100.0,
TXN0003310,CUST000630,2025-08-07,19024600.0,
TXN0003311,CUST000504,2025-10-01,10427100.0,
TXN0003312,CUST000072,2025-10-23,48890200.0,
TXN0003313,CUST000361,2024-12-12,43298400.0,
TXN0003314,CUST000905,2023-08-28,6194000.0,
TXN0003315,CUST000915,2025-07-30,4122200.0,
TXN0003316,CUST000272,2024-11-22,354800.0,
TXN0003317,CUST000814,2025-07-13,492800.0,
TXN0003318,CUST000797,2025-10-05,51601000.0,
TXN0003319,CUST000021,2025-09-23,10351500.0,
TXN0003320,CUST000081,2025-11-15,44494900.0,
TXN0003321,CUST000981,2025-02-13,32915400.0,
TXN0003322,CUST001143,2025-06-23,3323200.0,
TXN0003323,CUST000836,2024-01-11,13430800.0,CAMP0013
TXN0003324,CUST000266,2024-09-11,12982000.0,
TXN0003325,CUST000382,2024-06-25,14723100.0,
TXN0003326,CUST000515,2022-09-07,6678400.0,
TXN0003327,CUST000392,2024-06-17,1277700.0,
TXN0003328,CUST000752,2025-02-02,32915400.0,
TXN0003329,CUST000998,2025-12-31,580800.0,
TXN0003330,CUST000449,2024-10-30,512700.0,
TXN0003331,CUST000233,2025-03-06,29018900.0,
TXN0003332,CUST000731,2025-05-23,3675800.0,
TXN0003333,CUST000323,2025-11-19,27654600.0,
TXN0003334,CUST000878,2025-08-18,12965100.0,
TXN0003335,CUST001061,2023-12-12,1326200.0,
TXN0003336,CUST000488,2024-11-09,365400.0,
TXN0003337,CUST000862,2025-04-17,1127500.0,
TXN0003338,CUST000024,2025-09-07,5709500.0,
TXN0003339,CUST001013,2025-08-29,4569500.0,
TXN0003340,CUST000183,2024-01-27,28539000.0,
TXN0003341,CUST000301,2025-06-27,30378100.0,CAMP0022
TXN0003342,CUST000467,2025-10-19,2060800.0,
TXN0003343,CUST000850,2025-08-08,4459900.0,
TXN0003344,CUST000445,2024-09-23,1936200.0,
TXN0003345,CUST000033,2023-05-21,10221000.0,
TXN0003346,CUST000945,2024-01-04,9745300.0,CAMP0013
TXN0003347,CUST000134,2024-10-03,3971500.0,
TXN0003348,CUST000812,2022-07-25,21857800.0,
TXN0003349,CUST000744,2025-07-06,46686400.0,
TXN0003350,CUST000048,2025-03-07,864100.0,
TXN0003351,CUST000750,2025-11-13,9169400.0,CAMP0024
TXN0003352,CUST000438,2025-06-20,15371400.0,CAMP0022
TXN0003353,CUST000680,2025-04-28,47851300.0,CAMP0021
TXN0003354,CUST000912,2025-05-18,259900.0,
TXN0003355,CUST000439,2025-02-15,343200.0,
TXN0003356,CUST000663,2024-11-03,2568500.0,CAMP0018
TXN0003357,CUST000544,2025-07-07,3164100.0,
TXN0003358,CUST000383,2024-04-25,10434000.0,
TXN0003359,CUST000093,2025-04-12,4085100.0,
TXN0003360,CUST000002,2024-05-19,5252000.0,
TXN0003361,CUST000168,2025-11-14,177400.0,CAMP0024
TXN0003362,CUST000091,2023-10-10,4343000.0,CAMP0011
TXN0003363,CUST000441,2023-12-03,16521800.0,
TXN0003364,CUST000458,2025-10-29,2448400.0,CAMP0024
TXN0003365,CUST000217,2025-03-07,266100.0,
TXN0003366,CUST000954,2022-11-18,6996500.0,
TXN0003367,CUST000766,2023-11-01,2321400.0,
TXN0003368,CUST001091,2025-09-13,271200.0,
TXN0003369,CUST001009,2024-01-20,5941800.0,
TXN0003370,CUST001144,2025-02-20,219500.0,
TXN0003371,CUST000866,2023-06-09,4545000.0,
TXN0003372,CUST000153,2025-04-24,894600.0,
TXN0003373,CUST000085,2025-09-26,117200.0,
TXN0003374,CUST000150,2025-09-14,16504900.0,
TXN0003375,CUST001108,2025-05-28,7331000.0,
TXN0003376,CUST000122,2024-09-20,2580400.0,
TXN0003377,CUST000099,2025-12-04,621000.0,
TXN0003378,CUST000249,2024-10-24,1119800.0,CAMP0018
TXN0003379,CUST000732,2025-12-15,5250900.0,
TXN0003380,CUST000882,2025-12-22,10492100.0,
TXN0003381,CUST000064,2024-10-28,511600.0,
TXN0003382,CUST000865,2022-07-04,3129000.0,
TXN0003383,CUST001109,2025-09-20,220400.0,
TXN0003384,CUST000210,2024-04-08,649200.0,
TXN0003385,CUST000560,2025-05-04,4732700.0,
TXN0003386,CUST000270,2025-11-20,22973600.0,CAMP0024
TXN0003387,CUST000161,2024-02-03,18928000.0,
TXN0003388,CUST000736,2025-09-01,18724100.0,
TXN0003389,CUST000708,2023-09-15,231600.0,
TXN0003390,CUST000586,2025-05-04,2512600.0,
TXN0003391,CUST000602,2025-04-23,9551800.0,
TXN0003392,CUST000795,2023-06-22,2187200.0,
TXN0003393,CUST000281,2025-05-09,2594800.0,
TXN0003394,CUST000095,2024-11-02,9814800.0,CAMP0018
TXN0003395,CUST001019,2025-01-22,7236700.0,
TXN0003396,CUST000561,2024-10-21,8406600.0,
TXN0003397,CUST000002,2025-01-01,9592200.0,CAMP0019
TXN0003398,CUST000116,2025-03-13,2332300.0,CAMP0020
TXN0003399,CUST000386,2023-08-27,4456000.0,
TXN0003400,CUST000260,2025-09-10,1365600.0,
TXN0003401,CUST001186,2025-08-03,3299900.0,
TXN0003402,CUST001103,2025-11-26,11630500.0,
TXN0003403,CUST000305,2023-09-21,261400.0,CAMP0011
TXN0003404,CUST001008,2025-09-30,4360900.0,
TXN0003405,CUST000837,2024-05-08,16215400.0,
TXN0003406,CUST000711,2025-02-06,539200.0,
TXN0003407,CUST000645,2024-12-03,22519300.0,
TXN0003408,CUST000240,2025-05-08,1002600.0,CAMP0021
TXN0003409,CUST000472,2025-09-19,20973300.0,
TXN0003410,CUST000778,2024-11-17,119000.0,
TXN0003411,CUST001015,2024-10-25,3152700.0,
TXN0003412,CUST000642,2024-12-01,336400.0,
TXN0003413,CUST000799,2025-11-19,1819500.0,CAMP0024
TXN0003414,CUST000985,2025-05-24,486000.0,CAMP0021
TXN0003415,CUST000032,2024-08-14,1411200.0,
TXN0003416,CUST000729,2025-04-16,4113900.0,
TXN0003417,CUST000981,2024-09-27,298800.0,
TXN0003418,CUST000465,2023-10-31,2744800.0,
TXN0003419,CUST000886,2025-12-04,5618600.0,
TXN0003420,CUST001017,2024-05-13,4268800.0,
TXN0003421,CUST000268,2023-12-07,8802500.0,
TXN0003422,CUST000935,2024-11-28,60172600.0,
TXN0003423,CUST000093,2025-04-12,1364400.0,
TXN0003424,CUST000470,2024-09-05,22215200.0,CAMP0017
TXN0003425,CUST000640,2025-09-15,12688800.0,
TXN0003426,CUST000941,2022-11-17,2210400.0,
TXN0003427,CUST000008,2025-01-16,16929000.0,
TXN0003428,CUST000436,2025-02-08,24869600.0,
TXN0003429,CUST000536,2023-11-13,13829500.0,
TXN0003430,CUST000814,2025-04-05,10974800.0,
TXN0003431,CUST000517,2024-02-18,2045700.0,
TXN0003432,CUST000231,2025-12-16,26497100.0,
TXN0003433,CUST000797,2023-05-12,9687900.0,CAMP0009
TXN0003434,CUST000171,2025-09-10,5736200.0,
TXN0003435,CUST001024,2024-12-06,3882400.0,
TXN0003436,CUST000807,2025-08-09,15295500.0,
TXN0003437,CUST001164,2024-06-04,14679300.0,
TXN0003438,CUST000995,2024-07-31,34294800.0,
TXN0003439,CUST000267,2023-01-29,5488800.0,
TXN0003440,CUST000236,2025-05-14,183500.0,CAMP0021
TXN0003441,CUST000218,2025-09-18,1908500.0,
TXN0003442,CUST000846,2024-05-27,10987500.0,
TXN0003443,CUST000200,2024-05-27,2251500.0,
TXN0003444,CUST000986,2024-04-09,33198800.0,
TXN0003445,CUST000372,2023-06-19,51734600.0,
TXN0003446,CUST000459,2025-11-16,2769200.0,
TXN0003447,CUST000547,2024-12-03,21186400.0,
TXN0003448,CUST000957,2024-11-24,32727300.0,CAMP0018
TXN0003449,CUST000956,2025-12-14,4063000.0,
TXN0003450,CUST001042,2025-10-26,4184000.0,
TXN0003451,CUST000981,2025-10-24,8098300.0,
TXN0003452,CUST000784,2025-01-17,1564400.0,
TXN0003453,CUST000719,2025-10-29,39360600.0,
TXN0003454,CUST000161,2024-05-03,2679200.0,
TXN0003455,CUST000266,2024-12-26,730400.0,
TXN0003456,CUST000348,2025-10-22,7979700.0,
TXN0003457,CUST001074,2025-09-03,10710100.0,
TXN0003458,CUST000716,2024-03-04,30262000.0,
TXN0003459,CUST001189,2024-04-15,2523000.0,
TXN0003460,CUST000778,2024-09-01,14154000.0,CAMP0017
TXN0003461,CUST000792,2025-06-23,572100.0,CAMP0022
TXN0003462,CUST000835,2024-12-30,17315400.0,
TXN0003463,CUST000875,2024-08-15,17644200.0,
TXN0003464,CUST000542,2025-03-31,5750500.0,
TXN0003465,CUST000044,2025-05-16,17193800.0,CAMP0021
TXN0003466,CUST000946,2025-07-04,3874400.0,CAMP0022
TXN0003467,CUST000916,2025-08-18,6946100.0,
TXN0003468,CUST000705,2025-12-14,886200.0,
TXN0003469,CUST000060,2025-01-14,43736800.0,
TXN0003470,CUST000818,2023-06-30,2789600.0,
TXN0003471,CUST000520,2025-05-03,3543400.0,
TXN0003472,CUST000914,2023-02-20,1056700.0,
TXN0003473,CUST000829,2024-09-04,344400.0,CAMP0017
TXN0003474,CUST000074,2024-12-02,2228800.0,
TXN0003475,CUST000521,2025-12-14,15879700.0,
TXN0003476,CUST000597,2025-08-08,30526600.0,
TXN0003477,CUST000799,2024-03-16,5741300.0,
TXN0003478,CUST001030,2024-10-31,2382000.0,CAMP0018
TXN0003479,CUST000069,2024-09-13,11783200.0,CAMP0017
TXN0003480,CUST000326,2023-03-12,5943600.0,CAMP0008
TXN0003481,CUST000044,2025-12-18,3123100.0,
TXN0003482,CUST000543,2024-02-28,14836500.0,
TXN0003483,CUST000564,2024-04-21,7100200.0,
TXN0003484,CUST000053,2023-10-25,929400.0,
TXN0003485,CUST000192,2025-11-19,6534700.0,
TXN0003486,CUST001089,2025-06-14,220400.0,
TXN0003487,CUST001060,2024-10-18,473100.0,
TXN0003488,CUST000067,2025-09-23,34655700.0,
TXN0003489,CUST000919,2024-02-16,9283300.0,
TXN0003490,CUST000485,2025-03-13,366200.0,
TXN0003491,CUST000996,2023-07-06,63156700.0,
TXN0003492,CUST000728,2023-03-12,5384400.0,
TXN0003493,CUST000500,2023-08-29,27128200.0,
TXN0003494,CUST000694,2022-10-24,7843800.0,
TXN0003495,CUST001046,2023-09-24,1400300.0,CAMP0011
TXN0003496,CUST000740,2024-06-14,5889900.0,
TXN0003497,CUST000127,2025-05-25,17968400.0,
TXN0003498,CUST000615,2025-05-23,2191200.0,
TXN0003499,CUST000241,2022-12-03,19060400.0,
TXN0003500,CUST000509,2025-02-25,6041000.0,
TXN0003501,CUST000636,2025-10-27,24326100.0,
TXN0003502,CUST001001,2024-12-14,1620800.0,
TXN0003503,CUST000062,2023-03-18,13548600.0,
TXN0003504,CUST000314,2025-08-06,35301200.0,
TXN0003505,CUST000405,2022-05-29,3154000.0,
TXN0003506,CUST000102,2024-04-01,1465600.0,CAMP0014
TXN0003507,CUST000745,2025-11-24,6722800.0,
TXN0003508,CUST000764,2025-09-22,10954300.0,
TXN0003509,CUST000062,2025-01-30,10472000.0,
TXN0003510,CUST000966,2025-09-25,4823600.0,
TXN0003511,CUST000801,2025-10-15,4692300.0,
TXN0003512,CUST000051,2024-12-03,1285500.0,
TXN0003513,CUST001131,2023-11-26,4744600.0,
TXN0003514,CUST000100,2023-04-24,10157300.0,
TXN0003515,CUST000005,2025-12-27,47329400.0,
TXN0003516,CUST000129,2025-06-21,5508100.0,
TXN0003517,CUST000560,2024-07-11,21004800.0,CAMP0016
TXN0003518,CUST000381,2025-03-07,12739500.0,CAMP0020
TXN0003519,CUST000629,2023-10-05,648000.0,
TXN0003520,CUST000398,2025-12-30,1461600.0,
TXN0003521,CUST000491,2025-06-04,10299500.0,
TXN0003522,CUST000638,2024-08-13,9755700.0,
TXN0003523,CUST000670,2024-09-19,2463300.0,
TXN0003524,CUST000776,2022-12-11,13065500.0,
TXN0003525,CUST000285,2024-12-17,18654500.0,
TXN0003526,CUST000786,2025-10-18,57478200.0,
TXN0003527,CUST001143,2025-07-29,546800.0,
TXN0003528,CUST000418,2025-09-12,8031500.0,
TXN0003529,CUST000676,2024-03-29,9755700.0,CAMP0014
TXN0003530,CUST000691,2024-01-11,1099200.0,CAMP0013
TXN0003531,CUST000541,2023-12-20,7124300.0,
TXN0003532,CUST000890,2025-06-13,1161000.0,
TXN0003533,CUST000598,2025-07-31,672800.0,
TXN0003534,CUST000908,2025-01-02,17192800.0,
TXN0003535,CUST001081,2024-05-22,882400.0,CAMP0015
TXN0003536,CUST000483,2024-01-20,3924700.0,
TXN0003537,CUST000381,2025-12-07,14231200.0,
TXN0003538,CUST000419,2025-12-03,719200.0,
TXN0003539,CUST000084,2025-09-24,4660000.0,
TXN0003540,CUST000941,2024-06-08,22182100.0,
TXN0003541,CUST000720,2025-10-28,2650300.0,
TXN0003542,CUST000982,2025-09-16,4350500.0,
TXN0003543,CUST000314,2023-08-18,1999200.0,
TXN0003544,CUST000589,2024-02-28,3282600.0,
TXN0003545,CUST000490,2024-09-09,111400.0,CAMP0017
TXN0003546,CUST000909,2024-02-14,2158400.0,
TXN0003547,CUST000843,2024-10-03,11634700.0,
TXN0003548,CUST000696,2025-06-23,1141600.0,CAMP0022
TXN0003549,CUST000680,2025-03-07,1329600.0,
TXN0003550,CUST000830,2025-09-28,1358900.0,
TXN0003551,CUST000895,2025-06-16,3505300.0,
TXN0003552,CUST000365,2023-02-09,3631200.0,
TXN0003553,CUST001177,2025-10-14,1862300.0,
TXN0003554,CUST000559,2024-10-28,2568200.0,
TXN0003555,CUST000115,2024-10-19,11092400.0,
TXN0003556,CUST000811,2025-12-08,11608300.0,
TXN0003557,CUST000293,2025-11-30,473100.0,
TXN0003558,CUST000133,2025-04-09,31903700.0,
TXN0003559,CUST000454,2024-03-27,28025400.0,
TXN0003560,CUST000014,2025-07-10,2687900.0,
TXN0003561,CUST000245,2025-09-06,3151400.0,
TXN0003562,CUST000022,2025-12-19,11830400.0,
TXN0003563,CUST001131,2025-11-14,348400.0,
TXN0003564,CUST001105,2025-07-07,11735000.0,
TXN0003565,CUST001011,2025-03-01,9486800.0,CAMP0020
TXN0003566,CUST001000,2025-08-10,9304200.0,
TXN0003567,CUST001064,2025-07-12,3839400.0,
TXN0003568,CUST000306,2025-08-17,2690000.0,
TXN0003569,CUST000783,2024-07-11,818700.0,CAMP0016
TXN0003570,CUST000961,2025-10-28,19180800.0,
TXN0003571,CUST000328,2025-07-02,43887200.0,
TXN0003572,CUST000133,2024-09-15,37008700.0,
TXN0003573,CUST001171,2025-02-27,8306300.0,CAMP0020
TXN0003574,CUST000953,2025-11-01,9061400.0,
TXN0003575,CUST000206,2023-01-05,37651100.0,
TXN0003576,CUST000652,2025-09-30,4212400.0,
TXN0003577,CUST000076,2024-01-02,593400.0,
TXN0003578,CUST001166,2025-06-28,8879300.0,CAMP0022
TXN0003579,CUST000217,2025-09-25,1901600.0,
TXN0003580,CUST001129,2023-03-28,878000.0,CAMP0008
TXN0003581,CUST000578,2025-09-09,2313500.0,CAMP0023
TXN0003582,CUST000255,2023-09-11,8932100.0,
TXN0003583,CUST000873,2025-11-29,7744800.0,
TXN0003584,CUST001006,2023-08-22,5479700.0,
TXN0003585,CUST000436,2025-06-15,2526400.0,
TXN0003586,CUST001141,2024-08-28,27086800.0,
TXN0003587,CUST001056,2025-06-15,17832800.0,
TXN0003588,CUST000352,2025-02-05,848400.0,
TXN0003589,CUST000520,2025-08-30,24661000.0,
TXN0003590,CUST001169,2025-02-01,24303000.0,
TXN0003591,CUST000903,2025-04-25,56716100.0,CAMP0021
TXN0003592,CUST001014,2025-11-10,2871400.0,CAMP0024
TXN0003593,CUST001030,2024-04-19,685200.0,
TXN0003594,CUST001014,2025-06-29,233400.0,
TXN0003595,CUST000941,2023-08-31,9720600.0,
TXN0003596,CUST001056,2022-12-21,882800.0,
TXN0003597,CUST000722,2025-11-12,13955800.0,
TXN0003598,CUST000834,2024-12-08,6002900.0,
TXN0003599,CUST001173,2024-10-29,1836000.0,
TXN0003600,CUST000124,2024-07-25,75800.0,
TXN0003601,CUST000997,2025-10-11,2000500.0,
TXN0003602,CUST000003,2023-07-21,23816000.0,
TXN0003603,CUST000758,2025-02-27,2511600.0,CAMP0020
TXN0003604,CUST000077,2025-11-15,504900.0,CAMP0024
TXN0003605,CUST000844,2025-04-08,1757700.0,
TXN0003606,CUST000663,2025-02-27,3141700.0,
TXN0003607,CUST000348,2024-07-12,870300.0,
TXN0003608,CUST000171,2025-11-12,47127800.0,
TXN0003609,CUST000698,2023-07-15,3140200.0,
TXN0003610,CUST000733,2024-11-04,7539300.0,
TXN0003611,CUST000339,2025-01-09,2150700.0,CAMP0019
TXN0003612,CUST001054,2024-11-28,31344800.0,
TXN0003613,CUST000891,2025-06-22,17293900.0,
TXN0003614,CUST000655,2025-12-02,4916800.0,
TXN0003615,CUST000765,2025-08-31,11118600.0,
TXN0003616,CUST000211,2024-04-20,1563100.0,
TXN0003617,CUST000595,2023-08-17,9938800.0,
TXN0003618,CUST001189,2024-02-05,13352000.0,
TXN0003619,CUST000333,2022-05-02,1683300.0,
TXN0003620,CUST000088,2024-06-17,9720600.0,
TXN0003621,CUST000630,2025-09-10,46239200.0,CAMP0023
TXN0003622,CUST000507,2025-07-24,5925300.0,
TXN0003623,CUST001182,2025-02-10,13089900.0,
TXN0003624,CUST000391,2025-05-13,25364200.0,
TXN0003625,CUST000026,2023-02-22,2379400.0,
TXN0003626,CUST000977,2024-02-03,3455500.0,
TXN0003627,CUST000506,2025-12-05,3562800.0,
TXN0003628,CUST000918,2025-08-15,27035000.0,
TXN0003629,CUST000963,2025-03-08,2484000.0,
TXN0003630,CUST000275,2023-05-16,5431800.0,CAMP0009
TXN0003631,CUST000107,2025-04-29,3865900.0,
TXN0003632,CUST000039,2025-10-03,64776200.0,
TXN0003633,CUST000710,2025-08-26,6100200.0,
TXN0003634,CUST000995,2025-01-28,1759200.0,
TXN0003635,CUST000450,2025-07-15,649200.0,
TXN0003636,CUST001048,2025-05-29,374000.0,
TXN0003637,CUST000941,2025-11-09,8458400.0,
TXN0003638,CUST000936,2025-06-04,4038900.0,
TXN0003639,CUST000145,2024-05-31,1529700.0,
TXN0003640,CUST000640,2025-08-21,51259900.0,
TXN0003641,CUST000013,2025-04-06,28910700.0,
TXN0003642,CUST001034,2024-12-05,46725500.0,
TXN0003643,CUST000527,2025-02-28,10763100.0,CAMP0020
TXN0003644,CUST000387,2025-12-01,1607800.0,
TXN0003645,CUST000719,2025-08-13,1480000.0,
TXN0003646,CUST000427,2025-12-05,10150000.0,
TXN0003647,CUST000702,2022-11-23,10271000.0,
TXN0003648,CUST000021,2024-12-14,846500.0,
TXN0003649,CUST001007,2024-04-24,45177400.0,
TXN0003650,CUST000407,2025-10-30,920600.0,
TXN0003651,CUST000904,2024-04-15,9567900.0,
TXN0003652,CUST000145,2024-08-22,6115900.0,CAMP0017
TXN0003653,CUST000489,2023-12-31,238000.0,CAMP0013
TXN0003654,CUST000111,2024-10-01,2199500.0,
TXN0003655,CUST001091,2025-06-17,3641300.0,
TXN0003656,CUST000139,2025-05-01,1595800.0,
TXN0003657,CUST000917,2024-04-08,2275500.0,
TXN0003658,CUST000870,2025-11-11,5165200.0,
TXN0003659,CUST000023,2023-06-02,4831800.0,
TXN0003660,CUST001015,2024-09-10,657000.0,CAMP0017
TXN0003661,CUST000740,2022-11-18,5130900.0,
TXN0003662,CUST000004,2022-12-10,1596600.0,
TXN0003663,CUST000227,2023-05-03,24189900.0,
TXN0003664,CUST000751,2025-08-07,10497000.0,
TXN0003665,CUST000732,2025-07-04,18529500.0,
TXN0003666,CUST000976,2025-01-13,1299000.0,CAMP0019
TXN0003667,CUST001100,2023-12-06,4466400.0,
TXN0003668,CUST000080,2024-06-11,36463400.0,
TXN0003669,CUST001045,2022-11-21,46996100.0,
TXN0003670,CUST000083,2024-10-15,3355600.0,
TXN0003671,CUST000654,2024-12-31,4939300.0,
TXN0003672,CUST000288,2024-05-01,1390000.0,
TXN0003673,CUST001155,2024-11-20,15699500.0,CAMP0018
TXN0003674,CUST000959,2023-03-23,5111800.0,
TXN0003675,CUST000710,2025-09-12,6765900.0,
TXN0003676,CUST000074,2024-11-27,1567400.0,
TXN0003677,CUST000287,2024-03-06,10285500.0,
TXN0003678,CUST000605,2024-09-28,913600.0,
TXN0003679,CUST000752,2025-11-05,5756800.0,
TXN0003680,CUST000168,2025-11-10,22513100.0,
TXN0003681,CUST001020,2023-03-25,3108900.0,
TXN0003682,CUST000241,2025-01-11,5835900.0,
TXN0003683,CUST000602,2024-01-20,6901000.0,CAMP0013
TXN0003684,CUST000867,2025-07-22,32674600.0,
TXN0003685,CUST001052,2023-12-19,2239600.0,
TXN0003686,CUST000581,2024-10-26,55700.0,CAMP0018
TXN0003687,CUST000122,2023-01-24,20020900.0,
TXN0003688,CUST000199,2025-10-21,893600.0,
TXN0003689,CUST000753,2025-05-09,9773800.0,
TXN0003690,CUST000317,2024-03-11,3289000.0,CAMP0014
TXN0003691,CUST000421,2024-04-26,258600.0,CAMP0015
TXN0003692,CUST000233,2025-07-02,206400.0,CAMP0022
TXN0003693,CUST001002,2025-01-20,1079500.0,
TXN0003694,CUST000068,2025-02-16,1473000.0,
TXN0003695,CUST000336,2025-04-21,2753400.0,
TXN0003696,CUST000246,2023-05-05,2730600.0,
TXN0003697,CUST000175,2025-04-08,4559500.0,
TXN0003698,CUST000823,2025-09-03,1023400.0,
TXN0003699,CUST000553,2025-05-17,331200.0,CAMP0021
TXN0003700,CUST001137,2025-07-12,15163900.0,
TXN0003701,CUST000058,2025-12-19,19968300.0,
TXN0003702,CUST000739,2025-01-08,5915700.0,
TXN0003703,CUST000519,2025-06-11,2367900.0,
TXN0003704,CUST000875,2024-09-01,4180000.0,CAMP0017
TXN0003705,CUST000800,2024-06-15,32865900.0,
TXN0003706,CUST001152,2025-03-12,1897300.0,CAMP0020
TXN0003707,CUST000050,2025-01-28,9762400.0,
TXN0003708,CUST000892,2024-02-25,3050100.0,
TXN0003709,CUST001175,2025-08-01,2975300.0,
TXN0003710,CUST000902,2025-06-20,3786200.0,
TXN0003711,CUST000608,2024-07-02,672800.0,
TXN0003712,CUST000446,2024-04-11,1317800.0,
TXN0003713,CUST000548,2023-12-07,16091100.0,
TXN0003714,CUST000542,2025-11-20,1231600.0,CAMP0024
TXN0003715,CUST000224,2024-10-09,8194500.0,
TXN0003716,CUST000272,2024-11-18,1413000.0,
TXN0003717,CUST000210,2025-06-02,38783300.0,
TXN0003718,CUST000204,2024-08-15,2950400.0,
TXN0003719,CUST000252,2024-06-18,11946200.0,
TXN0003720,CUST000598,2025-12-13,12967800.0,
TXN0003721,CUST001005,2025-10-06,1816800.0,
TXN0003722,CUST000445,2025-12-17,582400.0,
TXN0003723,CUST000903,2025-08-26,806600.0,
TXN0003724,CUST000706,2024-11-06,2508600.0,CAMP0018
TXN0003725,CUST000904,2024-07-29,324000.0,
TXN0003726,CUST000515,2025-06-02,38852800.0,
TXN0003727,CUST000976,2023-12-23,1369200.0,CAMP0013
TXN0003728,CUST000135,2024-12-16,44515500.0,
TXN0003729,CUST000478,2025-08-19,24520400.0,
TXN0003730,CUST000638,2024-12-23,10964200.0,
TXN0003731,CUST001077,2023-10-05,13551400.0,CAMP0011
TXN0003732,CUST000175,2024-03-18,4151700.0,CAMP0014
TXN0003733,CUST000663,2025-07-23,42462800.0,
TXN0003734,CUST000236,2025-07-02,10273800.0,CAMP0022
TXN0003735,CUST000889,2023-11-07,7991700.0,CAMP0012
TXN0003736,CUST001011,2025-06-24,6349800.0,CAMP0022
TXN0003737,CUST000897,2023-10-04,37678900.0,CAMP0011
TXN0003738,CUST001028,2025-04-08,1975300.0,
TXN0003739,CUST000632,2024-01-02,18486700.0,
TXN0003740,CUST000535,2023-09-21,1807900.0,
TXN0003741,CUST000774,2025-05-14,2166800.0,
TXN0003742,CUST000155,2022-10-06,686400.0,
TXN0003743,CUST000310,2024-10-21,7473800.0,CAMP0018
TXN0003744,CUST000108,2023-06-30,1213700.0,
TXN0003745,CUST000545,2024-10-05,34291600.0,
TXN0003746,CUST000081,2025-07-10,62197000.0,
TXN0003747,CUST000286,2025-04-18,2236000.0,
TXN0003748,CUST000702,2025-01-28,2156100.0,
TXN0003749,CUST000798,2025-01-17,4393500.0,CAMP0019
TXN0003750,CUST000938,2025-09-23,25677400.0,
TXN0003751,CUST000796,2025-08-17,1365600.0,
TXN0003752,CUST000684,2025-12-27,300300.0,
TXN0003753,CUST000551,2025-05-09,669000.0,CAMP0021
TXN0003754,CUST000889,2025-11-22,3082000.0,CAMP0024
TXN0003755,CUST000558,2025-03-04,940800.0,CAMP0020
TXN0003756,CUST000065,2024-07-05,4373300.0,CAMP0016
TXN0003757,CUST000169,2025-11-09,860100.0,
TXN0003758,CUST001004,2025-03-23,4823400.0,
TXN0003759,CUST001028,2025-04-24,6008200.0,
TXN0003760,CUST000349,2025-09-25,5965200.0,
TXN0003761,CUST000529,2025-05-15,3348800.0,CAMP0021
TXN0003762,CUST001181,2025-11-29,4020200.0,
TXN0003763,CUST000284,2025-11-21,1148700.0,
TXN0003764,CUST000530,2025-12-16,36149600.0,
TXN0003765,CUST000227,2024-10-27,5569400.0,
TXN0003766,CUST000636,2025-07-17,39704100.0,
TXN0003767,CUST000887,2024-08-19,39861900.0,
TXN0003768,CUST000287,2025-10-18,21658300.0,
TXN0003769,CUST000589,2025-06-21,14139800.0,
TXN0003770,CUST000291,2024-11-06,5440300.0,
TXN0003771,CUST001135,2025-08-08,151600.0,
TXN0003772,CUST001099,2025-09-18,1967700.0,
TXN0003773,CUST000072,2025-02-04,26197600.0,
TXN0003774,CUST000333,2022-08-27,2460800.0,
TXN0003775,CUST000496,2025-09-14,423700.0,
TXN0003776,CUST000230,2025-12-16,8239200.0,
TXN0003777,CUST000761,2025-07-31,6424000.0,
TXN0003778,CUST000154,2024-07-14,2797300.0,CAMP0016
TXN0003779,CUST000650,2023-09-03,11776100.0,
TXN0003780,CUST000715,2025-07-03,48026200.0,CAMP0022
TXN0003781,CUST000670,2025-01-13,55100.0,
TXN0003782,CUST001195,2023-05-25,17777900.0,
TXN0003783,CUST000806,2025-07-15,81432300.0,
TXN0003784,CUST000986,2025-03-24,10706700.0,
TXN0003785,CUST000385,2025-11-19,15876600.0,
TXN0003786,CUST000784,2024-12-18,763600.0,
TXN0003787,CUST000193,2024-08-15,6895200.0,
TXN0003788,CUST000075,2025-10-23,1177200.0,
TXN0003789,CUST000263,2025-01-11,239100.0,CAMP0019
TXN0003790,CUST001013,2025-05-15,1718500.0,CAMP0021
TXN0003791,CUST001084,2024-05-15,48034200.0,CAMP0015
TXN0003792,CUST000506,2025-01-06,11731200.0,CAMP0019
TXN0003793,CUST000177,2025-07-02,38531400.0,
TXN0003794,CUST001002,2025-07-30,9808800.0,
TXN0003795,CUST000527,2024-11-06,42881900.0,CAMP0018
TXN0003796,CUST000591,2025-04-28,662400.0,
TXN0003797,CUST000217,2025-08-12,1479200.0,
TXN0003798,CUST000368,2025-01-16,11966500.0,CAMP0019
TXN0003799,CUST000426,2024-02-05,6485900.0,
TXN0003800,CUST000323,2025-12-08,24134100.0,
TXN0003801,CUST000441,2025-11-16,1485900.0,CAMP0024
TXN0003802,CUST000225,2023-09-22,37426700.0,
TXN0003803,CUST000371,2025-05-18,1141600.0,
TXN0003804,CUST000069,2025-09-29,2307900.0,
TXN0003805,CUST000515,2023-07-23,27059300.0,
TXN0003806,CUST001154,2025-03-22,16606700.0,
TXN0003807,CUST000905,2025-02-21,20834400.0,CAMP0020
TXN0003808,CUST000386,2025-01-27,2065200.0,
TXN0003809,CUST000123,2025-08-08,48877300.0,
TXN0003810,CUST000975,2025-12-18,2681900.0,
TXN0003811,CUST001133,2025-12-17,7321900.0,
TXN0003812,CUST000863,2025-12-03,6659600.0,
TXN0003813,CUST000725,2025-06-21,29672400.0,CAMP0022
TXN0003814,CUST001014,2025-01-28,30774700.0,
TXN0003815,CUST001166,2025-04-14,12054600.0,
TXN0003816,CUST000026,2022-09-04,9926000.0,
TXN0003817,CUST000374,2025-10-06,1273500.0,
TXN0003818,CUST000377,2024-10-04,2801600.0,
TXN0003819,CUST000406,2025-08-12,15865200.0,
TXN0003820,CUST000093,2025-05-14,111400.0,
TXN0003821,CUST000629,2023-06-03,354800.0,
TXN0003822,CUST000095,2025-06-06,8406400.0,
TXN0003823,CUST000318,2024-10-29,16515500.0,
TXN0003824,CUST000341,2025-07-22,1585900.0,
TXN0003825,CUST001141,2024-10-12,391200.0,
TXN0003826,CUST000673,2024-02-14,49714900.0,
TXN0003827,CUST000104,2025-02-18,39740100.0,
TXN0003828,CUST000010,2025-11-07,4771300.0,
TXN0003829,CUST000685,2025-10-31,3029600.0,
TXN0003830,CUST000293,2025-05-12,8638000.0,
TXN0003831,CUST000554,2025-05-15,471900.0,
TXN0003832,CUST000882,2025-11-07,4818100.0,
TXN0003833,CUST001052,2024-10-16,2382800.0,
TXN0003834,CUST000347,2024-08-05,1654000.0,
TXN0003835,CUST001066,2025-10-27,45681200.0,
TXN0003836,CUST001116,2024-01-28,3241900.0,
TXN0003837,CUST000417,2025-05-06,16510700.0,
TXN0003838,CUST000057,2025-05-21,1348900.0,CAMP0021
TXN0003839,CUST000746,2025-05-12,1246400.0,
TXN0003840,CUST000445,2025-08-20,382900.0,
TXN0003841,CUST001134,2024-01-28,893600.0,
TXN0003842,CUST000094,2023-09-30,3549600.0,CAMP0011
TXN0003843,CUST000375,2025-08-30,11134200.0,
TXN0003844,CUST000216,2025-11-02,13802000.0,
TXN0003845,CUST000436,2025-12-30,1830900.0,
TXN0003846,CUST000448,2025-10-11,81206700.0,
TXN0003847,CUST000233,2025-02-22,913600.0,CAMP0020
TXN0003848,CUST000289,2025-10-25,345500.0,
TXN0003849,CUST001065,2024-04-30,2168800.0,CAMP0015
TXN0003850,CUST000052,2025-08-15,4375100.0,
TXN0003851,CUST000788,2023-08-29,8237400.0,
TXN0003852,CUST000229,2024-11-09,25800800.0,
TXN0003853,CUST000055,2025-04-15,1999200.0,
TXN0003854,CUST001036,2023-04-04,21761200.0,
TXN0003855,CUST001100,2024-11-05,4482400.0,CAMP0018
TXN0003856,CUST001039,2025-09-15,12134300.0,
TXN0003857,CUST000351,2022-05-03,37284600.0,
TXN0003858,CUST000740,2023-08-14,353700.0,
TXN0003859,CUST000153,2025-02-15,22384000.0,
TXN0003860,CUST001028,2024-08-27,3643200.0,
TXN0003861,CUST000477,2025-07-02,5870800.0,
TXN0003862,CUST000921,2024-07-03,22727400.0,CAMP0016
TXN0003863,CUST000173,2025-07-10,2342800.0,
TXN0003864,CUST000497,2023-04-14,3830200.0,CAMP0008
TXN0003865,CUST000130,2025-09-17,820200.0,
TXN0003866,CUST000786,2025-10-11,353800.0,
TXN0003867,CUST000746,2025-03-11,4325100.0,CAMP0020
TXN0003868,CUST000560,2025-06-24,900400.0,CAMP0022
TXN0003869,CUST000557,2025-07-16,11748800.0,
TXN0003870,CUST000522,2024-03-08,3640500.0,
TXN0003871,CUST000255,2023-04-05,41081600.0,
TXN0003872,CUST000146,2025-07-01,1207100.0,CAMP0022
TXN0003873,CUST001164,2024-04-07,2244400.0,
TXN0003874,CUST000628,2024-05-26,46686400.0,
TXN0003875,CUST000083,2024-06-16,9800800.0,
TXN0003876,CUST000717,2025-02-17,3317200.0,
TXN0003877,CUST000661,2023-11-06,6982600.0,
TXN0003878,CUST001074,2025-08-10,42584600.0,
TXN0003879,CUST000696,2025-04-07,331200.0,
TXN0003880,CUST000062,2025-09-12,1362800.0,
TXN0003881,CUST000401,2025-12-28,3969800.0,
TXN0003882,CUST001200,2024-04-10,34858200.0,
TXN0003883,CUST001133,2025-05-16,3394000.0,
TXN0003884,CUST000463,2025-07-08,1438600.0,
TXN0003885,CUST000842,2024-12-31,823400.0,CAMP0019
TXN0003886,CUST000189,2024-09-05,4671600.0,CAMP0017
TXN0003887,CUST000373,2024-04-19,658600.0,
TXN0003888,CUST000566,2023-09-13,9375600.0,
TXN0003889,CUST000302,2025-03-11,498400.0,CAMP0020
TXN0003890,CUST000601,2024-11-22,1580800.0,CAMP0018
TXN0003891,CUST000776,2024-03-19,3339300.0,
TXN0003892,CUST000356,2025-11-30,3998400.0,
TXN0003893,CUST000519,2025-08-29,27174700.0,
TXN0003894,CUST001168,2024-03-20,1041200.0,CAMP0014
TXN0003895,CUST001084,2023-12-09,2631600.0,
TXN0003896,CUST000954,2025-06-24,4996800.0,CAMP0022
TXN0003897,CUST000288,2024-12-11,1998700.0,
TXN0003898,CUST000098,2024-07-27,7449200.0,
TXN0003899,CUST000234,2022-07-16,3054900.0,
TXN0003900,CUST000131,2025-12-22,3996100.0,
TXN0003901,CUST000159,2023-12-11,4786100.0,
TXN0003902,CUST000005,2025-04-02,499500.0,
TXN0003903,CUST000521,2023-05-07,47133200.0,
TXN0003904,CUST000274,2024-10-23,994200.0,CAMP0018
TXN0003905,CUST000289,2024-11-29,13802000.0,
TXN0003906,CUST000928,2025-08-28,828300.0,CAMP0023
TXN0003907,CUST000280,2024-06-17,15139000.0,
TXN0003908,CUST000139,2024-07-04,42646800.0,CAMP0016
TXN0003909,CUST001032,2023-09-23,14758800.0,
TXN0003910,CUST000961,2025-08-31,2432700.0,
TXN0003911,CUST000559,2025-05-21,10223600.0,
TXN0003912,CUST001087,2025-04-26,17814300.0,
TXN0003913,CUST000805,2025-01-03,11435800.0,CAMP0019
TXN0003914,CUST000778,2024-09-09,6865400.0,
TXN0003915,CUST000125,2025-04-27,2357900.0,CAMP0021
TXN0003916,CUST000567,2025-09-18,759200.0,
TXN0003917,CUST000916,2025-10-04,31299700.0,
TXN0003918,CUST000317,2024-02-16,5969400.0,
TXN0003919,CUST000678,2025-08-09,1352200.0,
TXN0003920,CUST000665,2025-04-01,1390700.0,
TXN0003921,CUST001153,2025-10-28,12246200.0,CAMP0024
TXN0003922,CUST001059,2025-09-07,15606100.0,CAMP0023
TXN0003923,CUST000264,2024-07-24,2732600.0,
TXN0003924,CUST000656,2025-07-29,9663500.0,
TXN0003925,CUST000583,2024-10-12,408200.0,
TXN0003926,CUST000890,2025-12-31,2285700.0,
TXN0003927,CUST000289,2022-12-14,1891800.0,
TXN0003928,CUST000387,2025-07-21,6479100.0,
TXN0003929,CUST000387,2025-11-06,694100.0,CAMP0024
TXN0003930,CUST000986,2023-11-19,3110400.0,CAMP0012
TXN0003931,CUST000512,2025-05-13,20828000.0,
TXN0003932,CUST001134,2025-02-03,792800.0,
TXN0003933,CUST000065,2025-12-29,3170800.0,
TXN0003934,CUST000938,2025-03-06,1787600.0,CAMP0020
TXN0003935,CUST000427,2025-05-10,5275100.0,CAMP0021
TXN0003936,CUST001176,2023-12-01,18612200.0,
TXN0003937,CUST000387,2025-11-03,593400.0,
TXN0003938,CUST000144,2024-12-30,10978200.0,CAMP0019
TXN0003939,CUST000030,2024-07-20,4983500.0,
TXN0003940,CUST000895,2024-05-09,1712400.0,
TXN0003941,CUST000502,2025-09-01,9955600.0,CAMP0023
TXN0003942,CUST000110,2024-11-05,42739000.0,
TXN0003943,CUST000229,2025-01-11,31844400.0,
TXN0003944,CUST000734,2024-07-24,31425600.0,
TXN0003945,CUST000601,2024-02-20,17837600.0,
TXN0003946,CUST000759,2025-06-15,23132500.0,
TXN0003947,CUST000524,2025-11-11,8226800.0,
TXN0003948,CUST000710,2025-12-25,1078500.0,
TXN0003949,CUST000770,2025-07-06,976600.0,
TXN0003950,CUST000294,2025-11-17,11919900.0,
TXN0003951,CUST000946,2025-07-20,1348400.0,
TXN0003952,CUST000495,2024-07-25,7877700.0,
TXN0003953,CUST000026,2025-03-05,44978500.0,
TXN0003954,CUST000592,2024-12-01,56454900.0,
TXN0003955,CUST000867,2025-12-07,51194800.0,
TXN0003956,CUST000748,2025-02-23,12633100.0,
TXN0003957,CUST000490,2025-05-06,4300800.0,CAMP0021
TXN0003958,CUST000239,2025-11-19,4203200.0,
TXN0003959,CUST000851,2023-04-07,6152200.0,
TXN0003960,CUST000765,2025-03-23,43880000.0,
TXN0003961,CUST001134,2024-06-06,48519000.0,
TXN0003962,CUST000120,2025-02-19,866200.0,
TXN0003963,CUST000420,2025-08-19,27624600.0,
TXN0003964,CUST000275,2025-08-28,3139700.0,CAMP0023
TXN0003965,CUST000186,2025-04-18,6266000.0,
TXN0003966,CUST000010,2025-09-01,614300.0,CAMP0023
TXN0003967,CUST000964,2023-08-21,2174400.0,
TXN0003968,CUST001067,2024-06-08,539400.0,
TXN0003969,CUST000018,2025-07-22,492800.0,
TXN0003970,CUST000961,2025-08-04,492800.0,
TXN0003971,CUST000632,2025-09-03,2395400.0,
TXN0003972,CUST000666,2024-07-14,831500.0,
TXN0003973,CUST000310,2023-08-22,3023400.0,
TXN0003974,CUST001036,2024-12-13,6532000.0,
TXN0003975,CUST000132,2024-10-20,108400.0,
TXN0003976,CUST001030,2024-04-21,11089200.0,
TXN0003977,CUST000469,2025-08-23,3989200.0,
TXN0003978,CUST000689,2023-03-21,400200.0,
TXN0003979,CUST000570,2024-12-28,8508400.0,
TXN0003980,CUST000406,2023-09-04,12750700.0,
TXN0003981,CUST000918,2025-12-03,3684300.0,
TXN0003982,CUST000112,2024-06-13,1359400.0,
TXN0003983,CUST000676,2023-10-01,2688100.0,
TXN0003984,CUST001035,2024-03-24,22330700.0,
TXN0003985,CUST001177,2024-10-13,6011100.0,
TXN0003986,CUST000903,2025-01-20,35468400.0,
TXN0003987,CUST001163,2025-10-22,8528000.0,
TXN0003988,CUST001151,2024-03-13,5149600.0,
TXN0003989,CUST000487,2025-12-25,7593100.0,
TXN0003990,CUST001056,2023-10-31,6328600.0,
TXN0003991,CUST000786,2025-12-20,32727300.0,
TXN0003992,CUST000179,2025-03-25,2896100.0,
TXN0003993,CUST001010,2025-02-26,9833600.0,CAMP0020
TXN0003994,CUST000060,2024-01-11,3423700.0,CAMP0013
TXN0003995,CUST000812,2025-02-09,7713400.0,
TXN0003996,CUST000513,2025-08-28,19964000.0,CAMP0023
TXN0003997,CUST001187,2022-08-19,23010500.0,
TXN0003998,CUST000836,2025-08-07,16739300.0,
TXN0003999,CUST000804,2024-02-18,18607800.0,
TXN0004000,CUST001094,2022-12-15,331200.0,
TXN0004001,CUST000435,2024-04-15,1724800.0,
TXN0004002,CUST000262,2025-03-30,9701600.0,CAMP0020
TXN0004003,CUST000602,2024-07-04,166800.0,
TXN0004004,CUST000027,2023-10-04,353800.0,
TXN0004005,CUST000072,2025-08-22,2203500.0,
TXN0004006,CUST000804,2025-03-13,2741100.0,CAMP0020
TXN0004007,CUST001173,2024-09-18,3865400.0,
TXN0004008,CUST001020,2023-04-11,12138300.0,CAMP0008
TXN0004009,CUST000213,2022-09-16,3843400.0,CAMP0005
TXN0004010,CUST000643,2025-12-15,2578400.0,
TXN0004011,CUST000858,2024-11-08,14534100.0,
TXN0004012,CUST000635,2023-03-22,16137000.0,
TXN0004013,CUST000588,2024-06-29,3285900.0,
TXN0004014,CUST000330,2025-03-04,39564000.0,CAMP0020
TXN0004015,CUST000010,2025-09-14,2516700.0,
TXN0004016,CUST001146,2022-11-10,13981700.0,
TXN0004017,CUST000920,2025-09-03,4312200.0,
TXN0004018,CUST001087,2025-06-10,15501000.0,
TXN0004019,CUST000027,2024-03-25,17810500.0,
TXN0004020,CUST000967,2025-10-10,33990400.0,
TXN0004021,CUST000132,2025-01-16,2622500.0,CAMP0019
TXN0004022,CUST000730,2025-05-08,1139700.0,
TXN0004023,CUST001062,2025-06-19,39053300.0,
TXN0004024,CUST001067,2024-10-01,124600.0,
TXN0004025,CUST000645,2025-04-07,89101800.0,
TXN0004026,CUST000588,2025-09-28,3813100.0,
TXN0004027,CUST001033,2024-08-23,1749200.0,CAMP0017
TXN0004028,CUST000124,2024-11-14,18164900.0,CAMP0018
TXN0004029,CUST000424,2025-06-22,7889200.0,CAMP0022
TXN0004030,CUST000649,2025-01-04,8581000.0,
TXN0004031,CUST000298,2025-08-17,2301200.0,
TXN0004032,CUST001076,2025-01-16,12225600.0,
TXN0004033,CUST000514,2024-11-26,2826200.0,
TXN0004034,CUST000910,2025-12-13,1601100.0,
TXN0004035,CUST000252,2024-11-07,1170300.0,
TXN0004036,CUST000457,2025-06-30,17480300.0,CAMP0022
TXN0004037,CUST000132,2024-12-22,2504200.0,
TXN0004038,CUST000105,2025-10-03,22949400.0,
TXN0004039,CUST000416,2025-06-26,25276200.0,CAMP0022
TXN0004040,CUST000874,2025-12-07,22358500.0,
TXN0004041,CUST000354,2025-05-30,3759900.0,CAMP0021
TXN0004042,CUST000432,2025-05-12,72814500.0,CAMP0021
TXN0004043,CUST000415,2024-01-18,973800.0,CAMP0013
TXN0004044,CUST000961,2025-07-23,42955800.0,
TXN0004045,CUST001056,2024-05-15,3417700.0,
TXN0004046,CUST000456,2025-03-05,727500.0,
TXN0004047,CUST000769,2025-10-11,3641400.0,
TXN0004048,CUST000652,2024-12-09,382900.0,
TXN0004049,CUST001093,2025-09-21,8256200.0,
TXN0004050,CUST000156,2025-09-29,337100.0,
TXN0004051,CUST001048,2024-08-31,2247600.0,CAMP0017
TXN0004052,CUST000213,2024-09-13,55941700.0,
TXN0004053,CUST000275,2024-09-13,3468200.0,CAMP0017
TXN0004054,CUST000453,2023-08-31,16320900.0,
TXN0004055,CUST000115,2024-01-22,8945000.0,
TXN0004056,CUST000521,2023-02-17,6799700.0,
TXN0004057,CUST000346,2024-07-21,11224800.0,
TXN0004058,CUST000872,2024-10-20,3137000.0,
TXN0004059,CUST001024,2025-06-19,648000.0,
TXN0004060,CUST000649,2025-01-24,10329500.0,
TXN0004061,CUST000321,2022-05-19,700800.0,
TXN0004062,CUST000371,2025-05-09,14343900.0,
TXN0004063,CUST000881,2024-05-02,6848600.0,CAMP0015
TXN0004064,CUST000475,2025-04-09,8017600.0,
TXN0004065,CUST000345,2025-06-28,6537400.0,CAMP0022
TXN0004066,CUST000987,2025-11-05,5574600.0,CAMP0024
TXN0004067,CUST001071,2025-01-08,661000.0,
TXN0004068,CUST000096,2025-10-25,41409200.0,CAMP0024
TXN0004069,CUST000646,2024-07-17,23106300.0,
TXN0004070,CUST000592,2025-02-19,1979800.0,
TXN0004071,CUST000993,2024-06-24,172200.0,
TXN0004072,CUST000731,2025-08-20,5992600.0,
TXN0004073,CUST000602,2025-08-12,3791200.0,
TXN0004074,CUST000277,2025-03-13,8186900.0,
TXN0004075,CUST001113,2024-11-20,7143200.0,CAMP0018
TXN0004076,CUST001093,2025-12-18,2368700.0,
TXN0004077,CUST000281,2025-05-02,65825200.0,
TXN0004078,CUST000203,2025-09-03,1261400.0,CAMP0023
TXN0004079,CUST001134,2023-10-07,2871200.0,
TXN0004080,CUST000321,2025-10-07,37699400.0,
TXN0004081,CUST000086,2025-04-12,48737900.0,
TXN0004082,CUST000173,2024-02-28,4458500.0,
TXN0004083,CUST000076,2023-07-25,4336300.0,
TXN0004084,CUST001178,2025-11-30,15399900.0,
TXN0004085,CUST000703,2025-09-05,1120800.0,
TXN0004086,CUST000042,2025-05-31,270000.0,
TXN0004087,CUST000643,2025-03-13,3733900.0,
TXN0004088,CUST000870,2025-10-27,16509300.0,
TXN0004089,CUST000244,2023-11-06,6196000.0,
TXN0004090,CUST000789,2024-06-23,10185600.0,
TXN0004091,CUST001094,2025-02-09,2668000.0,
TXN0004092,CUST001086,2025-05-26,3619500.0,
TXN0004093,CUST001148,2025-07-21,7484000.0,
TXN0004094,CUST000934,2025-11-03,11954300.0,
TXN0004095,CUST000253,2025-01-26,1355000.0,
TXN0004096,CUST000911,2025-07-21,9099800.0,
TXN0004097,CUST000911,2025-11-17,2971000.0,
TXN0004098,CUST001031,2024-04-13,12412900.0,
TXN0004099,CUST001180,2025-08-25,23283000.0,
TXN0004100,CUST000836,2024-08-29,19284800.0,
TXN0004101,CUST000123,2025-04-27,3852900.0,
TXN0004102,CUST000113,2025-01-21,9369800.0,
TXN0004103,CUST000974,2024-01-01,2000400.0,
TXN0004104,CUST000324,2024-01-28,5803900.0,
TXN0004105,CUST001013,2025-10-17,14002700.0,
TXN0004106,CUST000918,2025-10-06,27139700.0,
TXN0004107,CUST000366,2025-09-12,5616900.0,
TXN0004108,CUST000834,2024-09-23,22330400.0,
TXN0004109,CUST000148,2025-09-02,6988800.0,
TXN0004110,CUST000559,2025-10-28,75358600.0,
TXN0004111,CUST000092,2025-09-06,16010900.0,
TXN0004112,CUST000221,2025-03-17,1717600.0,CAMP0020
TXN0004113,CUST000464,2022-11-11,3955900.0,CAMP0006
TXN0004114,CUST000832,2024-08-21,7663000.0,CAMP0017
TXN0004115,CUST000844,2025-03-30,23201600.0,
TXN0004116,CUST000956,2025-10-10,365200.0,
TXN0004117,CUST000492,2025-06-30,35951200.0,CAMP0022
TXN0004118,CUST000458,2025-09-24,9979800.0,
TXN0004119,CUST000274,2025-03-24,41700.0,CAMP0020
TXN0004120,CUST000713,2025-11-27,2639500.0,
TXN0004121,CUST001152,2025-04-29,36417800.0,
TXN0004122,CUST000309,2025-08-01,5482000.0,
TXN0004123,CUST000785,2024-11-25,39092600.0,
TXN0004124,CUST000915,2025-09-15,1749200.0,
TXN0004125,CUST000973,2025-01-04,19077900.0,
TXN0004126,CUST000548,2025-08-23,10258000.0,
TXN0004127,CUST000867,2025-04-26,5250300.0,
TXN0004128,CUST000813,2025-08-13,6078600.0,
TXN0004129,CUST000290,2022-09-30,1443600.0,CAMP0005
TXN0004130,CUST000344,2025-07-19,2010000.0,
TXN0004131,CUST000917,2024-12-27,14604600.0,
TXN0004132,CUST000038,2024-05-27,2925100.0,
TXN0004133,CUST000444,2024-05-21,220600.0,
TXN0004134,CUST000231,2025-03-13,344800.0,
TXN0004135,CUST000454,2024-08-29,19512500.0,
TXN0004136,CUST000850,2025-06-09,41374500.0,
TXN0004137,CUST000865,2023-12-02,33153300.0,
TXN0004138,CUST001160,2025-05-03,3342800.0,
TXN0004139,CUST000548,2025-03-29,20309100.0,CAMP0020
TXN0004140,CUST000162,2025-05-07,18110700.0,
TXN0004141,CUST000801,2024-08-28,8613900.0,CAMP0017
TXN0004142,CUST000596,2023-07-18,4810700.0,
TXN0004143,CUST000267,2022-09-18,3991800.0,
TXN0004144,CUST001132,2025-12-15,2376600.0,
TXN0004145,CUST001004,2025-01-31,12160800.0,
TXN0004146,CUST001181,2025-01-13,9897000.0,
TXN0004147,CUST000971,2025-08-12,55061600.0,
TXN0004148,CUST000781,2023-12-25,20128800.0,
TXN0004149,CUST000893,2025-12-17,48033200.0,
TXN0004150,CUST000170,2025-09-21,1042600.0,
TXN0004151,CUST000252,2025-11-29,20801400.0,
TXN0004152,CUST000964,2025-08-16,220800.0,
TXN0004153,CUST001053,2023-01-28,752000.0,
TXN0004154,CUST000166,2025-12-12,1141600.0,
TXN0004155,CUST001156,2025-04-08,13643200.0,
TXN0004156,CUST000458,2025-09-21,1527000.0,
TXN0004157,CUST000150,2023-03-27,423100.0,
TXN0004158,CUST000875,2025-03-10,11475500.0,CAMP0020
TXN0004159,CUST000605,2023-08-14,21328500.0,
TXN0004160,CUST000961,2025-12-12,44842000.0,
TXN0004161,CUST000665,2025-04-23,23865100.0,
TXN0004162,CUST000372,2024-08-21,8918000.0,
TXN0004163,CUST001068,2025-05-12,7842700.0,
TXN0004164,CUST000466,2025-04-22,16148800.0,
TXN0004165,CUST001111,2025-05-09,31019300.0,
TXN0004166,CUST001148,2025-06-06,3177000.0,
TXN0004167,CUST000115,2024-08-20,2498200.0,
TXN0004168,CUST000650,2024-05-03,40719200.0,
TXN0004169,CUST001076,2023-03-29,11807400.0,
TXN0004170,CUST001200,2023-09-23,32727300.0,
TXN0004171,CUST000355,2023-07-07,10464400.0,
TXN0004172,CUST001170,2025-05-04,1269600.0,
TXN0004173,CUST000724,2025-07-21,8679500.0,
TXN0004174,CUST000091,2025-07-11,1710300.0,
TXN0004175,CUST000200,2023-09-06,928100.0,
TXN0004176,CUST000810,2023-04-05,24546500.0,CAMP0008
TXN0004177,CUST001158,2024-06-25,3674400.0,
TXN0004178,CUST000724,2025-09-16,28911600.0,
TXN0004179,CUST000868,2025-06-07,6518300.0,
TXN0004180,CUST000708,2023-04-04,15468000.0,
TXN0004181,CUST000525,2024-04-17,7305600.0,
TXN0004182,CUST000765,2025-07-09,5327500.0,
TXN0004183,CUST000661,2023-01-20,15377500.0,
TXN0004184,CUST000897,2023-04-15,1080900.0,
TXN0004185,CUST000846,2023-12-09,97426100.0,
TXN0004186,CUST000311,2025-09-30,97800.0,
TXN0004187,CUST000349,2025-03-05,2807600.0,
TXN0004188,CUST000104,2023-11-25,5611900.0,
TXN0004189,CUST000296,2025-07-29,4058400.0,
TXN0004190,CUST000022,2025-09-19,7148400.0,
TXN0004191,CUST000851,2022-08-13,7003200.0,
TXN0004192,CUST000420,2025-08-27,2448600.0,
TXN0004193,CUST000904,2025-01-17,5401700.0,CAMP0019
TXN0004194,CUST000446,2023-12-15,319600.0,
TXN0004195,CUST000412,2024-04-13,3819800.0,
TXN0004196,CUST000797,2023-06-30,7242400.0,
TXN0004197,CUST000114,2025-04-20,5082800.0,
TXN0004198,CUST000328,2025-09-14,2229600.0,
TXN0004199,CUST000944,2025-01-27,26963400.0,
TXN0004200,CUST000611,2024-11-07,11798500.0,
TXN0004201,CUST000980,2023-01-13,12717400.0,
TXN0004202,CUST000445,2025-10-09,58600.0,
TXN0004203,CUST000801,2025-07-12,8252900.0,
TXN0004204,CUST000156,2025-03-06,25607900.0,CAMP0020
TXN0004205,CUST000848,2024-03-18,25504000.0,CAMP0014
TXN0004206,CUST001120,2025-01-21,7827100.0,
TXN0004207,CUST000483,2024-10-18,46926400.0,
TXN0004208,CUST000768,2024-02-08,1050200.0,
TXN0004209,CUST000841,2025-11-26,2874900.0,
TXN0004210,CUST000070,2024-08-12,2015500.0,
TXN0004211,CUST000252,2025-12-17,5833500.0,
TXN0004212,CUST000826,2025-12-23,3044700.0,
TXN0004213,CUST000656,2025-10-16,497400.0,
TXN0004214,CUST001152,2025-10-07,5210400.0,
TXN0004215,CUST000435,2025-04-11,10273900.0,
TXN0004216,CUST000480,2024-04-30,2797200.0,CAMP0015
TXN0004217,CUST000349,2025-10-09,488300.0,
TXN0004218,CUST000707,2024-11-17,2173000.0,
TXN0004219,CUST001022,2025-02-21,21443500.0,CAMP0020
TXN0004220,CUST000518,2025-07-19,2128800.0,
TXN0004221,CUST000336,2023-05-09,3171400.0,
TXN0004222,CUST000774,2024-02-26,46784100.0,
TXN0004223,CUST000797,2024-06-26,17297000.0,
TXN0004224,CUST000710,2025-11-27,35183200.0,
TXN0004225,CUST000541,2025-08-03,15318800.0,
TXN0004226,CUST000978,2024-12-02,19044100.0,
TXN0004227,CUST001040,2024-03-27,5829500.0,
TXN0004228,CUST001102,2024-11-23,210500.0,
TXN0004229,CUST000663,2025-08-02,1306800.0,
TXN0004230,CUST000719,2025-12-05,9833600.0,
TXN0004231,CUST000778,2024-09-20,22637200.0,
TXN0004232,CUST000595,2025-04-20,6739500.0,
TXN0004233,CUST000386,2024-04-19,1133500.0,
TXN0004234,CUST000415,2024-05-28,22161700.0,
TXN0004235,CUST001199,2025-12-28,5400500.0,
TXN0004236,CUST001148,2025-10-08,1861800.0,
TXN0004237,CUST000953,2025-10-15,4646800.0,
TXN0004238,CUST000450,2025-07-28,22129900.0,
TXN0004239,CUST000114,2025-11-04,3543600.0,
TXN0004240,CUST000322,2024-06-06,2453600.0,
TXN0004241,CUST000474,2025-04-16,10755700.0,
TXN0004242,CUST000303,2025-05-28,60303000.0,
TXN0004243,CUST000248,2023-08-14,5537600.0,
TXN0004244,CUST001134,2023-10-31,2911500.0,
TXN0004245,CUST000411,2025-09-20,28206800.0,
TXN0004246,CUST000069,2025-07-25,11574200.0,
TXN0004247,CUST000919,2023-12-05,10971800.0,
TXN0004248,CUST000651,2025-03-23,5298000.0,CAMP0020
TXN0004249,CUST000636,2025-02-21,9072800.0,CAMP0020
TXN0004250,CUST000394,2024-08-17,4147700.0,
TXN0004251,CUST000908,2024-10-03,743600.0,
TXN0004252,CUST000848,2024-02-07,56553200.0,
TXN0004253,CUST000596,2023-07-18,1742400.0,
TXN0004254,CUST000268,2024-08-07,609300.0,
TXN0004255,CUST000367,2025-09-15,3982600.0,
TXN0004256,CUST000433,2024-06-25,3589100.0,CAMP0016
TXN0004257,CUST000034,2025-10-13,6969500.0,
TXN0004258,CUST000240,2025-10-28,8279100.0,
TXN0004259,CUST000784,2025-09-16,655800.0,
TXN0004260,CUST000035,2024-10-26,3691200.0,
TXN0004261,CUST000070,2025-08-28,51954300.0,
TXN0004262,CUST000631,2025-08-02,6565500.0,
TXN0004263,CUST000433,2025-09-18,1484600.0,
TXN0004264,CUST000338,2025-06-02,9375000.0,CAMP0021
TXN0004265,CUST000608,2025-09-27,7545200.0,
TXN0004266,CUST000508,2025-12-29,810900.0,
TXN0004267,CUST000533,2025-08-06,1754600.0,
TXN0004268,CUST001127,2025-11-11,2061100.0,
TXN0004269,CUST000105,2024-11-04,10263800.0,CAMP0018
TXN0004270,CUST000471,2025-10-26,1902300.0,CAMP0024
TXN0004271,CUST000517,2024-06-22,9588900.0,CAMP0016
TXN0004272,CUST000449,2024-09-23,43887200.0,
TXN0004273,CUST000825,2025-11-18,5661600.0,CAMP0024
TXN0004274,CUST001156,2025-10-05,4605700.0,
TXN0004275,CUST000869,2024-12-27,5774900.0,CAMP0019
TXN0004276,CUST000682,2024-08-26,2162900.0,CAMP0017
TXN0004277,CUST001025,2025-10-30,805800.0,CAMP0024
TXN0004278,CUST000449,2024-12-17,5284400.0,
TXN0004279,CUST000910,2025-08-06,54677900.0,
TXN0004280,CUST000248,2024-04-19,16283500.0,
TXN0004281,CUST000392,2024-08-07,4893800.0,
TXN0004282,CUST000177,2025-11-15,6877700.0,CAMP0024
TXN0004283,CUST000252,2025-06-05,3477100.0,
TXN0004284,CUST000742,2023-05-02,5539800.0,
TXN0004285,CUST000899,2023-06-12,18750500.0,
TXN0004286,CUST000434,2025-01-11,10803400.0,
TXN0004287,CUST000257,2024-12-28,18658000.0,
TXN0004288,CUST000915,2025-11-03,7000800.0,
TXN0004289,CUST000413,2024-10-26,46622600.0,
TXN0004290,CUST000677,2023-11-05,11321600.0,CAMP0012
TXN0004291,CUST000423,2024-01-07,3183100.0,
TXN0004292,CUST001094,2023-07-01,298600.0,
TXN0004293,CUST000216,2024-10-22,5464200.0,
TXN0004294,CUST000455,2024-10-17,2634400.0,
TXN0004295,CUST001154,2025-05-28,16253800.0,
TXN0004296,CUST000026,2025-03-31,24638700.0,
TXN0004297,CUST000841,2025-05-30,753400.0,
TXN0004298,CUST000690,2023-07-04,16249600.0,CAMP0010
TXN0004299,CUST000068,2024-09-24,4049500.0,
TXN0004300,CUST000279,2025-12-21,33386000.0,
TXN0004301,CUST000767,2024-02-08,49178600.0,
TXN0004302,CUST000463,2025-11-06,8912700.0,
TXN0004303,CUST000405,2025-04-19,134700.0,
TXN0004304,CUST000318,2024-05-25,882400.0,
TXN0004305,CUST000363,2025-03-03,11671600.0,
TXN0004306,CUST000583,2024-12-28,30527000.0,CAMP0019
TXN0004307,CUST000468,2024-11-02,525200.0,CAMP0018
TXN0004308,CUST000355,2022-12-25,4240300.0,
TXN0004309,CUST001128,2025-09-30,2399100.0,
TXN0004310,CUST000638,2024-07-16,41535800.0,
TXN0004311,CUST000819,2025-09-24,13692500.0,
TXN0004312,CUST001106,2025-05-28,4160100.0,
TXN0004313,CUST000237,2025-08-18,1122300.0,
TXN0004314,CUST000743,2025-09-26,31843600.0,
TXN0004315,CUST000038,2023-10-27,4011900.0,
TXN0004316,CUST000831,2024-01-17,6480400.0,
TXN0004317,CUST000428,2024-11-14,8831400.0,
TXN0004318,CUST000785,2024-07-12,11055900.0,CAMP0016
TXN0004319,CUST000108,2025-10-28,17036400.0,CAMP0024
TXN0004320,CUST000095,2025-02-18,831900.0,
TXN0004321,CUST000060,2025-11-18,192800.0,CAMP0024
TXN0004322,CUST000846,2025-11-10,4055900.0,CAMP0024
TXN0004323,CUST000489,2024-09-19,1126300.0,
TXN0004324,CUST000308,2025-04-25,4281600.0,CAMP0021
TXN0004325,CUST000669,2025-11-19,8954100.0,
TXN0004326,CUST000396,2025-09-04,17105700.0,CAMP0023
TXN0004327,CUST000393,2023-05-02,989200.0,
TXN0004328,CUST000335,2025-05-16,166800.0,
TXN0004329,CUST001071,2025-08-28,48095100.0,CAMP0023
TXN0004330,CUST000539,2023-11-09,1438800.0,
TXN0004331,CUST000853,2024-11-23,623000.0,CAMP0018
TXN0004332,CUST000541,2023-08-17,1931700.0,
TXN0004333,CUST000975,2025-06-05,404100.0,
TXN0004334,CUST000016,2024-09-17,690400.0,
TXN0004335,CUST000183,2025-05-13,546800.0,CAMP0021
TXN0004336,CUST000233,2024-02-18,1151500.0,
TXN0004337,CUST001070,2025-10-14,376000.0,
TXN0004338,CUST000061,2025-02-09,1237200.0,
TXN0004339,CUST000026,2022-08-12,647500.0,
TXN0004340,CUST000650,2024-04-13,2653400.0,
TXN0004341,CUST000596,2023-05-27,1712400.0,CAMP0009
TXN0004342,CUST000621,2025-12-24,1078500.0,
TXN0004343,CUST000969,2025-01-28,19332400.0,
TXN0004344,CUST000260,2024-04-19,968000.0,
TXN0004345,CUST000602,2023-10-12,1694800.0,
TXN0004346,CUST000536,2024-11-25,3919500.0,CAMP0018
TXN0004347,CUST000305,2024-02-13,18434100.0,
TXN0004348,CUST001015,2024-10-12,7982800.0,
TXN0004349,CUST000020,2025-05-03,20315100.0,CAMP0021
TXN0004350,CUST000975,2025-12-14,3919500.0,
TXN0004351,CUST000871,2024-09-19,168200.0,
TXN0004352,CUST001017,2025-05-14,50063300.0,CAMP0021
TXN0004353,CUST000029,2025-08-15,3619500.0,
TXN0004354,CUST000570,2025-11-05,1109200.0,
TXN0004355,CUST000761,2025-12-11,25361300.0,
TXN0004356,CUST000744,2025-06-16,36829600.0,
TXN0004357,CUST000655,2025-03-19,6118000.0,
TXN0004358,CUST000237,2025-09-25,1819700.0,
TXN0004359,CUST000735,2023-06-25,24847600.0,
TXN0004360,CUST000314,2025-01-12,4523800.0,
TXN0004361,CUST000195,2024-03-05,48458700.0,
TXN0004362,CUST000807,2025-11-02,809700.0,
TXN0004363,CUST001194,2024-03-18,35229200.0,
TXN0004364,CUST000281,2025-01-21,456800.0,
TXN0004365,CUST001064,2025-11-16,4701300.0,
TXN0004366,CUST000535,2023-02-25,2183600.0,
TXN0004367,CUST000387,2025-02-15,326600.0,
TXN0004368,CUST001004,2025-02-03,4486900.0,
TXN0004369,CUST000025,2024-02-12,20034200.0,
TXN0004370,CUST000535,2023-04-07,8939900.0,CAMP0008
TXN0004371,CUST001161,2025-02-06,5364700.0,
TXN0004372,CUST001013,2025-02-12,3243800.0,
TXN0004373,CUST000306,2024-03-05,7620700.0,
TXN0004374,CUST000213,2022-10-17,167200.0,CAMP0005
TXN0004375,CUST000974,2024-03-21,509400.0,
TXN0004376,CUST000830,2025-09-01,1438200.0,
TXN0004377,CUST000259,2024-10-06,12305800.0,
TXN0004378,CUST001073,2024-07-11,4297600.0,
TXN0004379,CUST000724,2025-09-28,5521600.0,
TXN0004380,CUST000869,2025-12-23,39619600.0,
TXN0004381,CUST000219,2024-03-01,5431800.0,
TXN0004382,CUST000553,2025-03-12,3629700.0,
TXN0004383,CUST000913,2023-11-27,1496200.0,
TXN0004384,CUST000642,2025-01-21,19667200.0,
TXN0004385,CUST000032,2022-07-14,21150100.0,
TXN0004386,CUST000208,2025-12-10,2828000.0,
TXN0004387,CUST001138,2023-08-10,30642600.0,
TXN0004388,CUST000698,2024-12-21,20867400.0,
TXN0004389,CUST000658,2025-11-03,1169100.0,CAMP0024
TXN0004390,CUST001011,2024-09-02,2946600.0,
TXN0004391,CUST000681,2024-12-14,1400000.0,
TXN0004392,CUST000421,2024-04-16,498400.0,
TXN0004393,CUST000999,2025-04-13,4809900.0,
TXN0004394,CUST000105,2025-10-09,298200.0,
TXN0004395,CUST001060,2024-10-20,1040600.0,
TXN0004396,CUST000198,2024-06-24,4196600.0,CAMP0016
TXN0004397,CUST000980,2024-05-07,29776600.0,
TXN0004398,CUST000276,2025-09-13,32356000.0,
TXN0004399,CUST000071,2024-07-30,6016600.0,
TXN0004400,CUST001101,2023-08-26,4226500.0,
TXN0004401,CUST000916,2025-04-29,574700.0,
TXN0004402,CUST000758,2024-06-21,26942100.0,
TXN0004403,CUST000648,2024-01-21,456400.0,
TXN0004404,CUST000459,2025-04-16,473100.0,
TXN0004405,CUST000715,2025-11-25,2187200.0,
TXN0004406,CUST000040,2023-05-13,17095200.0,
TXN0004407,CUST000028,2025-06-30,8983200.0,CAMP0022
TXN0004408,CUST000789,2025-08-08,2608800.0,
TXN0004409,CUST000349,2025-05-17,4172300.0,CAMP0021
TXN0004410,CUST000865,2022-10-23,134700.0,
TXN0004411,CUST000964,2025-11-09,1086900.0,
TXN0004412,CUST000787,2025-04-24,6657500.0,
TXN0004413,CUST001141,2025-12-11,1285500.0,
TXN0004414,CUST000047,2024-08-19,842200.0,
TXN0004415,CUST000145,2025-08-01,24951400.0,
TXN0004416,CUST000794,2024-04-04,231200.0,
TXN0004417,CUST000469,2025-04-25,4936400.0,
TXN0004418,CUST000333,2024-03-11,13080000.0,CAMP0014
TXN0004419,CUST000580,2025-04-01,2273500.0,
TXN0004420,CUST000496,2025-10-28,46265800.0,
TXN0004421,CUST000665,2025-10-26,435600.0,
TXN0004422,CUST001179,2024-02-19,4096800.0,
TXN0004423,CUST000788,2024-02-28,18119900.0,
TXN0004424,CUST000980,2025-03-17,2590300.0,CAMP0020
TXN0004425,CUST000719,2025-06-27,17134200.0,
TXN0004426,CUST000886,2025-08-19,21732400.0,
TXN0004427,CUST000780,2023-09-18,714100.0,
TXN0004428,CUST001187,2025-05-26,2363400.0,
TXN0004429,CUST000917,2025-01-13,46993000.0,
TXN0004430,CUST000569,2025-09-19,38954700.0,
TXN0004431,CUST000277,2025-05-26,1206500.0,CAMP0021
TXN0004432,CUST000525,2024-09-20,309600.0,
TXN0004433,CUST000939,2024-08-02,3044200.0,
TXN0004434,CUST000530,2025-08-07,2154800.0,
TXN0004435,CUST000693,2025-06-27,18603700.0,
TXN0004436,CUST000921,2023-11-08,10169200.0,
TXN0004437,CUST001140,2025-06-12,345900.0,
TXN0004438,CUST000323,2025-11-15,30148900.0,
TXN0004439,CUST000628,2024-01-10,4067300.0,
TXN0004440,CUST000886,2025-08-01,2599000.0,
TXN0004441,CUST000286,2025-08-13,2718400.0,
TXN0004442,CUST000878,2025-10-18,4306000.0,
TXN0004443,CUST000706,2024-08-12,546800.0,
TXN0004444,CUST000715,2025-08-03,8533400.0,
TXN0004445,CUST000044,2025-11-09,1504200.0,
TXN0004446,CUST000631,2025-04-10,6116600.0,
TXN0004447,CUST000365,2025-01-24,3350500.0,
TXN0004448,CUST000242,2025-10-18,1031700.0,
TXN0004449,CUST000081,2025-03-11,994800.0,
TXN0004450,CUST000194,2025-07-29,1495400.0,
TXN0004451,CUST000473,2025-03-18,1714000.0,
TXN0004452,CUST000887,2025-09-22,12009500.0,
TXN0004453,CUST000987,2024-03-31,5665200.0,
TXN0004454,CUST000982,2025-01-08,2285900.0,CAMP0019
TXN0004455,CUST000919,2025-07-27,1520200.0,
TXN0004456,CUST000153,2025-08-08,2830800.0,
TXN0004457,CUST000406,2023-12-16,24166100.0,
TXN0004458,CUST000295,2024-07-03,22948200.0,CAMP0016
TXN0004459,CUST000984,2023-10-18,7386300.0,CAMP0011
TXN0004460,CUST000773,2025-11-04,2346800.0,
TXN0004461,CUST000103,2025-02-05,99400.0,
TXN0004462,CUST000541,2023-08-02,97800.0,
TXN0004463,CUST001161,2025-01-03,1184400.0,
TXN0004464,CUST000369,2025-04-15,20797400.0,
TXN0004465,CUST000733,2025-06-07,847400.0,
TXN0004466,CUST000758,2023-10-26,806200.0,
TXN0004467,CUST000063,2023-07-01,14061400.0,
TXN0004468,CUST000188,2025-06-01,5194600.0,CAMP0021
TXN0004469,CUST000737,2024-08-04,404400.0,
TXN0004470,CUST000014,2025-06-07,386800.0,
TXN0004471,CUST000437,2025-08-18,32375000.0,
TXN0004472,CUST000171,2023-10-11,2418600.0,
TXN0004473,CUST000848,2024-05-30,649200.0,
TXN0004474,CUST000327,2025-09-16,1917100.0,
TXN0004475,CUST000686,2024-02-14,13094100.0,
TXN0004476,CUST001112,2022-12-18,1711900.0,
TXN0004477,CUST000695,2023-07-21,83400.0,
TXN0004478,CUST000144,2024-06-10,32537500.0,
TXN0004479,CUST001013,2025-11-06,17014900.0,CAMP0024
TXN0004480,CUST000347,2024-05-02,8391100.0,
TXN0004481,CUST001008,2024-06-20,4868400.0,
TXN0004482,CUST000615,2025-09-18,3064100.0,
TXN0004483,CUST001004,2024-07-01,11895300.0,CAMP0016
TXN0004484,CUST000572,2023-07-31,6219100.0,
TXN0004485,CUST000673,2025-11-11,12997600.0,
TXN0004486,CUST000851,2023-03-16,12934800.0,CAMP0008
TXN0004487,CUST000604,2022-11-22,1449200.0,
TXN0004488,CUST000161,2024-11-04,2978800.0,
TXN0004489,CUST000543,2024-10-07,21976400.0,
TXN0004490,CUST000215,2025-04-25,125100.0,CAMP0021
TXN0004491,CUST000172,2024-05-23,344400.0,
TXN0004492,CUST000165,2025-10-25,8153700.0,CAMP0024
TXN0004493,CUST000754,2025-03-23,16081200.0,
TXN0004494,CUST001000,2024-12-19,554600.0,
TXN0004495,CUST000363,2024-03-30,4194200.0,CAMP0014
TXN0004496,CUST000927,2025-01-05,2266600.0,
TXN0004497,CUST000950,2024-06-22,495100.0,CAMP0016
TXN0004498,CUST000708,2025-12-08,1938000.0,
TXN0004499,CUST000701,2025-03-31,572800.0,CAMP0020
TXN0004500,CUST001146,2025-06-09,5808600.0,
TXN0004501,CUST001006,2023-03-24,359400.0,
TXN0004502,CUST000816,2023-12-30,2993500.0,CAMP0013
TXN0004503,CUST000158,2024-10-05,20147400.0,
TXN0004504,CUST000272,2025-06-26,22833400.0,
TXN0004505,CUST000125,2025-06-26,5766900.0,CAMP0022
TXN0004506,CUST000794,2025-06-14,35752600.0,
TXN0004507,CUST000199,2025-11-16,436500.0,
TXN0004508,CUST000010,2025-09-05,29137200.0,
TXN0004509,CUST000567,2025-06-02,3919500.0,
TXN0004510,CUST000849,2022-06-03,7390000.0,
TXN0004511,CUST000011,2025-07-18,16586700.0,
TXN0004512,CUST000539,2024-11-06,43887200.0,
TXN0004513,CUST001182,2024-12-21,9569700.0,
TXN0004514,CUST000233,2024-05-14,168200.0,CAMP0015
TXN0004515,CUST000243,2025-09-07,50985100.0,CAMP0023
TXN0004516,CUST000328,2025-10-12,6499000.0,
TXN0004517,CUST000336,2024-11-09,7859800.0,CAMP0018
TXN0004518,CUST000115,2023-11-21,3959000.0,CAMP0012
TXN0004519,CUST001133,2025-02-17,31840800.0,
TXN0004520,CUST000180,2025-07-22,198900.0,
TXN0004521,CUST000593,2023-08-28,7380600.0,
TXN0004522,CUST000086,2024-08-02,4900000.0,
TXN0004523,CUST000969,2025-04-30,18094700.0,CAMP0021
TXN0004524,CUST000758,2023-08-23,2154200.0,
TXN0004525,CUST000752,2025-02-16,3188300.0,
TXN0004526,CUST000305,2024-04-18,791200.0,
TXN0004527,CUST000421,2025-09-06,25623000.0,
TXN0004528,CUST000798,2025-04-24,22364100.0,
TXN0004529,CUST000400,2024-11-07,777600.0,
TXN0004530,CUST000241,2024-04-11,31507200.0,
TXN0004531,CUST000223,2024-09-07,2472800.0,CAMP0017
TXN0004532,CUST000264,2024-02-02,940800.0,
TXN0004533,CUST000431,2025-06-22,631700.0,
TXN0004534,CUST000792,2025-04-30,5041200.0,CAMP0021
TXN0004535,CUST000050,2025-12-11,53686300.0,
TXN0004536,CUST000958,2023-06-21,19787400.0,
TXN0004537,CUST001037,2025-05-23,1839200.0,
TXN0004538,CUST001137,2025-09-30,1036400.0,
TXN0004539,CUST000061,2024-11-23,19318200.0,
TXN0004540,CUST000812,2023-03-19,719200.0,
TXN0004541,CUST000827,2025-02-27,9494500.0,
TXN0004542,CUST000818,2025-10-15,7288900.0,
TXN0004543,CUST000773,2025-06-05,34450900.0,
TXN0004544,CUST000935,2025-11-06,3005500.0,
TXN0004545,CUST000709,2025-11-03,2901400.0,CAMP0024
TXN0004546,CUST000652,2025-08-05,4263800.0,
TXN0004547,CUST000444,2023-10-16,12797500.0,
TXN0004548,CUST001088,2025-09-28,3539600.0,
TXN0004549,CUST000260,2024-10-30,10758000.0,
TXN0004550,CUST000901,2025-03-26,111400.0,
TXN0004551,CUST000245,2025-12-27,38372500.0,
TXN0004552,CUST000505,2024-12-29,404400.0,
TXN0004553,CUST000080,2024-08-29,24385600.0,CAMP0017
TXN0004554,CUST000236,2025-04-28,6026500.0,
TXN0004555,CUST000703,2024-09-17,2973500.0,
TXN0004556,CUST001152,2025-05-23,14750800.0,
TXN0004557,CUST000861,2025-09-21,28867000.0,
TXN0004558,CUST001059,2025-06-09,1145200.0,
TXN0004559,CUST001099,2025-12-29,59705900.0,
TXN0004560,CUST000883,2023-04-12,9748200.0,
TXN0004561,CUST001019,2025-04-02,11163300.0,
TXN0004562,CUST000986,2024-04-17,1986000.0,
TXN0004563,CUST000305,2025-10-03,2566600.0,
TXN0004564,CUST000075,2023-05-10,1045000.0,
TXN0004565,CUST000881,2024-12-19,48450000.0,
TXN0004566,CUST000510,2022-10-21,231600.0,
TXN0004567,CUST001063,2024-06-27,3760300.0,
TXN0004568,CUST000268,2024-07-24,2365600.0,
TXN0004569,CUST000844,2025-07-30,3587200.0,
TXN0004570,CUST001090,2025-03-23,2287200.0,CAMP0020
TXN0004571,CUST000002,2025-05-02,932900.0,CAMP0021
TXN0004572,CUST000939,2025-02-16,3529900.0,
TXN0004573,CUST000288,2025-06-13,2783400.0,
TXN0004574,CUST000540,2024-10-25,610900.0,CAMP0018
TXN0004575,CUST001174,2024-08-03,2283200.0,
TXN0004576,CUST000736,2025-12-19,2701400.0,
TXN0004577,CUST000336,2025-11-23,7429400.0,
TXN0004578,CUST000561,2024-12-13,12717400.0,
TXN0004579,CUST000275,2025-09-22,2941600.0,
TXN0004580,CUST000707,2025-10-30,2443000.0,
TXN0004581,CUST000266,2025-01-04,24330800.0,
TXN0004582,CUST000153,2025-01-26,487200.0,
TXN0004583,CUST001145,2025-07-06,3955600.0,CAMP0022
TXN0004584,CUST000269,2024-10-01,33186600.0,
TXN0004585,CUST001037,2024-12-31,3985300.0,
TXN0004586,CUST001164,2024-02-01,20444500.0,
TXN0004587,CUST000718,2023-02-09,2911200.0,
TXN0004588,CUST000564,2024-04-17,11368100.0,
TXN0004589,CUST000674,2025-10-14,21127000.0,
TXN0004590,CUST000968,2025-05-26,7371800.0,CAMP0021
TXN0004591,CUST000147,2024-11-18,6323700.0,
TXN0004592,CUST001134,2024-12-29,14053000.0,CAMP0019
TXN0004593,CUST000041,2025-02-28,6103800.0,
TXN0004594,CUST000415,2023-09-24,48289200.0,CAMP0011
TXN0004595,CUST000904,2025-10-21,3868000.0,
TXN0004596,CUST001064,2025-02-07,3427600.0,
TXN0004597,CUST001165,2024-03-20,14182200.0,
TXN0004598,CUST001183,2025-09-11,46909200.0,
TXN0004599,CUST000203,2025-06-27,2240900.0,CAMP0022
TXN0004600,CUST000612,2025-12-25,3746400.0,
TXN0004601,CUST000739,2025-07-17,718700.0,
TXN0004602,CUST000042,2024-08-24,11938800.0,
TXN0004603,CUST000631,2025-09-30,11615000.0,
TXN0004604,CUST000864,2023-08-30,488300.0,
TXN0004605,CUST000678,2024-08-30,18096500.0,
TXN0004606,CUST000789,2023-09-09,21129300.0,CAMP0011
TXN0004607,CUST000713,2023-02-02,1330800.0,
TXN0004608,CUST000666,2025-06-05,1215200.0,
TXN0004609,CUST000647,2025-05-20,3398100.0,
TXN0004610,CUST000153,2025-07-15,20914900.0,
TXN0004611,CUST000657,2022-12-20,8358400.0,
TXN0004612,CUST000268,2023-08-30,3666000.0,
TXN0004613,CUST000159,2025-12-03,3083300.0,
TXN0004614,CUST000554,2025-01-16,2256400.0,
TXN0004615,CUST000623,2024-08-01,3023600.0,
TXN0004616,CUST000286,2025-11-23,6410700.0,
TXN0004617,CUST000312,2024-06-20,33576800.0,
TXN0004618,CUST000381,2024-09-07,3301400.0,
TXN0004619,CUST000685,2023-07-09,16376300.0,
TXN0004620,CUST000144,2025-11-27,8456200.0,
TXN0004621,CUST000981,2024-10-05,21761200.0,
TXN0004622,CUST000250,2025-06-21,25160600.0,
TXN0004623,CUST001176,2025-09-26,17433400.0,
TXN0004624,CUST000908,2024-05-24,5200800.0,
TXN0004625,CUST000307,2025-07-25,36999300.0,
TXN0004626,CUST000444,2024-11-14,3484000.0,
TXN0004627,CUST000520,2025-09-22,1425100.0,
TXN0004628,CUST001168,2025-11-19,5886500.0,
TXN0004629,CUST000399,2025-12-15,1555500.0,
TXN0004630,CUST000135,2025-09-28,6882100.0,
TXN0004631,CUST001098,2023-01-24,2606400.0,
TXN0004632,CUST000668,2025-02-08,3919000.0,
TXN0004633,CUST000961,2025-10-28,1306500.0,
TXN0004634,CUST000129,2024-12-03,6814300.0,
TXN0004635,CUST000495,2024-11-16,20200100.0,
TXN0004636,CUST000123,2025-05-22,8084800.0,
TXN0004637,CUST000329,2025-09-02,9933600.0,CAMP0023
TXN0004638,CUST000879,2025-12-04,3717400.0,
TXN0004639,CUST000005,2025-08-18,3844500.0,
TXN0004640,CUST000523,2025-09-01,3347000.0,
TXN0004641,CUST000069,2024-01-21,752100.0,
TXN0004642,CUST000749,2024-07-21,41279300.0,
TXN0004643,CUST000959,2025-02-26,18337300.0,CAMP0020
TXN0004644,CUST000155,2025-08-21,12798500.0,
TXN0004645,CUST000908,2025-08-31,8077300.0,CAMP0023
TXN0004646,CUST000760,2025-02-22,1106100.0,CAMP0020
TXN0004647,CUST000241,2022-11-22,1261300.0,
TXN0004648,CUST000760,2024-09-10,32399400.0,
TXN0004649,CUST000509,2024-03-28,5570000.0,
TXN0004650,CUST000497,2023-03-04,7325800.0,
TXN0004651,CUST000515,2023-04-22,593400.0,
TXN0004652,CUST000989,2025-12-16,19392300.0,
TXN0004653,CUST000039,2022-06-21,9747000.0,
TXN0004654,CUST000086,2025-02-24,6235400.0,CAMP0020
TXN0004655,CUST000323,2025-10-12,6605900.0,
TXN0004656,CUST000857,2025-06-15,42178800.0,
TXN0004657,CUST000765,2023-02-15,4011900.0,
TXN0004658,CUST000406,2023-10-31,2680100.0,
TXN0004659,CUST000778,2025-10-10,15053900.0,
TXN0004660,CUST000017,2025-01-11,685200.0,CAMP0019
TXN0004661,CUST001106,2025-07-13,12169900.0,
TXN0004662,CUST000997,2025-07-16,70798600.0,
TXN0004663,CUST000317,2025-10-31,11134700.0,
TXN0004664,CUST000526,2025-06-15,1093100.0,
TXN0004665,CUST000430,2025-06-10,1810600.0,
TXN0004666,CUST001145,2025-08-18,10880600.0,
TXN0004667,CUST000539,2024-06-26,2703600.0,
TXN0004668,CUST001084,2023-10-27,7738500.0,
TXN0004669,CUST000993,2025-11-30,2431500.0,
TXN0004670,CUST000391,2025-10-07,10759200.0,
TXN0004671,CUST000683,2025-07-08,966500.0,
TXN0004672,CUST000615,2024-05-06,494200.0,
TXN0004673,CUST001124,2025-03-12,8696800.0,
TXN0004674,CUST000419,2025-07-04,2526400.0,
TXN0004675,CUST001040,2025-04-16,3403500.0,
TXN0004676,CUST000429,2025-06-18,19385200.0,CAMP0022
TXN0004677,CUST000149,2025-09-24,3503100.0,
TXN0004678,CUST001168,2025-04-02,13111200.0,
TXN0004679,CUST001139,2022-12-08,1980400.0,
TXN0004680,CUST000572,2025-05-27,980600.0,CAMP0021
TXN0004681,CUST000731,2025-10-07,3770800.0,
TXN0004682,CUST000219,2023-08-12,219500.0,
TXN0004683,CUST000918,2024-12-24,15119300.0,
TXN0004684,CUST000163,2025-08-29,28166800.0,
TXN0004685,CUST000239,2024-07-13,6355000.0,CAMP0016
TXN0004686,CUST000462,2024-09-04,613400.0,
TXN0004687,CUST000371,2025-11-06,3079000.0,
TXN0004688,CUST000037,2023-08-06,4427400.0,
TXN0004689,CUST000062,2025-06-08,4807200.0,
TXN0004690,CUST000826,2024-01-02,3780000.0,
TXN0004691,CUST001171,2025-12-05,6100200.0,
TXN0004692,CUST000719,2025-07-27,2887600.0,
TXN0004693,CUST000824,2025-12-07,3198300.0,
TXN0004694,CUST000074,2024-07-09,10449500.0,CAMP0016
TXN0004695,CUST000061,2025-08-05,1692500.0,
TXN0004696,CUST000634,2024-08-03,2934800.0,
TXN0004697,CUST000692,2025-07-05,5432600.0,CAMP0022
TXN0004698,CUST000985,2025-05-06,2933500.0,
TXN0004699,CUST000040,2023-01-09,973800.0,CAMP0007
TXN0004700,CUST000773,2025-08-28,4372900.0,CAMP0023
TXN0004701,CUST000012,2025-01-30,1304700.0,
TXN0004702,CUST001047,2025-04-23,786600.0,
TXN0004703,CUST000438,2024-01-05,231600.0,
TXN0004704,CUST000216,2025-12-09,8367200.0,
TXN0004705,CUST000704,2023-04-23,20390200.0,
TXN0004706,CUST000802,2025-09-11,8980000.0,
TXN0004707,CUST000884,2024-09-16,1224700.0,
TXN0004708,CUST000008,2023-12-19,18242800.0,
TXN0004709,CUST000605,2023-11-11,3828900.0,CAMP0012
TXN0004710,CUST000608,2024-12-15,18670800.0,
TXN0004711,CUST000625,2025-09-14,6128900.0,
TXN0004712,CUST000920,2025-11-15,989800.0,
TXN0004713,CUST000078,2023-02-20,32163800.0,
TXN0004714,CUST000085,2022-11-06,6380000.0,CAMP0006
TXN0004715,CUST000877,2025-02-22,8220400.0,CAMP0020
TXN0004716,CUST000165,2025-06-19,2883000.0,
TXN0004717,CUST000710,2025-08-28,658500.0,CAMP0023
TXN0004718,CUST000198,2024-06-18,3275500.0,
TXN0004719,CUST001126,2025-04-06,46787600.0,
TXN0004720,CUST001113,2025-02-11,13188600.0,
TXN0004721,CUST000792,2025-07-09,24506200.0,
TXN0004722,CUST000098,2025-12-05,1198100.0,
TXN0004723,CUST001175,2025-06-28,5954200.0,CAMP0022
TXN0004724,CUST000686,2025-07-05,1693000.0,
TXN0004725,CUST000314,2024-08-26,8542200.0,
TXN0004726,CUST000242,2025-09-20,626300.0,
TXN0004727,CUST000715,2024-11-29,4857700.0,
TXN0004728,CUST001109,2024-05-20,9748200.0,CAMP0015
TXN0004729,CUST000973,2024-09-10,2781300.0,CAMP0017
TXN0004730,CUST000208,2025-06-12,3585900.0,
TXN0004731,CUST000051,2025-12-28,48210800.0,
TXN0004732,CUST001132,2025-09-12,32892600.0,
TXN0004733,CUST000847,2025-08-30,14590200.0,CAMP0023
TXN0004734,CUST000448,2024-11-29,7529200.0,CAMP0018
TXN0004735,CUST000658,2025-07-23,189500.0,
TXN0004736,CUST000479,2024-11-02,10462400.0,CAMP0018
TXN0004737,CUST000788,2025-06-25,26535700.0,CAMP0022
TXN0004738,CUST000382,2023-12-04,4115600.0,
TXN0004739,CUST000138,2025-05-03,1485300.0,CAMP0021
TXN0004740,CUST000386,2024-12-01,8715900.0,
TXN0004741,CUST000588,2024-12-21,12624500.0,
TXN0004742,CUST000705,2024-02-09,1411200.0,
TXN0004743,CUST000715,2025-07-24,1284100.0,
TXN0004744,CUST000361,2024-05-10,8269500.0,CAMP0015
TXN0004745,CUST001121,2025-05-15,2254900.0,
TXN0004746,CUST001041,2024-08-09,1111000.0,
TXN0004747,CUST000886,2025-05-19,10270800.0,
TXN0004748,CUST000161,2023-11-07,6090600.0,
TXN0004749,CUST000015,2023-10-01,11273600.0,
TXN0004750,CUST000166,2025-10-02,3206600.0,
TXN0004751,CUST001149,2025-12-23,1847000.0,
TXN0004752,CUST001144,2023-09-02,38307600.0,
TXN0004753,CUST000181,2023-11-12,3889300.0,
TXN0004754,CUST000970,2025-03-02,19479600.0,CAMP0020
TXN0004755,CUST001087,2025-07-13,539400.0,
TXN0004756,CUST000063,2024-04-01,47932100.0,
TXN0004757,CUST001162,2024-02-02,230600.0,
TXN0004758,CUST000377,2025-08-28,10219000.0,CAMP0023
TXN0004759,CUST000088,2025-04-07,2166700.0,
TXN0004760,CUST000176,2023-12-18,5764200.0,
TXN0004761,CUST001180,2023-11-09,4412200.0,CAMP0012
TXN0004762,CUST000325,2024-03-28,36138400.0,CAMP0014
TXN0004763,CUST001116,2025-10-21,18907800.0,
TXN0004764,CUST000052,2025-09-26,20527600.0,
TXN0004765,CUST000492,2025-05-04,14851000.0,
TXN0004766,CUST000851,2024-06-24,4881600.0,
TXN0004767,CUST000176,2024-11-23,9359200.0,
TXN0004768,CUST001075,2024-09-22,33009700.0,
TXN0004769,CUST000598,2025-09-10,18409900.0,CAMP0023
TXN0004770,CUST000720,2024-07-21,12377100.0,
TXN0004771,CUST000816,2023-04-03,874400.0,
TXN0004772,CUST000427,2025-03-25,15304400.0,
TXN0004773,CUST000896,2023-02-17,15162300.0,
TXN0004774,CUST001029,2025-02-06,66681000.0,
TXN0004775,CUST000596,2023-12-31,3217400.0,CAMP0013
TXN0004776,CUST000618,2025-02-11,8226500.0,
TXN0004777,CUST000699,2024-06-09,258600.0,
TXN0004778,CUST000981,2024-11-24,21225200.0,
TXN0004779,CUST000836,2023-03-26,7150400.0,
TXN0004780,CUST000337,2024-05-11,2887800.0,CAMP0015
TXN0004781,CUST000793,2025-10-28,20926000.0,
TXN0004782,CUST000550,2025-11-05,3648000.0,CAMP0024
TXN0004783,CUST000636,2025-11-16,10452500.0,CAMP0024
TXN0004784,CUST000396,2025-09-18,1612500.0,
TXN0004785,CUST000684,2025-06-02,3380800.0,
TXN0004786,CUST000338,2025-03-19,11169900.0,CAMP0020
TXN0004787,CUST000563,2025-11-04,5651000.0,CAMP0024
TXN0004788,CUST000794,2025-12-02,13430200.0,
TXN0004789,CUST000906,2023-05-05,4929000.0,
TXN0004790,CUST000995,2025-02-19,9871800.0,
TXN0004791,CUST000785,2025-09-20,2828800.0,
TXN0004792,CUST000643,2024-08-18,8883000.0,
TXN0004793,CUST001103,2025-04-27,14186400.0,
TXN0004794,CUST000572,2023-06-27,2457200.0,CAMP0010
TXN0004795,CUST001037,2025-03-27,9367700.0,
TXN0004796,CUST000585,2025-12-21,504600.0,
TXN0004797,CUST000597,2025-08-07,8665600.0,
TXN0004798,CUST000559,2024-04-20,4741100.0,
TXN0004799,CUST000125,2025-06-18,2323900.0,
TXN0004800,CUST000935,2024-03-28,976600.0,
TXN0004801,CUST000518,2025-06-02,334400.0,
TXN0004802,CUST001145,2025-02-22,652600.0,
TXN0004803,CUST000763,2025-10-15,2219300.0,
TXN0004804,CUST001180,2025-12-15,29994900.0,
TXN0004805,CUST000502,2024-10-07,34374800.0,
TXN0004806,CUST001081,2024-09-30,359400.0,
TXN0004807,CUST000464,2025-06-27,3289000.0,CAMP0022
TXN0004808,CUST000621,2022-06-05,6374400.0,CAMP0003
TXN0004809,CUST000509,2024-07-08,2557400.0,
TXN0004810,CUST000065,2024-07-31,3040500.0,
TXN0004811,CUST001040,2023-12-05,2925500.0,
TXN0004812,CUST000054,2024-03-11,2625000.0,
TXN0004813,CUST000347,2024-06-11,575300.0,
TXN0004814,CUST000030,2023-12-01,166800.0,
TXN0004815,CUST000670,2025-09-30,16793700.0,
TXN0004816,CUST000358,2025-07-19,6969200.0,
TXN0004817,CUST000317,2023-04-04,973800.0,CAMP0008
TXN0004818,CUST000917,2025-03-31,4964600.0,CAMP0020
TXN0004819,CUST000160,2025-05-19,1079600.0,
TXN0004820,CUST000755,2025-11-11,603200.0,
TXN0004821,CUST000742,2024-02-13,59142600.0,
TXN0004822,CUST000356,2024-08-10,2712500.0,
TXN0004823,CUST000615,2024-09-23,569900.0,
TXN0004824,CUST000881,2024-03-21,7854000.0,
TXN0004825,CUST000502,2025-09-03,5887100.0,CAMP0023
TXN0004826,CUST000534,2022-10-24,920700.0,
TXN0004827,CUST000269,2024-07-29,5163300.0,
TXN0004828,CUST000931,2023-05-17,8424600.0,CAMP0009
TXN0004829,CUST000513,2025-01-02,3423900.0,
TXN0004830,CUST000126,2025-07-30,5573400.0,
TXN0004831,CUST000968,2025-11-21,3074500.0,
TXN0004832,CUST000429,2025-11-12,2775200.0,CAMP0024
TXN0004833,CUST000747,2024-09-30,13961000.0,
TXN0004834,CUST000788,2025-06-10,21839600.0,
TXN0004835,CUST001189,2025-12-04,5688100.0,
TXN0004836,CUST000912,2025-10-05,5370000.0,
TXN0004837,CUST000913,2025-03-09,1652700.0,
TXN0004838,CUST001071,2024-05-10,4752400.0,
TXN0004839,CUST000773,2025-11-14,16568600.0,
TXN0004840,CUST000110,2025-08-25,17120300.0,
TXN0004841,CUST000589,2023-06-05,12766900.0,
TXN0004842,CUST000085,2022-11-03,1470600.0,
TXN0004843,CUST000208,2025-06-02,1693700.0,CAMP0021
TXN0004844,CUST000815,2025-09-17,7214300.0,
TXN0004845,CUST000518,2025-01-22,52715000.0,
TXN0004846,CUST000060,2025-07-07,43215500.0,CAMP0022
TXN0004847,CUST000024,2024-08-03,497200.0,
TXN0004848,CUST001075,2023-12-09,1452600.0,
TXN0004849,CUST000122,2025-04-21,9465700.0,
TXN0004850,CUST001127,2025-04-29,1218600.0,
TXN0004851,CUST000482,2023-05-18,53070100.0,
TXN0004852,CUST000079,2024-09-23,11745100.0,
TXN0004853,CUST000881,2025-02-21,627000.0,CAMP0020
TXN0004854,CUST000081,2024-12-05,1327000.0,
TXN0004855,CUST000195,2025-03-15,44899200.0,CAMP0020
TXN0004856,CUST000678,2025-07-28,2040600.0,
TXN0004857,CUST000817,2025-08-22,3137000.0,
TXN0004858,CUST000990,2025-09-18,2283300.0,
TXN0004859,CUST001102,2024-04-15,318400.0,
TXN0004860,CUST000541,2025-01-30,16063700.0,
TXN0004861,CUST000692,2025-07-11,41785800.0,
TXN0004862,CUST001084,2023-06-26,1287000.0,CAMP0010
TXN0004863,CUST001039,2025-05-18,4411800.0,
TXN0004864,CUST000462,2025-02-06,10502400.0,
TXN0004865,CUST000529,2025-04-07,228800.0,
TXN0004866,CUST000162,2023-08-14,631900.0,
TXN0004867,CUST000624,2025-12-10,1188600.0,
TXN0004868,CUST000991,2024-10-30,2895800.0,
TXN0004869,CUST000829,2025-07-14,179800.0,
TXN0004870,CUST000930,2025-09-10,50749200.0,CAMP0023
TXN0004871,CUST000235,2024-03-04,561100.0,
TXN0004872,CUST000809,2025-09-21,9286100.0,
TXN0004873,CUST000969,2024-11-05,1284700.0,CAMP0018
TXN0004874,CUST000703,2024-11-04,1973200.0,
TXN0004875,CUST001173,2025-02-10,2187200.0,
TXN0004876,CUST000070,2023-04-28,644800.0,
TXN0004877,CUST000062,2022-10-28,2781400.0,
TXN0004878,CUST000158,2024-04-15,12960800.0,
TXN0004879,CUST000456,2025-04-29,1300900.0,
TXN0004880,CUST000310,2024-07-18,6733600.0,
TXN0004881,CUST000806,2023-08-23,15022900.0,
TXN0004882,CUST000396,2025-06-09,6996400.0,
TXN0004883,CUST000835,2024-05-16,15686400.0,CAMP0015
TXN0004884,CUST000604,2025-12-26,9685900.0,
TXN0004885,CUST001100,2025-01-25,18426100.0,
TXN0004886,CUST000618,2024-01-08,61567100.0,
TXN0004887,CUST000688,2022-12-20,17351400.0,
TXN0004888,CUST001078,2024-03-29,30483800.0,
TXN0004889,CUST000268,2025-06-27,41360100.0,CAMP0022
TXN0004890,CUST000872,2024-07-17,7836000.0,
TXN0004891,CUST001057,2025-11-20,23112700.0,CAMP0024
TXN0004892,CUST000214,2024-07-25,21917400.0,
TXN0004893,CUST000931,2022-04-24,10152500.0,
TXN0004894,CUST000682,2024-09-02,2338700.0,
TXN0004895,CUST000512,2024-12-10,12388400.0,
TXN0004896,CUST001098,2023-06-28,2752500.0,
TXN0004897,CUST000262,2025-01-28,11990400.0,
TXN0004898,CUST000388,2025-12-25,8457400.0,
TXN0004899,CUST000638,2024-09-02,189500.0,CAMP0017
TXN0004900,CUST000067,2025-12-21,1531600.0,
TXN0004901,CUST000456,2025-12-03,1064400.0,
TXN0004902,CUST001182,2025-08-25,4276800.0,
TXN0004903,CUST000017,2025-06-13,13085600.0,
TXN0004904,CUST000973,2022-07-03,1020800.0,
TXN0004905,CUST000789,2025-06-14,5340700.0,
TXN0004906,CUST000556,2025-09-23,10655800.0,
TXN0004907,CUST000825,2024-12-13,1109200.0,
TXN0004908,CUST000668,2025-10-22,15331000.0,
TXN0004909,CUST000516,2024-04-25,640200.0,
TXN0004910,CUST001075,2022-10-11,33836900.0,
TXN0004911,CUST000848,2024-02-04,324600.0,
TXN0004912,CUST000748,2025-08-10,2582300.0,
TXN0004913,CUST000681,2024-02-27,28777000.0,
TXN0004914,CUST000391,2025-04-30,3114800.0,
TXN0004915,CUST000958,2024-06-01,2975700.0,
TXN0004916,CUST000913,2023-09-28,10190200.0,
TXN0004917,CUST000317,2025-01-21,69039900.0,
TXN0004918,CUST000552,2025-08-10,1524900.0,
TXN0004919,CUST000492,2025-04-10,4084200.0,
TXN0004920,CUST000538,2024-10-03,2206600.0,
TXN0004921,CUST000168,2025-04-23,21262600.0,
TXN0004922,CUST000307,2025-07-16,2446300.0,
TXN0004923,CUST000959,2025-12-24,16119800.0,
TXN0004924,CUST001041,2024-10-08,1073100.0,
TXN0004925,CUST000970,2025-10-03,21854100.0,
TXN0004926,CUST001098,2024-11-18,3684300.0,CAMP0018
TXN0004927,CUST000710,2025-12-18,28078700.0,
TXN0004928,CUST001168,2025-04-12,58133000.0,
TXN0004929,CUST000301,2025-10-01,83016400.0,
TXN0004930,CUST000003,2023-07-18,5483300.0,CAMP0010
TXN0004931,CUST000560,2024-09-02,10302600.0,CAMP0017
TXN0004932,CUST000238,2025-05-12,46980400.0,
TXN0004933,CUST000632,2024-03-31,21667800.0,
TXN0004934,CUST000939,2024-12-08,4713400.0,
TXN0004935,CUST000901,2025-02-19,13642500.0,
TXN0004936,CUST000943,2025-08-31,213000.0,
TXN0004937,CUST000276,2022-09-24,1196900.0,
TXN0004938,CUST001155,2025-10-15,3943600.0,
TXN0004939,CUST000775,2025-07-05,90405400.0,
TXN0004940,CUST000738,2022-12-29,3859800.0,CAMP0007
TXN0004941,CUST000106,2024-01-18,732200.0,
TXN0004942,CUST000698,2023-06-25,1022800.0,
TXN0004943,CUST001042,2025-08-19,4583000.0,
TXN0004944,CUST000073,2024-10-29,14856000.0,
TXN0004945,CUST000807,2025-04-20,599800.0,
TXN0004946,CUST000714,2025-02-20,3351300.0,
TXN0004947,CUST000157,2025-11-03,11679100.0,CAMP0024
TXN0004948,CUST000777,2023-11-22,32821200.0,CAMP0012
TXN0004949,CUST000458,2025-12-12,5182000.0,
TXN0004950,CUST001059,2025-12-16,38114600.0,
TXN0004951,CUST000648,2025-08-18,1863000.0,
TXN0004952,CUST000388,2023-09-29,5520500.0,
TXN0004953,CUST000275,2025-04-21,1285500.0,
TXN0004954,CUST001004,2025-03-21,35899500.0,
TXN0004955,CUST000753,2025-12-29,30913900.0,
TXN0004956,CUST000466,2023-05-19,7448000.0,CAMP0009
TXN0004957,CUST000536,2024-06-30,2585800.0,
TXN0004958,CUST000159,2023-01-08,1778000.0,
TXN0004959,CUST001054,2025-06-05,3616600.0,
TXN0004960,CUST000421,2024-04-02,2719000.0,
TXN0004961,CUST000993,2025-03-31,2221000.0,CAMP0020
TXN0004962,CUST000005,2025-04-23,7511600.0,
TXN0004963,CUST001121,2025-09-25,8954100.0,
TXN0004964,CUST000309,2024-09-23,957400.0,
TXN0004965,CUST000973,2022-10-28,554200.0,
TXN0004966,CUST000540,2025-09-23,6563400.0,
TXN0004967,CUST000504,2024-11-20,4365500.0,
TXN0004968,CUST000738,2024-03-08,179700.0,
TXN0004969,CUST000463,2025-03-18,435600.0,
TXN0004970,CUST000277,2025-07-21,4243100.0,
TXN0004971,CUST000074,2025-10-03,34083600.0,
TXN0004972,CUST000750,2024-04-17,7366900.0,
TXN0004973,CUST001155,2025-07-29,2444600.0,
TXN0004974,CUST000737,2024-10-19,2038400.0,
TXN0004975,CUST000258,2025-06-05,1598600.0,
TXN0004976,CUST000759,2025-04-03,564000.0,
TXN0004977,CUST000032,2024-04-25,107813200.0,
TXN0004978,CUST001018,2024-08-25,6143400.0,CAMP0017
TXN0004979,CUST000038,2023-09-01,1475600.0,
TXN0004980,CUST000207,2024-03-20,1510900.0,
TXN0004981,CUST000316,2025-12-04,15538300.0,
TXN0004982,CUST000005,2025-03-29,7181700.0,CAMP0020
TXN0004983,CUST000046,2023-09-14,1714300.0,CAMP0011
TXN0004984,CUST000266,2025-07-13,49657100.0,
TXN0004985,CUST001001,2025-08-01,655800.0,
TXN0004986,CUST000472,2025-11-11,7880900.0,
TXN0004987,CUST000993,2025-05-17,2231700.0,
TXN0004988,CUST000770,2025-01-17,228800.0,
TXN0004989,CUST000744,2025-06-03,5658400.0,
TXN0004990,CUST000111,2024-07-12,12665700.0,
TXN0004991,CUST000385,2023-07-17,12639600.0,
TXN0004992,CUST000406,2025-06-24,10192200.0,
TXN0004993,CUST001117,2025-11-02,23238600.0,CAMP0024
TXN0004994,CUST000328,2024-10-24,1796400.0,
TXN0004995,CUST000170,2024-01-06,4158400.0,
TXN0004996,CUST000597,2025-12-28,168200.0,
TXN0004997,CUST000570,2025-05-15,8954100.0,CAMP0021
TXN0004998,CUST000380,2025-07-26,5100000.0,
TXN0004999,CUST000054,2024-11-05,21635900.0,
TXN0005000,CUST000388,2024-01-25,5949400.0,
TXN0005001,CUST001042,2025-11-18,27692700.0,
TXN0005002,CUST000741,2025-09-20,9205600.0,
TXN0005003,CUST000265,2025-07-04,2512600.0,CAMP0022
TXN0005004,CUST001146,2024-10-09,461200.0,
TXN0005005,CUST000622,2025-06-28,36197700.0,CAMP0022
TXN0005006,CUST000551,2025-08-07,5765800.0,
TXN0005007,CUST000286,2025-11-13,226500.0,
TXN0005008,CUST000756,2024-02-02,747300.0,
TXN0005009,CUST000754,2025-03-08,4153400.0,
TXN0005010,CUST001040,2023-07-17,7084800.0,
TXN0005011,CUST000547,2024-05-20,15673900.0,CAMP0015
TXN0005012,CUST000288,2025-05-20,1218600.0,CAMP0021
TXN0005013,CUST000426,2025-05-08,22449600.0,
TXN0005014,CUST000546,2024-01-30,744700.0,
TXN0005015,CUST000687,2025-09-28,10902500.0,
TXN0005016,CUST000335,2025-05-24,1971700.0,
TXN0005017,CUST000781,2024-07-05,2877400.0,
TXN0005018,CUST000062,2024-11-04,11618300.0,CAMP0018
TXN0005019,CUST000264,2023-07-25,11312000.0,
TXN0005020,CUST000630,2024-07-11,1411200.0,
TXN0005021,CUST000112,2022-09-22,7102000.0,CAMP0005
TXN0005022,CUST000034,2025-07-23,6631600.0,
TXN0005023,CUST000083,2025-12-23,1291100.0,
TXN0005024,CUST000020,2024-09-27,1460800.0,
TXN0005025,CUST001126,2025-05-01,2187200.0,CAMP0021
TXN0005026,CUST000912,2025-06-30,145200.0,CAMP0022
TXN0005027,CUST000708,2023-01-06,4191900.0,
TXN0005028,CUST000938,2025-03-17,336400.0,CAMP0020
TXN0005029,CUST001106,2025-04-04,373800.0,
TXN0005030,CUST000251,2023-10-06,6100200.0,
TXN0005031,CUST000965,2024-04-16,5157800.0,
TXN0005032,CUST000074,2024-09-30,482400.0,
TXN0005033,CUST000667,2024-02-09,4403500.0,
TXN0005034,CUST000249,2024-07-18,1201600.0,
TXN0005035,CUST000660,2024-05-18,8353300.0,CAMP0015
TXN0005036,CUST000481,2024-05-27,1447900.0,
TXN0005037,CUST001193,2025-09-03,12125200.0,
TXN0005038,CUST000926,2023-07-09,16593000.0,
TXN0005039,CUST000729,2025-06-18,563100.0,
TXN0005040,CUST000534,2023-06-30,19316500.0,
TXN0005041,CUST000077,2024-05-31,5969400.0,
TXN0005042,CUST000960,2024-10-27,3954800.0,
TXN0005043,CUST000479,2025-04-09,6587500.0,
TXN0005044,CUST000111,2025-02-24,7718400.0,
TXN0005045,CUST000113,2025-06-05,6799200.0,
TXN0005046,CUST000172,2025-10-23,4366300.0,
TXN0005047,CUST000288,2025-04-23,4638700.0,
TXN0005048,CUST001136,2025-01-06,135000.0,
TXN0005049,CUST001164,2024-05-05,60146100.0,CAMP0015
TXN0005050,CUST000091,2024-08-20,1810300.0,CAMP0017
TXN0005051,CUST000076,2023-12-03,71600.0,
TXN0005052,CUST001124,2024-05-13,151600.0,CAMP0015
TXN0005053,CUST000720,2024-06-12,5008800.0,
TXN0005054,CUST000433,2024-11-26,11745100.0,CAMP0018
TXN0005055,CUST001197,2025-07-13,19667200.0,
TXN0005056,CUST000189,2025-11-03,532200.0,
TXN0005057,CUST000636,2025-11-17,5400900.0,
TXN0005058,CUST001155,2023-08-22,2081200.0,
TXN0005059,CUST000899,2024-06-07,20290400.0,
TXN0005060,CUST001012,2025-05-04,27461800.0,
TXN0005061,CUST000271,2024-04-20,36162600.0,
TXN0005062,CUST000870,2025-10-06,2317900.0,
TXN0005063,CUST000753,2025-07-11,5307900.0,
TXN0005064,CUST000414,2025-12-11,561800.0,
TXN0005065,CUST000117,2025-08-31,4307700.0,
TXN0005066,CUST000012,2025-10-05,731600.0,
TXN0005067,CUST000020,2025-10-21,60562800.0,
TXN0005068,CUST001153,2023-12-14,6098900.0,
TXN0005069,CUST000817,2022-07-15,47460000.0,
TXN0005070,CUST000039,2024-04-23,7127700.0,
TXN0005071,CUST000620,2024-05-10,5761200.0,
TXN0005072,CUST000821,2025-02-24,3434700.0,
TXN0005073,CUST000361,2023-11-16,20820600.0,
TXN0005074,CUST000904,2024-10-05,13028000.0,
TXN0005075,CUST000457,2025-12-11,36546300.0,
TXN0005076,CUST000369,2025-09-16,2508600.0,
TXN0005077,CUST000585,2025-11-17,2159800.0,
TXN0005078,CUST000605,2024-09-25,435600.0,
TXN0005079,CUST000327,2023-12-27,3807200.0,CAMP0013
TXN0005080,CUST000650,2024-11-19,6897600.0,
TXN0005081,CUST000448,2025-06-17,1446200.0,
TXN0005082,CUST000690,2023-04-06,2147400.0,
TXN0005083,CUST000407,2025-06-12,3679900.0,
TXN0005084,CUST000603,2025-02-17,61392000.0,
TXN0005085,CUST000706,2025-01-29,520300.0,
TXN0005086,CUST000955,2025-08-23,3240200.0,
TXN0005087,CUST000597,2025-11-29,11759000.0,
TXN0005088,CUST000568,2024-10-02,629000.0,
TXN0005089,CUST000516,2024-05-21,13454200.0,CAMP0015
TXN0005090,CUST000630,2024-11-16,1140200.0,
TXN0005091,CUST000729,2025-03-05,1449200.0,
TXN0005092,CUST000682,2025-06-27,550500.0,CAMP0022
TXN0005093,CUST000992,2025-10-10,52013000.0,
TXN0005094,CUST000140,2024-06-10,2729900.0,
TXN0005095,CUST000730,2025-05-07,6100200.0,CAMP0021
TXN0005096,CUST000895,2025-01-29,726000.0,
TXN0005097,CUST001042,2025-12-20,951400.0,
TXN0005098,CUST000618,2025-03-08,4165600.0,
TXN0005099,CUST000971,2024-09-26,546800.0,
TXN0005100,CUST000534,2024-09-17,1694800.0,
TXN0005101,CUST000523,2025-11-13,487200.0,CAMP0024
TXN0005102,CUST000126,2025-08-07,5048300.0,
TXN0005103,CUST000874,2025-12-07,9156800.0,
TXN0005104,CUST000979,2025-09-25,9599300.0,
TXN0005105,CUST000580,2025-03-21,538800.0,CAMP0020
TXN0005106,CUST000262,2025-11-06,2879900.0,CAMP0024
TXN0005107,CUST000771,2025-06-24,3147900.0,
TXN0005108,CUST000530,2025-06-03,3562000.0,
TXN0005109,CUST000740,2025-12-27,17914000.0,
TXN0005110,CUST000101,2025-05-15,16351300.0,
TXN0005111,CUST000734,2025-09-29,7622100.0,
TXN0005112,CUST001152,2025-07-09,6460700.0,
TXN0005113,CUST000301,2025-07-22,1903800.0,
TXN0005114,CUST000051,2024-12-25,13642200.0,CAMP0019
TXN0005115,CUST001097,2024-05-10,35085100.0,
TXN0005116,CUST000523,2025-09-18,3044300.0,
TXN0005117,CUST000954,2022-12-07,3355600.0,
TXN0005118,CUST001127,2025-06-08,691900.0,
TXN0005119,CUST000833,2023-04-07,3694900.0,
TXN0005120,CUST001015,2024-07-13,382900.0,
TXN0005121,CUST000442,2024-11-09,12167700.0,
TXN0005122,CUST001118,2025-09-20,47700500.0,
TXN0005123,CUST001167,2025-06-10,44535200.0,
TXN0005124,CUST001131,2024-07-15,4478200.0,
TXN0005125,CUST001169,2025-05-11,40424700.0,
TXN0005126,CUST001030,2024-03-28,6480400.0,CAMP0014
TXN0005127,CUST000457,2025-12-10,3734300.0,
TXN0005128,CUST000135,2024-05-15,1107000.0,CAMP0015
TXN0005129,CUST000004,2025-02-06,12200400.0,
TXN0005130,CUST000967,2025-10-05,54268400.0,
TXN0005131,CUST000641,2024-07-31,4710000.0,
TXN0005132,CUST000502,2024-12-23,592100.0,
TXN0005133,CUST000691,2024-09-06,15220700.0,CAMP0017
TXN0005134,CUST000984,2022-05-13,13157300.0,CAMP0003
TXN0005135,CUST000545,2023-12-24,3964800.0,
TXN0005136,CUST001056,2024-01-26,41285000.0,
TXN0005137,CUST000063,2025-02-13,7165400.0,
TXN0005138,CUST001157,2024-12-31,2301200.0,CAMP0019
TXN0005139,CUST000301,2025-09-10,38483900.0,CAMP0023
TXN0005140,CUST001109,2024-03-24,545800.0,
TXN0005141,CUST000276,2023-02-21,11966500.0,
TXN0005142,CUST000442,2025-06-20,830100.0,CAMP0022
TXN0005143,CUST000753,2025-09-23,2703500.0,
TXN0005144,CUST001051,2025-02-01,880000.0,
TXN0005145,CUST000670,2024-05-19,4845700.0,
TXN0005146,CUST000853,2022-06-08,1286800.0,
TXN0005147,CUST000246,2024-07-29,22494400.0,
TXN0005148,CUST000221,2025-12-25,18026700.0,
TXN0005149,CUST000135,2024-10-09,24611800.0,
TXN0005150,CUST000815,2024-05-30,10130300.0,
TXN0005151,CUST000037,2025-05-02,5425500.0,
TXN0005152,CUST001010,2024-03-28,849400.0,
TXN0005153,CUST000762,2025-05-25,1410600.0,
TXN0005154,CUST000705,2024-10-11,246600.0,
TXN0005155,CUST001015,2024-02-06,4310100.0,
TXN0005156,CUST000200,2024-07-07,25314000.0,CAMP0016
TXN0005157,CUST000004,2023-11-21,4433100.0,CAMP0012
TXN0005158,CUST001033,2025-02-12,6357200.0,
TXN0005159,CUST000669,2025-09-30,17904300.0,
TXN0005160,CUST000439,2024-11-03,23313500.0,CAMP0018
TXN0005161,CUST000936,2023-12-19,2143900.0,
TXN0005162,CUST000655,2025-03-24,324600.0,CAMP0020
TXN0005163,CUST000154,2025-02-22,179800.0,
TXN0005164,CUST001055,2024-09-07,17481000.0,CAMP0017
TXN0005165,CUST000667,2024-07-17,9795700.0,
TXN0005166,CUST000740,2024-12-05,575400.0,
TXN0005167,CUST000208,2023-01-27,5869000.0,
TXN0005168,CUST000524,2024-10-12,12580700.0,
TXN0005169,CUST000832,2024-10-01,1293400.0,
TXN0005170,CUST000253,2024-12-09,1410800.0,
TXN0005171,CUST000338,2025-12-27,3308100.0,
TXN0005172,CUST000860,2025-08-09,2851000.0,
TXN0005173,CUST000796,2025-09-18,6506000.0,
TXN0005174,CUST000348,2024-08-13,5878100.0,
TXN0005175,CUST000753,2025-04-01,9622500.0,
TXN0005176,CUST000913,2025-02-10,6262000.0,
TXN0005177,CUST000957,2025-04-16,3135000.0,
TXN0005178,CUST001194,2022-10-17,9270300.0,CAMP0005
TXN0005179,CUST000732,2025-05-08,6896000.0,
TXN0005180,CUST000288,2024-08-17,23343200.0,
TXN0005181,CUST000263,2025-09-02,3748900.0,
TXN0005182,CUST000047,2024-03-15,2188000.0,CAMP0014
TXN0005183,CUST001005,2025-11-10,631600.0,CAMP0024
TXN0005184,CUST000281,2025-03-16,660200.0,CAMP0020
TXN0005185,CUST000450,2024-10-12,10909100.0,
TXN0005186,CUST000432,2025-05-23,6572300.0,CAMP0021
TXN0005187,CUST001029,2024-08-07,21541200.0,
TXN0005188,CUST000972,2023-06-28,8809700.0,CAMP0010
TXN0005189,CUST001196,2025-09-07,3894700.0,CAMP0023
TXN0005190,CUST000713,2022-04-05,26840600.0,
TXN0005191,CUST000826,2024-06-08,1237200.0,
TXN0005192,CUST000908,2024-08-14,1464900.0,
TXN0005193,CUST001023,2024-06-20,19076100.0,
TXN0005194,CUST000263,2024-04-02,122800.0,
TXN0005195,CUST000991,2025-10-18,111400.0,
TXN0005196,CUST000264,2025-01-17,51281200.0,
TXN0005197,CUST000153,2025-08-23,38515200.0,
TXN0005198,CUST000999,2024-03-22,831900.0,
TXN0005199,CUST000226,2023-04-08,21538000.0,
TXN0005200,CUST001014,2024-11-01,1953900.0,
TXN0005201,CUST000267,2023-03-07,14320300.0,
TXN0005202,CUST000142,2024-10-09,45951000.0,
TXN0005203,CUST000135,2023-08-04,4653700.0,
TXN0005204,CUST000999,2024-08-18,9304000.0,
TXN0005205,CUST000107,2025-09-12,326600.0,
TXN0005206,CUST000834,2023-08-17,38267500.0,
TXN0005207,CUST000898,2025-05-03,23601800.0,
TXN0005208,CUST000210,2025-09-22,6302200.0,
TXN0005209,CUST000721,2024-07-03,1432400.0,
TXN0005210,CUST000633,2025-06-04,3603800.0,
TXN0005211,CUST000402,2024-03-14,6438600.0,CAMP0014
TXN0005212,CUST001177,2025-07-15,39695500.0,
TXN0005213,CUST000333,2023-12-29,808800.0,CAMP0013
TXN0005214,CUST000883,2024-08-03,599100.0,
TXN0005215,CUST000553,2025-02-09,10718300.0,
TXN0005216,CUST000106,2024-08-31,719200.0,CAMP0017
TXN0005217,CUST000086,2025-02-05,4823000.0,
TXN0005218,CUST000219,2024-06-05,21551100.0,
TXN0005219,CUST000069,2023-07-25,2590100.0,
TXN0005220,CUST000003,2024-06-08,5357700.0,
TXN0005221,CUST001108,2025-10-07,4064400.0,
TXN0005222,CUST000513,2025-11-15,1059400.0,
TXN0005223,CUST000769,2025-11-11,1707900.0,
TXN0005224,CUST000246,2025-04-05,11197400.0,
TXN0005225,CUST000057,2025-10-01,12409800.0,
TXN0005226,CUST001015,2024-02-09,2614000.0,
TXN0005227,CUST000345,2024-08-03,8830200.0,
TXN0005228,CUST001038,2025-09-12,2933200.0,
TXN0005229,CUST001108,2025-11-29,19262100.0,
TXN0005230,CUST000242,2025-06-01,197800.0,
TXN0005231,CUST000353,2025-11-20,18699200.0,CAMP0024
TXN0005232,CUST000587,2025-11-14,343200.0,
TXN0005233,CUST000541,2024-02-24,10934600.0,
TXN0005234,CUST000857,2025-05-26,8634200.0,
TXN0005235,CUST001170,2025-05-28,1485900.0,
TXN0005236,CUST000610,2025-06-12,497200.0,
TXN0005237,CUST000639,2024-10-07,30806500.0,
TXN0005238,CUST000170,2025-02-09,379000.0,
TXN0005239,CUST001003,2025-01-26,893600.0,
TXN0005240,CUST000939,2022-12-15,16432200.0,
TXN0005241,CUST000924,2025-02-25,37489600.0,CAMP0020
TXN0005242,CUST000177,2025-07-17,49791000.0,
TXN0005243,CUST000146,2024-11-15,658500.0,CAMP0018
TXN0005244,CUST000351,2025-12-05,2395900.0,
TXN0005245,CUST000291,2025-05-11,11150400.0,CAMP0021
TXN0005246,CUST000800,2023-11-12,3457300.0,
TXN0005247,CUST001066,2025-07-21,14870400.0,
TXN0005248,CUST001053,2024-02-07,11692800.0,
TXN0005249,CUST000231,2024-03-27,7359700.0,
TXN0005250,CUST000489,2023-11-06,2090000.0,
TXN0005251,CUST000993,2025-02-11,976600.0,
TXN0005252,CUST000838,2025-09-10,1881600.0,
TXN0005253,CUST000319,2025-06-04,16126600.0,
TXN0005254,CUST000927,2024-10-06,4077700.0,
TXN0005255,CUST000921,2025-09-17,1699400.0,
TXN0005256,CUST000295,2025-04-26,2954400.0,
TXN0005257,CUST000258,2024-12-24,802200.0,
TXN0005258,CUST000634,2024-05-30,12878300.0,
TXN0005259,CUST001027,2022-04-29,6102900.0,
TXN0005260,CUST000807,2025-05-19,9532000.0,
TXN0005261,CUST000279,2024-09-16,19108400.0,
TXN0005262,CUST000646,2025-03-10,3716300.0,CAMP0020
TXN0005263,CUST000381,2025-12-11,16862500.0,
TXN0005264,CUST000009,2024-11-01,8067100.0,
TXN0005265,CUST000010,2025-11-21,46697400.0,
TXN0005266,CUST000981,2024-09-11,6814300.0,CAMP0017
TXN0005267,CUST000008,2025-01-24,364200.0,
TXN0005268,CUST001101,2024-02-10,8910100.0,
TXN0005269,CUST000775,2025-10-30,23870300.0,
TXN0005270,CUST000377,2024-10-15,8407200.0,
TXN0005271,CUST000214,2024-10-19,28183300.0,
TXN0005272,CUST000404,2025-06-15,6358900.0,
TXN0005273,CUST000881,2024-06-03,808800.0,
TXN0005274,CUST000962,2025-06-28,3995500.0,
TXN0005275,CUST000269,2024-09-17,23937800.0,
TXN0005276,CUST000213,2024-10-07,5058700.0,
TXN0005277,CUST001146,2024-03-30,426000.0,CAMP0014
TXN0005278,CUST000208,2022-05-03,23740800.0,
TXN0005279,CUST000874,2025-11-12,744300.0,
TXN0005280,CUST000160,2025-10-11,132800.0,
TXN0005281,CUST000401,2024-12-18,8800000.0,
TXN0005282,CUST000498,2025-12-08,8664100.0,
TXN0005283,CUST000841,2025-12-05,13559700.0,
TXN0005284,CUST000356,2025-12-28,15637200.0,
TXN0005285,CUST000757,2025-07-13,19071700.0,
TXN0005286,CUST000445,2025-12-22,14032700.0,
TXN0005287,CUST000880,2025-12-16,1306800.0,
TXN0005288,CUST000494,2023-06-29,53889400.0,CAMP0010
TXN0005289,CUST000991,2024-08-29,1465900.0,
TXN0005290,CUST000795,2024-12-23,26257500.0,
TXN0005291,CUST001136,2025-03-29,7568000.0,
TXN0005292,CUST000909,2024-11-17,1881800.0,
TXN0005293,CUST000240,2025-06-16,51226200.0,
TXN0005294,CUST000003,2023-12-25,11365400.0,
TXN0005295,CUST000955,2024-12-23,36156100.0,
TXN0005296,CUST000183,2024-10-17,19275000.0,
TXN0005297,CUST000804,2023-10-29,7344900.0,
TXN0005298,CUST000389,2025-03-07,20705600.0,
TXN0005299,CUST000633,2024-03-22,666700.0,
TXN0005300,CUST000955,2025-05-17,32636800.0,CAMP0021
TXN0005301,CUST000465,2025-04-16,5016900.0,
TXN0005302,CUST000238,2024-08-09,838700.0,
TXN0005303,CUST000552,2025-04-06,9005700.0,
TXN0005304,CUST001030,2025-12-05,850600.0,
TXN0005305,CUST000126,2025-09-14,40622300.0,
TXN0005306,CUST000450,2024-11-16,2392900.0,CAMP0018
TXN0005307,CUST001188,2024-05-10,16094200.0,CAMP0015
TXN0005308,CUST000326,2025-10-15,9051100.0,
TXN0005309,CUST000883,2024-12-03,6424400.0,
TXN0005310,CUST000657,2022-10-14,874600.0,CAMP0005
TXN0005311,CUST000202,2025-03-18,17510100.0,CAMP0020
TXN0005312,CUST000557,2024-11-19,202200.0,
TXN0005313,CUST001155,2023-12-19,4558900.0,
TXN0005314,CUST000181,2023-12-04,3498200.0,
TXN0005315,CUST000904,2024-10-30,3751100.0,CAMP0018
TXN0005316,CUST000058,2025-08-17,48033800.0,
TXN0005317,CUST000783,2023-10-04,7602400.0,CAMP0011
TXN0005318,CUST000425,2024-09-16,21330400.0,
TXN0005319,CUST000101,2024-11-19,2295200.0,
TXN0005320,CUST001160,2024-07-19,3920200.0,
TXN0005321,CUST000584,2023-10-26,188000.0,
TXN0005322,CUST001121,2024-10-08,462400.0,
TXN0005323,CUST000189,2024-09-23,6100200.0,
TXN0005324,CUST001166,2024-08-30,11378000.0,
TXN0005325,CUST001068,2023-01-19,806200.0,
TXN0005326,CUST001115,2025-08-09,7371800.0,
TXN0005327,CUST001110,2025-05-08,2272100.0,
TXN0005328,CUST000288,2025-03-28,2228100.0,
TXN0005329,CUST000388,2024-06-29,2709400.0,CAMP0016
TXN0005330,CUST000322,2025-01-02,4055700.0,CAMP0019
TXN0005331,CUST000091,2025-10-24,108400.0,
TXN0005332,CUST000748,2025-04-29,9671400.0,CAMP0021
TXN0005333,CUST000051,2025-05-03,15288300.0,
TXN0005334,CUST000606,2025-10-27,943500.0,
TXN0005335,CUST000802,2025-07-08,28704500.0,
TXN0005336,CUST000004,2023-03-15,2719500.0,
TXN0005337,CUST000009,2024-07-22,1922800.0,
TXN0005338,CUST000276,2023-06-06,319600.0,
TXN0005339,CUST000935,2024-04-19,43150200.0,
TXN0005340,CUST000013,2025-03-04,9447800.0,CAMP0020
TXN0005341,CUST000930,2025-01-04,22603900.0,
TXN0005342,CUST001012,2025-08-01,1885400.0,
TXN0005343,CUST000325,2025-02-10,1134000.0,
TXN0005344,CUST000880,2025-09-07,23306300.0,
TXN0005345,CUST000439,2024-01-02,44859800.0,
TXN0005346,CUST000815,2024-10-15,740000.0,
TXN0005347,CUST000668,2025-11-13,2623800.0,
TXN0005348,CUST000154,2025-11-11,5653600.0,
TXN0005349,CUST001138,2023-08-03,10243000.0,
TXN0005350,CUST001020,2025-05-06,25415300.0,CAMP0021
TXN0005351,CUST000749,2024-07-08,11910800.0,CAMP0016
TXN0005352,CUST000642,2025-06-28,1661300.0,CAMP0022
TXN0005353,CUST000870,2025-08-08,17534300.0,
TXN0005354,CUST000835,2023-01-04,4371000.0,CAMP0007
TXN0005355,CUST000677,2022-07-23,378600.0,CAMP0004
TXN0005356,CUST000378,2024-09-14,5297700.0,CAMP0017
TXN0005357,CUST000602,2024-11-09,1957000.0,
TXN0005358,CUST000674,2024-11-06,8532500.0,CAMP0018
TXN0005359,CUST001169,2025-09-16,24108200.0,
TXN0005360,CUST000274,2025-06-04,7426800.0,
TXN0005361,CUST001123,2025-05-13,19258600.0,CAMP0021
TXN0005362,CUST000490,2024-11-04,9761600.0,CAMP0018
TXN0005363,CUST000798,2025-06-21,12960800.0,
TXN0005364,CUST000552,2024-10-30,10759200.0,CAMP0018
TXN0005365,CUST000537,2024-06-29,9338700.0,CAMP0016
TXN0005366,CUST000184,2025-10-07,42703200.0,
TXN0005367,CUST000556,2025-11-04,1134000.0,CAMP0024
TXN0005368,CUST000072,2025-12-31,18751500.0,
TXN0005369,CUST000938,2024-11-30,3133000.0,
TXN0005370,CUST000868,2025-03-24,87900.0,
TXN0005371,CUST000352,2025-10-13,1138500.0,
TXN0005372,CUST001103,2024-12-27,7532300.0,
TXN0005373,CUST000796,2025-10-03,12565400.0,
TXN0005374,CUST000870,2025-07-03,1246600.0,
TXN0005375,CUST000726,2025-12-22,12717400.0,
TXN0005376,CUST000056,2025-03-22,2704100.0,CAMP0020
TXN0005377,CUST000536,2023-10-01,35280300.0,CAMP0011
TXN0005378,CUST001083,2025-10-14,747300.0,
TXN0005379,CUST000180,2025-01-02,5067600.0,CAMP0019
TXN0005380,CUST000545,2024-01-31,2428500.0,
TXN0005381,CUST000953,2025-07-24,1149200.0,
TXN0005382,CUST000492,2025-02-10,10370800.0,
TXN0005383,CUST001040,2023-11-13,6408600.0,
TXN0005384,CUST000490,2025-02-23,1109200.0,
TXN0005385,CUST001151,2023-04-09,4743300.0,
TXN0005386,CUST000698,2025-07-28,8507300.0,
TXN0005387,CUST001022,2024-07-30,1242000.0,
TXN0005388,CUST000196,2024-02-24,3283800.0,
TXN0005389,CUST000700,2025-11-20,30350300.0,CAMP0024
TXN0005390,CUST001067,2023-05-07,287800.0,
TXN0005391,CUST000097,2025-01-26,42692400.0,
TXN0005392,CUST000590,2024-07-30,4074800.0,
TXN0005393,CUST000018,2024-12-25,151600.0,CAMP0019
TXN0005394,CUST000217,2025-04-28,21960500.0,
TXN0005395,CUST000692,2025-10-22,4779500.0,
TXN0005396,CUST000503,2025-05-30,337100.0,CAMP0021
TXN0005397,CUST000525,2025-04-03,7532100.0,
TXN0005398,CUST000557,2025-05-01,13892800.0,
TXN0005399,CUST000628,2023-04-01,5431800.0,
TXN0005400,CUST001166,2024-12-03,13214500.0,
TXN0005401,CUST000744,2025-10-19,6826600.0,
TXN0005402,CUST000276,2025-05-05,33113200.0,CAMP0021
TXN0005403,CUST000975,2025-12-14,41305700.0,
TXN0005404,CUST000534,2025-06-23,2070400.0,
TXN0005405,CUST000272,2025-09-17,8069400.0,
TXN0005406,CUST000311,2023-12-25,12227100.0,CAMP0013
TXN0005407,CUST000382,2024-03-16,37660200.0,
TXN0005408,CUST000990,2025-03-14,4700300.0,CAMP0020
TXN0005409,CUST001141,2025-11-29,6970900.0,
TXN0005410,CUST000943,2025-09-15,22032200.0,
TXN0005411,CUST000180,2025-07-30,3800900.0,
TXN0005412,CUST000372,2024-12-07,404400.0,
TXN0005413,CUST000585,2023-04-23,1832700.0,
TXN0005414,CUST000389,2025-04-19,2420700.0,
TXN0005415,CUST000911,2024-11-15,191800.0,
TXN0005416,CUST001158,2023-06-18,7710100.0,
TXN0005417,CUST000066,2022-06-30,4823200.0,
TXN0005418,CUST000601,2025-02-12,13436600.0,
TXN0005419,CUST000627,2024-03-12,899900.0,
TXN0005420,CUST000343,2025-08-12,20415500.0,
TXN0005421,CUST000229,2025-12-28,902400.0,
TXN0005422,CUST000738,2023-11-05,19667200.0,
TXN0005423,CUST000158,2024-04-24,2313000.0,
TXN0005424,CUST001159,2025-05-14,3037700.0,
TXN0005425,CUST001096,2023-06-14,1098600.0,
TXN0005426,CUST000608,2023-12-30,6050800.0,CAMP0013
TXN0005427,CUST000456,2025-04-06,12671600.0,
TXN0005428,CUST000442,2025-04-17,4463100.0,
TXN0005429,CUST000924,2025-10-15,165300.0,
TXN0005430,CUST000750,2025-02-08,1093600.0,
TXN0005431,CUST000098,2024-11-12,75500.0,
TXN0005432,CUST000394,2025-09-01,9889100.0,CAMP0023
TXN0005433,CUST000422,2024-10-14,14743600.0,
TXN0005434,CUST000314,2024-02-24,12738400.0,
TXN0005435,CUST000328,2024-10-11,32608800.0,
TXN0005436,CUST000886,2025-10-04,113700.0,
TXN0005437,CUST000725,2025-04-27,791200.0,CAMP0021
TXN0005438,CUST000578,2025-03-19,17921600.0,
TXN0005439,CUST000787,2024-09-03,5130400.0,CAMP0017
TXN0005440,CUST000902,2025-07-15,1411200.0,
TXN0005441,CUST000687,2025-05-26,9563400.0,
TXN0005442,CUST000875,2024-08-09,1560200.0,
TXN0005443,CUST000769,2025-07-22,48023700.0,
TXN0005444,CUST000388,2024-04-30,12167800.0,
TXN0005445,CUST000481,2025-10-01,4137700.0,
TXN0005446,CUST000192,2025-08-03,214800.0,
TXN0005447,CUST000438,2025-11-22,8863400.0,
TXN0005448,CUST001030,2025-11-22,5475600.0,
TXN0005449,CUST000919,2024-12-31,31356500.0,
TXN0005450,CUST000622,2025-01-31,10726000.0,
TXN0005451,CUST000127,2025-02-02,18528300.0,
TXN0005452,CUST001113,2025-06-14,7730000.0,
TXN0005453,CUST000326,2023-08-16,25604200.0,
TXN0005454,CUST000444,2024-10-28,1710300.0,
TXN0005455,CUST000754,2025-05-09,2803800.0,
TXN0005456,CUST000751,2025-07-05,4127000.0,CAMP0022
TXN0005457,CUST000134,2024-05-15,2799000.0,CAMP0015
TXN0005458,CUST000433,2024-12-16,9100900.0,
TXN0005459,CUST000146,2024-10-21,3221800.0,
TXN0005460,CUST000844,2025-10-01,9551500.0,
TXN0005461,CUST001170,2025-11-10,48520400.0,CAMP0024
TXN0005462,CUST000173,2022-12-23,1999200.0,
TXN0005463,CUST000964,2024-02-13,719200.0,
TXN0005464,CUST000113,2024-01-11,8159900.0,CAMP0013
TXN0005465,CUST000500,2025-10-13,2713500.0,
TXN0005466,CUST000288,2024-08-11,11938800.0,
TXN0005467,CUST001147,2025-12-27,2275800.0,
TXN0005468,CUST000074,2023-12-27,10502400.0,
TXN0005469,CUST001160,2024-06-01,8918400.0,
TXN0005470,CUST001062,2025-02-26,810900.0,CAMP0020
TXN0005471,CUST000163,2023-02-17,17847000.0,
TXN0005472,CUST000527,2025-10-12,946200.0,
TXN0005473,CUST000887,2024-12-22,2051000.0,
TXN0005474,CUST000320,2025-10-02,5170700.0,
TXN0005475,CUST000074,2024-02-01,7162000.0,
TXN0005476,CUST001075,2022-12-24,26352600.0,
TXN0005477,CUST000603,2023-10-30,25805200.0,
TXN0005478,CUST000368,2024-05-20,25434800.0,
TXN0005479,CUST000589,2025-01-29,1235000.0,
TXN0005480,CUST000821,2024-09-13,1079800.0,CAMP0017
TXN0005481,CUST000921,2024-08-05,2483100.0,
TXN0005482,CUST000400,2025-08-05,2234100.0,
TXN0005483,CUST000886,2025-06-30,4826000.0,
TXN0005484,CUST000920,2025-12-02,9828100.0,
TXN0005485,CUST000086,2024-07-15,1785000.0,
TXN0005486,CUST000834,2024-05-26,16725400.0,
TXN0005487,CUST000522,2024-06-30,2348400.0,
TXN0005488,CUST000356,2025-08-24,34737800.0,
TXN0005489,CUST000594,2025-07-05,1184200.0,
TXN0005490,CUST000319,2025-08-28,75800.0,CAMP0023
TXN0005491,CUST001154,2024-11-14,916200.0,CAMP0018
TXN0005492,CUST000502,2024-12-10,28502400.0,
TXN0005493,CUST000748,2025-05-04,1897700.0,
TXN0005494,CUST001121,2024-05-06,116000.0,
TXN0005495,CUST000956,2025-11-25,29220500.0,
TXN0005496,CUST000637,2025-02-06,1271100.0,
TXN0005497,CUST001083,2025-03-29,11590700.0,CAMP0020
TXN0005498,CUST000830,2025-05-01,272900.0,CAMP0021
TXN0005499,CUST000747,2022-10-24,17237000.0,
TXN0005500,CUST000079,2025-12-24,3071400.0,
TXN0005501,CUST000285,2025-11-03,46357500.0,CAMP0024
TXN0005502,CUST000387,2025-09-13,674200.0,
TXN0005503,CUST000784,2025-01-14,47705000.0,
TXN0005504,CUST000206,2022-11-30,7754700.0,
TXN0005505,CUST001031,2025-02-05,501200.0,
TXN0005506,CUST000546,2025-12-06,11646400.0,
TXN0005507,CUST000063,2024-12-19,1683100.0,
TXN0005508,CUST000846,2025-02-03,11120400.0,
TXN0005509,CUST000729,2025-11-02,26113100.0,
TXN0005510,CUST000274,2025-10-08,47512500.0,
TXN0005511,CUST000697,2024-01-29,1463100.0,
TXN0005512,CUST000020,2024-06-12,8335200.0,
TXN0005513,CUST000970,2024-09-28,18920900.0,
TXN0005514,CUST000263,2025-05-02,10492300.0,
TXN0005515,CUST000401,2025-08-28,19944900.0,
TXN0005516,CUST000999,2025-10-10,1643200.0,
TXN0005517,CUST000638,2024-07-17,8203700.0,
TXN0005518,CUST001005,2025-01-29,1191600.0,
TXN0005519,CUST000291,2025-03-17,4641900.0,
TXN0005520,CUST001122,2025-07-25,97800.0,
TXN0005521,CUST000474,2024-03-16,18821200.0,CAMP0014
TXN0005522,CUST000992,2023-05-26,5828600.0,
TXN0005523,CUST000290,2025-02-10,11822400.0,
TXN0005524,CUST000677,2023-02-18,15108300.0,
TXN0005525,CUST000901,2025-06-13,1988800.0,
TXN0005526,CUST000213,2025-10-27,42134700.0,
TXN0005527,CUST000564,2024-12-14,1712400.0,
TXN0005528,CUST001172,2024-12-29,5459800.0,CAMP0019
TXN0005529,CUST000640,2023-09-26,11518600.0,CAMP0011
TXN0005530,CUST000503,2025-08-16,9172700.0,
TXN0005531,CUST001127,2025-04-02,3767900.0,
TXN0005532,CUST000726,2025-05-24,58000.0,
TXN0005533,CUST000493,2025-12-05,17636900.0,
TXN0005534,CUST000061,2024-10-09,2561300.0,
TXN0005535,CUST000249,2025-04-08,20536000.0,
TXN0005536,CUST000359,2024-10-06,6703500.0,
TXN0005537,CUST000681,2025-08-16,14928600.0,
TXN0005538,CUST000929,2022-11-03,7186000.0,
TXN0005539,CUST000876,2025-01-16,1491600.0,CAMP0019
TXN0005540,CUST000304,2025-04-05,4180000.0,
TXN0005541,CUST001051,2025-11-26,51721400.0,
TXN0005542,CUST000220,2024-05-13,496800.0,CAMP0015
TXN0005543,CUST000401,2025-08-01,12880800.0,
TXN0005544,CUST000011,2025-03-29,49892100.0,
TXN0005545,CUST001192,2025-09-12,1367700.0,
TXN0005546,CUST001145,2025-04-02,13105900.0,
TXN0005547,CUST000954,2024-05-19,12046400.0,
TXN0005548,CUST000259,2025-05-30,397200.0,CAMP0021
TXN0005549,CUST000345,2025-07-22,718800.0,
TXN0005550,CUST000691,2025-12-10,2867600.0,
TXN0005551,CUST000412,2022-07-14,6814100.0,
TXN0005552,CUST000237,2025-05-05,48519800.0,CAMP0021
TXN0005553,CUST001008,2024-12-12,3993800.0,
TXN0005554,CUST000869,2025-10-25,2794700.0,
TXN0005555,CUST000676,2024-01-11,2351700.0,
TXN0005556,CUST000049,2024-03-27,2054900.0,CAMP0014
TXN0005557,CUST001035,2024-10-18,7686000.0,
TXN0005558,CUST000624,2025-12-17,23484400.0,
TXN0005559,CUST000217,2025-04-26,49250400.0,
TXN0005560,CUST000720,2022-09-10,502600.0,CAMP0005
TXN0005561,CUST000765,2023-04-25,32340900.0,
TXN0005562,CUST000982,2025-12-03,11109400.0,
TXN0005563,CUST000540,2025-12-01,1825600.0,
TXN0005564,CUST000755,2025-10-16,57312200.0,
TXN0005565,CUST000322,2024-06-22,37902000.0,
TXN0005566,CUST000998,2025-09-27,1462100.0,
TXN0005567,CUST000250,2025-12-18,2767800.0,
TXN0005568,CUST000113,2023-11-20,1165000.0,CAMP0012
TXN0005569,CUST000978,2022-11-19,13361400.0,CAMP0006
TXN0005570,CUST000893,2025-01-15,203400.0,
TXN0005571,CUST001041,2025-11-24,33564200.0,
TXN0005572,CUST000175,2024-01-19,1576600.0,
TXN0005573,CUST000111,2024-06-08,2356800.0,
TXN0005574,CUST001059,2025-10-07,11582700.0,
TXN0005575,CUST000469,2025-05-10,10997000.0,CAMP0021
TXN0005576,CUST000345,2024-03-27,5286100.0,
TXN0005577,CUST000976,2025-01-12,6148800.0,
TXN0005578,CUST000145,2024-04-10,3987500.0,
TXN0005579,CUST001069,2025-12-14,11604400.0,
TXN0005580,CUST000772,2023-01-09,674200.0,CAMP0007
TXN0005581,CUST000828,2022-10-23,41316800.0,
TXN0005582,CUST001144,2025-02-14,375900.0,
TXN0005583,CUST001065,2025-03-26,7053900.0,
TXN0005584,CUST000516,2023-12-05,1976200.0,
TXN0005585,CUST000419,2025-03-23,857900.0,CAMP0020
TXN0005586,CUST000806,2023-09-30,2081200.0,
TXN0005587,CUST000603,2025-06-21,7299900.0,CAMP0022
TXN0005588,CUST001014,2024-11-20,15413300.0,
TXN0005589,CUST001005,2025-08-05,4766900.0,
TXN0005590,CUST000124,2025-02-22,7949900.0,
TXN0005591,CUST000566,2024-03-04,21753200.0,
TXN0005592,CUST000905,2025-10-11,11899400.0,
TXN0005593,CUST000365,2023-01-04,1902300.0,
TXN0005594,CUST001003,2022-07-12,21943600.0,
TXN0005595,CUST001183,2025-10-09,1567200.0,
TXN0005596,CUST000907,2025-11-14,1498500.0,
TXN0005597,CUST000082,2025-06-21,11731500.0,
TXN0005598,CUST000623,2024-12-22,3847900.0,
TXN0005599,CUST000775,2025-09-03,3758800.0,
TXN0005600,CUST000588,2024-08-06,5990100.0,
TXN0005601,CUST000590,2023-06-19,213000.0,
TXN0005602,CUST000456,2025-04-23,33976400.0,
TXN0005603,CUST000040,2024-05-29,23933000.0,
TXN0005604,CUST000864,2024-10-13,1347500.0,
TXN0005605,CUST000758,2025-02-17,3293400.0,
TXN0005606,CUST000865,2023-06-20,28820800.0,
TXN0005607,CUST000878,2024-03-04,7860100.0,
TXN0005608,CUST000144,2024-04-18,2156100.0,
TXN0005609,CUST000648,2025-08-22,5368600.0,
TXN0005610,CUST000459,2025-12-27,7183000.0,
TXN0005611,CUST000708,2025-06-27,3621200.0,
TXN0005612,CUST000889,2025-05-08,6903600.0,CAMP0021
TXN0005613,CUST000511,2024-10-12,439000.0,
TXN0005614,CUST000983,2025-10-09,3754200.0,
TXN0005615,CUST001188,2025-06-28,5859200.0,CAMP0022
TXN0005616,CUST000118,2025-12-17,22056100.0,
TXN0005617,CUST000921,2024-07-14,2316300.0,
TXN0005618,CUST000139,2025-12-08,795600.0,
TXN0005619,CUST000543,2025-05-10,15903800.0,
TXN0005620,CUST000324,2023-07-19,1690400.0,CAMP0010
TXN0005621,CUST001139,2025-05-26,6625800.0,CAMP0021
TXN0005622,CUST001189,2024-08-08,999600.0,
TXN0005623,CUST000747,2025-05-02,1325000.0,
TXN0005624,CUST000714,2025-05-08,1321000.0,CAMP0021
TXN0005625,CUST001133,2023-12-13,8604600.0,
TXN0005626,CUST000056,2025-02-04,12664200.0,
TXN0005627,CUST000133,2025-02-11,4741600.0,
TXN0005628,CUST000588,2025-11-27,32928900.0,
TXN0005629,CUST000999,2025-04-20,4861500.0,
TXN0005630,CUST000776,2023-05-11,16944200.0,CAMP0009
TXN0005631,CUST000745,2025-05-16,16270700.0,CAMP0021
TXN0005632,CUST000493,2025-07-22,1885300.0,
TXN0005633,CUST000077,2024-11-14,8936000.0,CAMP0018
TXN0005634,CUST001165,2024-05-26,13079300.0,
TXN0005635,CUST000435,2024-07-13,1593000.0,
TXN0005636,CUST000389,2025-11-21,6890900.0,
TXN0005637,CUST000649,2025-04-13,20648800.0,
TXN0005638,CUST000884,2024-04-28,15256800.0,CAMP0015
TXN0005639,CUST000051,2025-10-05,12850200.0,
TXN0005640,CUST000272,2025-09-17,4441200.0,
TXN0005641,CUST000116,2025-03-24,597300.0,CAMP0020
TXN0005642,CUST001147,2025-02-03,229500.0,
TXN0005643,CUST000307,2025-08-19,38868500.0,
TXN0005644,CUST001130,2024-12-05,15732300.0,
TXN0005645,CUST000383,2025-06-06,504600.0,
TXN0005646,CUST000520,2025-09-30,5360000.0,
TXN0005647,CUST000461,2023-09-29,1464800.0,
TXN0005648,CUST001197,2025-08-22,12630500.0,
TXN0005649,CUST000200,2023-01-09,44368800.0,
TXN0005650,CUST000771,2025-03-22,2689800.0,
TXN0005651,CUST000043,2025-11-07,15754200.0,
TXN0005652,CUST000510,2025-11-10,831900.0,
TXN0005653,CUST000463,2025-11-01,989300.0,CAMP0024
TXN0005654,CUST000170,2025-05-29,7134900.0,CAMP0021
TXN0005655,CUST000384,2025-04-13,3408400.0,
TXN0005656,CUST001190,2023-02-15,12441600.0,
TXN0005657,CUST000481,2024-08-14,2653200.0,
TXN0005658,CUST000201,2024-08-10,3843300.0,
TXN0005659,CUST000791,2024-03-13,21105300.0,
TXN0005660,CUST000747,2025-01-08,36278700.0,
TXN0005661,CUST000084,2025-01-25,8069400.0,
TXN0005662,CUST000441,2025-10-05,6431200.0,
TXN0005663,CUST000763,2025-06-14,125100.0,
TXN0005664,CUST000453,2025-11-19,4661600.0,
TXN0005665,CUST000561,2024-08-08,36474600.0,
TXN0005666,CUST000556,2025-08-23,27562200.0,
TXN0005667,CUST000073,2023-12-01,4434900.0,
TXN0005668,CUST000643,2024-08-27,1684800.0,
TXN0005669,CUST001017,2024-09-15,9777600.0,
TXN0005670,CUST000577,2023-03-12,10888800.0,CAMP0008
TXN0005671,CUST000552,2025-06-17,3566000.0,
TXN0005672,CUST000789,2023-07-16,11017300.0,
TXN0005673,CUST000169,2025-10-24,567800.0,
TXN0005674,CUST000883,2023-06-06,362300.0,
TXN0005675,CUST000336,2025-08-24,7061200.0,CAMP0023
TXN0005676,CUST000989,2025-11-17,17832600.0,
TXN0005677,CUST001071,2024-04-01,2701000.0,CAMP0014
TXN0005678,CUST000630,2025-09-21,2005400.0,
TXN0005679,CUST000214,2025-11-28,20192200.0,
TXN0005680,CUST000256,2025-02-07,1334300.0,
TXN0005681,CUST000255,2023-03-08,16304200.0,
TXN0005682,CUST000756,2023-05-01,18233900.0,
TXN0005683,CUST000099,2025-12-07,4983000.0,
TXN0005684,CUST001009,2025-10-08,7842600.0,
TXN0005685,CUST000566,2024-08-24,199200.0,
TXN0005686,CUST000719,2025-09-28,7596100.0,
TXN0005687,CUST000015,2025-07-04,174000.0,CAMP0022
TXN0005688,CUST001038,2024-12-31,3240200.0,
TXN0005689,CUST001176,2024-03-31,20040400.0,CAMP0014
TXN0005690,CUST000670,2025-11-06,4109600.0,
TXN0005691,CUST000957,2025-02-18,40894200.0,
TXN0005692,CUST001085,2024-02-03,11203900.0,
TXN0005693,CUST000789,2024-03-08,32653600.0,
TXN0005694,CUST000536,2024-08-30,67500.0,
TXN0005695,CUST001052,2025-01-09,4238100.0,
TXN0005696,CUST000774,2024-10-11,707200.0,
TXN0005697,CUST001017,2023-07-26,28034300.0,
TXN0005698,CUST000680,2025-11-15,6778000.0,CAMP0024
TXN0005699,CUST000671,2023-05-06,20788500.0,
TXN0005700,CUST000422,2024-09-09,6113400.0,CAMP0017
TXN0005701,CUST000890,2025-05-14,2450600.0,
TXN0005702,CUST001151,2025-04-16,769500.0,
TXN0005703,CUST000184,2024-05-02,33274100.0,
TXN0005704,CUST000183,2024-08-18,5145100.0,
TXN0005705,CUST000087,2024-06-03,1483200.0,
TXN0005706,CUST000388,2024-12-22,18816500.0,
TXN0005707,CUST000753,2025-06-22,6615400.0,
TXN0005708,CUST000660,2024-10-13,2879300.0,
TXN0005709,CUST001055,2025-07-22,48937600.0,
TXN0005710,CUST000711,2025-07-23,1692000.0,
TXN0005711,CUST000007,2022-08-14,11434200.0,CAMP0004
TXN0005712,CUST000730,2025-05-29,925200.0,CAMP0021
TXN0005713,CUST001048,2024-05-23,1137600.0,
TXN0005714,CUST001066,2025-07-03,29769700.0,
TXN0005715,CUST000696,2023-08-03,17600.0,
TXN0005716,CUST001004,2024-12-05,6538100.0,
TXN0005717,CUST000964,2023-01-19,9053400.0,
TXN0005718,CUST000158,2022-07-15,3531000.0,
TXN0005719,CUST000430,2025-07-13,2983800.0,
TXN0005720,CUST000280,2024-04-10,363500.0,
TXN0005721,CUST000537,2023-07-29,1026600.0,
TXN0005722,CUST000262,2024-09-04,1367600.0,
TXN0005723,CUST000547,2024-10-22,12960800.0,
TXN0005724,CUST000903,2025-07-03,2815500.0,
TXN0005725,CUST000382,2023-09-09,35571700.0,CAMP0011
TXN0005726,CUST000849,2025-11-02,3384000.0,
TXN0005727,CUST001153,2025-11-17,1409300.0,CAMP0024
TXN0005728,CUST000507,2024-11-18,5927400.0,CAMP0018
TXN0005729,CUST000930,2025-11-04,1587600.0,
TXN0005730,CUST000045,2025-09-18,11790000.0,
TXN0005731,CUST001149,2025-10-19,13623300.0,
TXN0005732,CUST001151,2025-04-20,1740900.0,
TXN0005733,CUST000074,2024-01-17,11612800.0,
TXN0005734,CUST000812,2023-08-28,39649000.0,
TXN0005735,CUST001034,2025-12-07,9004900.0,
TXN0005736,CUST000183,2025-02-24,8729000.0,
TXN0005737,CUST000173,2024-06-11,13954600.0,
TXN0005738,CUST000697,2024-02-16,4997800.0,
TXN0005739,CUST000677,2025-10-09,26027500.0,
TXN0005740,CUST000680,2025-09-10,888800.0,
TXN0005741,CUST000683,2024-02-16,8954100.0,
TXN0005742,CUST001123,2025-11-05,6003800.0,
TXN0005743,CUST000011,2025-11-12,324600.0,
TXN0005744,CUST000098,2025-12-25,35589100.0,
TXN0005745,CUST001144,2025-01-17,9207400.0,
TXN0005746,CUST000546,2024-11-21,1740800.0,CAMP0018
TXN0005747,CUST000352,2025-08-07,9097300.0,
TXN0005748,CUST000585,2024-06-17,707600.0,
TXN0005749,CUST000260,2024-05-14,57200.0,
TXN0005750,CUST000567,2025-01-03,24918900.0,
TXN0005751,CUST000886,2025-09-08,1260900.0,CAMP0023
TXN0005752,CUST000787,2025-06-01,3389000.0,
TXN0005753,CUST001100,2023-10-21,5089300.0,
TXN0005754,CUST000208,2023-12-26,1564300.0,
TXN0005755,CUST000718,2023-08-06,1001600.0,
TXN0005756,CUST001089,2025-10-20,63600.0,
TXN0005757,CUST000958,2025-06-30,35287000.0,
TXN0005758,CUST000073,2025-10-29,13543400.0,CAMP0024
TXN0005759,CUST000016,2024-12-05,544000.0,
TXN0005760,CUST000912,2025-05-06,489200.0,CAMP0021
TXN0005761,CUST000731,2024-10-14,35657000.0,
TXN0005762,CUST000405,2022-07-17,2371900.0,
TXN0005763,CUST000241,2023-08-07,795600.0,
TXN0005764,CUST000702,2023-05-24,26652200.0,CAMP0009
TXN0005765,CUST000666,2024-08-25,13835000.0,CAMP0017
TXN0005766,CUST000444,2025-12-03,44634200.0,
TXN0005767,CUST000524,2025-08-14,10334700.0,
TXN0005768,CUST000362,2023-10-09,2985600.0,CAMP0011
TXN0005769,CUST000663,2025-02-25,11057700.0,CAMP0020
TXN0005770,CUST001031,2023-07-30,1683300.0,
TXN0005771,CUST000030,2022-12-28,3133200.0,
TXN0005772,CUST000518,2025-01-10,202500.0,CAMP0019
TXN0005773,CUST000412,2024-05-31,21868000.0,
TXN0005774,CUST000536,2024-05-31,5286800.0,
TXN0005775,CUST000981,2025-07-12,5303600.0,
TXN0005776,CUST000399,2023-11-01,456800.0,
TXN0005777,CUST000423,2024-05-02,1922100.0,
TXN0005778,CUST000003,2023-09-25,51048500.0,
TXN0005779,CUST001107,2025-02-11,127200.0,
TXN0005780,CUST000727,2025-08-06,75800.0,
TXN0005781,CUST000428,2024-08-16,11705100.0,
TXN0005782,CUST000828,2022-10-30,8468700.0,
TXN0005783,CUST000755,2025-07-25,7214200.0,
TXN0005784,CUST000926,2025-11-09,28994800.0,
TXN0005785,CUST000989,2025-10-21,847400.0,
TXN0005786,CUST000101,2024-02-18,13634000.0,
TXN0005787,CUST000286,2025-06-10,6901000.0,
TXN0005788,CUST000302,2025-05-07,395600.0,CAMP0021
TXN0005789,CUST000456,2025-06-10,13018600.0,
TXN0005790,CUST000499,2025-02-24,24596800.0,CAMP0020
TXN0005791,CUST001130,2025-11-01,7118700.0,CAMP0024
TXN0005792,CUST000533,2025-10-23,1613100.0,
TXN0005793,CUST000783,2025-06-02,612300.0,
TXN0005794,CUST000253,2025-07-01,7571400.0,
TXN0005795,CUST000487,2025-01-27,8839700.0,
TXN0005796,CUST000400,2024-10-05,2138600.0,
TXN0005797,CUST000580,2025-01-26,9891500.0,
TXN0005798,CUST000291,2025-11-03,3498300.0,
TXN0005799,CUST000837,2023-06-05,4345600.0,
TXN0005800,CUST000477,2023-09-06,924400.0,
TXN0005801,CUST000029,2025-09-07,22909800.0,CAMP0023
TXN0005802,CUST000549,2023-12-06,30072500.0,
TXN0005803,CUST000884,2024-05-24,3320000.0,
TXN0005804,CUST000570,2025-12-13,2269200.0,
TXN0005805,CUST000206,2022-10-02,517000.0,
TXN0005806,CUST000699,2025-04-03,4343700.0,
TXN0005807,CUST001077,2023-05-19,2104400.0,CAMP0009
TXN0005808,CUST000270,2025-07-14,6658300.0,
TXN0005809,CUST000200,2023-10-07,57200.0,
TXN0005810,CUST000497,2024-05-26,15537400.0,
TXN0005811,CUST000928,2023-05-11,15591000.0,
TXN0005812,CUST000408,2025-10-08,329400.0,
TXN0005813,CUST000713,2022-09-02,361800.0,
TXN0005814,CUST000972,2024-01-28,231200.0,
TXN0005815,CUST000379,2025-07-24,304300.0,
TXN0005816,CUST000611,2025-10-02,5156000.0,
TXN0005817,CUST000782,2025-06-16,2498000.0,
TXN0005818,CUST000616,2025-08-21,1710300.0,
TXN0005819,CUST000925,2024-10-09,14606600.0,
TXN0005820,CUST000183,2025-12-09,752100.0,
TXN0005821,CUST000440,2023-09-17,10084600.0,
TXN0005822,CUST000549,2025-12-25,1000400.0,
TXN0005823,CUST001088,2024-09-05,17857500.0,
TXN0005824,CUST000115,2024-06-23,22950200.0,CAMP0016
TXN0005825,CUST001169,2025-06-06,339500.0,
TXN0005826,CUST001194,2022-10-07,7419400.0,
TXN0005827,CUST000140,2023-02-03,4916800.0,
TXN0005828,CUST000800,2024-10-22,34179300.0,
TXN0005829,CUST000625,2025-10-06,1460800.0,
TXN0005830,CUST000181,2023-08-20,48244400.0,
TXN0005831,CUST000810,2024-06-03,18878600.0,
TXN0005832,CUST001013,2024-07-16,1383900.0,
TXN0005833,CUST000692,2025-10-12,12355000.0,
TXN0005834,CUST000282,2024-01-27,4764000.0,
TXN0005835,CUST001097,2024-06-20,11935100.0,
TXN0005836,CUST000330,2024-11-23,20067400.0,CAMP0018
TXN0005837,CUST000020,2025-09-18,470400.0,
TXN0005838,CUST000098,2025-01-24,12973500.0,
TXN0005839,CUST000695,2024-08-14,13859600.0,
TXN0005840,CUST000096,2024-09-30,10891800.0,
TXN0005841,CUST000140,2023-07-23,10678600.0,
TXN0005842,CUST000163,2024-12-26,2549500.0,
TXN0005843,CUST000938,2024-10-08,1800200.0,
TXN0005844,CUST000788,2024-12-14,596700.0,
TXN0005845,CUST001107,2025-09-25,12830700.0,
TXN0005846,CUST000911,2025-11-03,2689800.0,
TXN0005847,CUST000968,2025-07-30,38257800.0,
TXN0005848,CUST001095,2025-05-07,7946500.0,
TXN0005849,CUST000412,2025-01-16,11229900.0,CAMP0019
TXN0005850,CUST000434,2025-03-17,12921000.0,CAMP0020
TXN0005851,CUST000363,2024-09-08,14219500.0,
TXN0005852,CUST000333,2024-11-11,2308600.0,CAMP0018
TXN0005853,CUST000635,2025-05-08,7093200.0,
TXN0005854,CUST000386,2023-04-23,15044500.0,
TXN0005855,CUST000859,2025-04-19,1740500.0,
TXN0005856,CUST000720,2024-08-19,25085600.0,CAMP0017
TXN0005857,CUST000292,2025-12-09,44899200.0,
TXN0005858,CUST000704,2024-09-24,456400.0,
TXN0005859,CUST000526,2025-06-30,23995500.0,
TXN0005860,CUST000767,2025-03-23,1541200.0,
TXN0005861,CUST000384,2024-08-21,33849500.0,
TXN0005862,CUST001150,2025-07-29,16280400.0,
TXN0005863,CUST000060,2025-05-02,3056400.0,
TXN0005864,CUST000572,2025-09-20,17308900.0,
TXN0005865,CUST000555,2024-11-30,33974500.0,
TXN0005866,CUST000320,2025-03-14,16600100.0,
TXN0005867,CUST001085,2024-08-24,25553800.0,CAMP0017
TXN0005868,CUST000544,2025-08-18,13277500.0,
TXN0005869,CUST000376,2025-10-26,15747300.0,
TXN0005870,CUST000140,2024-06-19,40343000.0,
TXN0005871,CUST000912,2025-07-25,2685200.0,
TXN0005872,CUST000396,2025-06-20,10080000.0,
TXN0005873,CUST000580,2025-10-04,1411100.0,
TXN0005874,CUST000964,2025-06-24,1919100.0,CAMP0022
TXN0005875,CUST000677,2023-01-28,45853000.0,
TXN0005876,CUST000479,2023-10-24,39686400.0,
TXN0005877,CUST000895,2025-01-23,498400.0,
TXN0005878,CUST000029,2025-09-23,18008400.0,
TXN0005879,CUST000794,2024-08-04,9814200.0,
TXN0005880,CUST000791,2024-08-21,37406100.0,
TXN0005881,CUST000401,2024-11-16,132800.0,CAMP0018
TXN0005882,CUST000326,2024-08-18,2674600.0,
TXN0005883,CUST001025,2024-03-12,718700.0,
TXN0005884,CUST001063,2023-11-17,178500.0,
TXN0005885,CUST000646,2025-02-22,5559600.0,CAMP0020
TXN0005886,CUST000469,2025-12-11,489200.0,
TXN0005887,CUST000136,2025-02-27,3285300.0,CAMP0020
TXN0005888,CUST000423,2024-02-08,30314800.0,
TXN0005889,CUST000955,2024-11-16,6891700.0,CAMP0018
TXN0005890,CUST000126,2024-06-06,1120300.0,
TXN0005891,CUST000872,2024-05-26,3243400.0,
TXN0005892,CUST000616,2025-02-07,5449300.0,
TXN0005893,CUST000088,2025-08-29,227400.0,
TXN0005894,CUST000189,2023-01-11,24608900.0,CAMP0007
TXN0005895,CUST000284,2025-11-17,9872100.0,
TXN0005896,CUST000680,2024-09-11,2712700.0,
TXN0005897,CUST000762,2025-03-25,12960900.0,
TXN0005898,CUST000951,2025-02-14,1057700.0,
TXN0005899,CUST000865,2023-12-31,687800.0,CAMP0013
TXN0005900,CUST001116,2024-09-01,9197700.0,
TXN0005901,CUST001123,2025-09-20,14827900.0,
TXN0005902,CUST000422,2024-10-21,18514400.0,CAMP0018
TXN0005903,CUST001027,2024-12-29,9143000.0,CAMP0019
TXN0005904,CUST000958,2023-06-01,3003500.0,
TXN0005905,CUST000616,2025-04-30,10165100.0,
TXN0005906,CUST000766,2025-12-30,28823100.0,
TXN0005907,CUST000793,2025-05-15,1757000.0,CAMP0021
TXN0005908,CUST000204,2024-06-06,27355700.0,
TXN0005909,CUST000384,2025-11-26,1238900.0,
TXN0005910,CUST000627,2023-10-20,2731200.0,
TXN0005911,CUST000482,2025-12-01,3940600.0,
TXN0005912,CUST000630,2025-11-08,6903600.0,
TXN0005913,CUST000006,2025-10-27,2505200.0,
TXN0005914,CUST000548,2024-02-12,23671400.0,
TXN0005915,CUST001191,2025-01-04,75500.0,
TXN0005916,CUST000248,2025-11-25,6625800.0,
TXN0005917,CUST000483,2023-07-14,3484800.0,CAMP0010
TXN0005918,CUST001084,2025-11-26,5287800.0,
TXN0005919,CUST000963,2025-11-03,852000.0,
TXN0005920,CUST000998,2025-01-01,67911200.0,CAMP0019
TXN0005921,CUST000249,2025-08-20,250800.0,
TXN0005922,CUST000109,2023-09-01,49930200.0,
TXN0005923,CUST000125,2025-12-04,16922500.0,
TXN0005924,CUST000884,2024-07-30,9944500.0,
TXN0005925,CUST000570,2025-03-07,10337400.0,
TXN0005926,CUST000556,2025-09-24,2453600.0,
TXN0005927,CUST000493,2025-04-18,986000.0,
TXN0005928,CUST001111,2025-11-14,28569200.0,
TXN0005929,CUST000290,2023-03-16,407800.0,CAMP0008
TXN0005930,CUST000965,2025-05-28,5792500.0,CAMP0021
TXN0005931,CUST000177,2025-07-27,1475400.0,
TXN0005932,CUST000585,2022-11-12,919800.0,CAMP0006
TXN0005933,CUST000712,2025-07-21,40580800.0,
TXN0005934,CUST000202,2025-05-27,7150600.0,
TXN0005935,CUST001006,2023-04-26,3225200.0,
TXN0005936,CUST000501,2025-01-24,1285400.0,
TXN0005937,CUST000330,2025-11-25,29798600.0,
TXN0005938,CUST000469,2025-10-11,2056700.0,
TXN0005939,CUST000865,2024-07-01,3733500.0,
TXN0005940,CUST001158,2024-12-24,354800.0,
TXN0005941,CUST001183,2025-08-21,231200.0,
TXN0005942,CUST001094,2023-02-17,13958200.0,
TXN0005943,CUST000046,2024-02-16,852000.0,
TXN0005944,CUST000796,2025-05-14,13350800.0,CAMP0021
TXN0005945,CUST000624,2024-08-03,38250100.0,
TXN0005946,CUST000406,2025-03-09,2252600.0,
TXN0005947,CUST000194,2025-10-02,33440600.0,
TXN0005948,CUST000650,2025-04-26,945000.0,
TXN0005949,CUST001163,2025-12-15,24991500.0,
TXN0005950,CUST001096,2023-07-06,3884600.0,
TXN0005951,CUST000595,2024-05-09,235800.0,
TXN0005952,CUST000336,2025-06-19,5479800.0,
TXN0005953,CUST000183,2025-02-25,19420500.0,CAMP0020
TXN0005954,CUST000110,2025-02-25,12384600.0,CAMP0020
TXN0005955,CUST000217,2025-10-20,1212000.0,
TXN0005956,CUST000185,2025-05-13,503000.0,CAMP0021
TXN0005957,CUST000523,2024-10-21,1190000.0,
TXN0005958,CUST001169,2025-01-30,17600.0,
TXN0005959,CUST001189,2024-03-06,14440800.0,CAMP0014
TXN0005960,CUST001061,2024-06-19,12669000.0,
TXN0005961,CUST000908,2025-03-03,4783000.0,
TXN0005962,CUST000031,2025-09-14,32983100.0,
TXN0005963,CUST000278,2025-09-26,3465900.0,
TXN0005964,CUST000928,2022-12-22,22154100.0,
TXN0005965,CUST000906,2024-09-20,50914500.0,
TXN0005966,CUST000843,2025-03-30,486200.0,CAMP0020
TXN0005967,CUST001160,2024-07-15,1308500.0,
TXN0005968,CUST001025,2025-03-10,14271400.0,CAMP0020
TXN0005969,CUST000319,2024-01-31,18974300.0,
TXN0005970,CUST001148,2025-11-25,5887200.0,
TXN0005971,CUST000321,2025-08-25,18521000.0,
TXN0005972,CUST000066,2024-10-25,9539400.0,CAMP0018
TXN0005973,CUST000461,2025-10-31,5024200.0,CAMP0024
TXN0005974,CUST001109,2025-11-01,24421400.0,CAMP0024
TXN0005975,CUST000866,2025-01-23,1464900.0,
TXN0005976,CUST000214,2025-07-09,6954800.0,
TXN0005977,CUST000366,2024-06-28,852000.0,CAMP0016
TXN0005978,CUST000117,2025-02-20,7947700.0,
TXN0005979,CUST000869,2025-07-26,61400.0,
TXN0005980,CUST001047,2025-10-19,3450500.0,
TXN0005981,CUST000015,2023-07-16,14632500.0,
TXN0005982,CUST001057,2025-12-25,10383700.0,
TXN0005983,CUST000642,2024-09-03,701300.0,
TXN0005984,CUST000605,2023-11-13,2800800.0,CAMP0012
TXN0005985,CUST000507,2025-11-03,1681400.0,
TXN0005986,CUST000618,2025-09-29,4200500.0,
TXN0005987,CUST000477,2024-09-29,31822400.0,
TXN0005988,CUST000537,2024-01-13,830000.0,
TXN0005989,CUST000474,2024-05-31,67623600.0,
TXN0005990,CUST000995,2025-04-13,5076000.0,
TXN0005991,CUST000133,2025-03-26,9776300.0,
TXN0005992,CUST000648,2023-11-27,3668400.0,
TXN0005993,CUST000156,2025-11-03,17908700.0,
TXN0005994,CUST000419,2024-10-16,4275000.0,
TXN0005995,CUST000483,2025-09-10,7919100.0,CAMP0023
TXN0005996,CUST000785,2024-12-20,1438200.0,
TXN0005997,CUST000801,2023-05-21,22888800.0,
TXN0005998,CUST000246,2023-04-09,32730800.0,
TXN0005999,CUST001090,2023-08-04,13415700.0,
TXN0006000,CUST001011,2025-10-05,4037500.0,
