transaction_item_id,transaction_id,product_id,quantity,price
TI00000001,TXN0000001,PROD00153,3,121800.0
TI00000002,TXN0000001,PROD00102,4,171600.0
TI00000003,TXN0000001,PROD00084,4,1607800.0
TI00000004,TXN0000001,PROD00008,2,86100.0
TI00000005,TXN0000001,PROD00163,3,337100.0
TI00000006,TXN0000002,PROD00175,4,99600.0
TI00000007,TXN0000002,PROD00150,1,874600.0
TI00000008,TXN0000003,PROD00019,3,353800.0
TI00000009,TXN0000003,PROD00022,2,1337300.0
TI00000010,TXN0000004,PROD00028,3,497400.0
TI00000011,TXN0000004,PROD00024,4,595000.0
TI00000012,TXN0000004,PROD00002,3,1365600.0
TI00000013,TXN0000005,PROD00023,4,225100.0
TI00000014,TXN0000005,PROD00048,4,88700.0
TI00000015,TXN0000006,PROD00105,1,76100.0
TI00000016,TXN0000006,PROD00027,3,124600.0
TI00000017,TXN0000006,PROD00007,4,456400.0
TI00000018,TXN0000006,PROD00023,1,225100.0
TI00000019,TXN0000006,PROD00091,3,17600.0
TI00000020,TXN0000007,PROD00144,2,2659900.0
TI00000021,TXN0000008,PROD00176,2,168200.0
TI00000022,TXN0000008,PROD00098,2,66400.0
TI00000023,TXN0000009,PROD00043,4,223400.0
TI00000024,TXN0000010,PROD00124,3,11671600.0
TI00000025,TXN0000010,PROD00020,2,176500.0
TI00000026,TXN0000010,PROD00093,4,2689800.0
TI00000027,TXN0000011,PROD00035,3,3271400.0
TI00000028,TXN0000012,PROD00086,4,8987800.0
TI00000029,TXN0000012,PROD00159,3,3240200.0
TI00000030,TXN0000012,PROD00098,4,66400.0
TI00000031,TXN0000012,PROD00085,2,262600.0
TI00000032,TXN0000013,PROD00178,4,55100.0
TI00000033,TXN0000013,PROD00052,3,58000.0
TI00000034,TXN0000013,PROD00123,3,520300.0
TI00000035,TXN0000013,PROD00081,4,41700.0
TI00000036,TXN0000013,PROD00046,2,314500.0
TI00000037,TXN0000014,PROD00145,2,626300.0
TI00000038,TXN0000015,PROD00007,1,456400.0
TI00000039,TXN0000015,PROD00119,4,3450500.0
TI00000040,TXN0000015,PROD00054,4,1692000.0
TI00000041,TXN0000015,PROD00113,2,4916800.0
TI00000042,TXN0000015,PROD00075,3,382900.0
TI00000043,TXN0000016,PROD00019,4,353800.0
TI00000044,TXN0000016,PROD00115,4,1810600.0
TI00000045,TXN0000016,PROD00154,1,192800.0
TI00000046,TXN0000016,PROD00123,3,520300.0
TI00000047,TXN0000017,PROD00028,2,497400.0
TI00000048,TXN0000018,PROD00012,3,744700.0
TI00000049,TXN0000018,PROD00145,4,626300.0
TI00000050,TXN0000018,PROD00166,1,120600.0
TI00000051,TXN0000018,PROD00174,1,71600.0
TI00000052,TXN0000018,PROD00103,1,499800.0
TI00000053,TXN0000019,PROD00133,2,521500.0
TI00000054,TXN0000019,PROD00143,4,115300.0
TI00000055,TXN0000019,PROD00149,3,370000.0
TI00000056,TXN0000019,PROD00177,4,228400.0
TI00000057,TXN0000019,PROD00148,4,272900.0
TI00000058,TXN0000020,PROD00007,3,456400.0
TI00000059,TXN0000020,PROD00124,4,11671600.0
TI00000060,TXN0000020,PROD00027,1,124600.0
TI00000061,TXN0000021,PROD00117,4,188000.0
TI00000062,TXN0000021,PROD00053,3,197800.0
TI00000063,TXN0000021,PROD00134,4,1383900.0
TI00000064,TXN0000022,PROD00082,1,435600.0
TI00000065,TXN0000022,PROD00018,1,2056700.0
TI00000066,TXN0000022,PROD00077,3,37900.0
TI00000067,TXN0000022,PROD00012,1,744700.0
TI00000068,TXN0000023,PROD00045,4,75500.0
TI00000069,TXN0000023,PROD00142,4,324600.0
TI00000070,TXN0000023,PROD00041,2,792800.0
TI00000071,TXN0000023,PROD00085,4,262600.0
TI00000072,TXN0000023,PROD00144,2,2659900.0
TI00000073,TXN0000024,PROD00008,4,86100.0
TI00000074,TXN0000024,PROD00158,4,488300.0
TI00000075,TXN0000024,PROD00051,1,752100.0
TI00000076,TXN0000024,PROD00116,2,561100.0
TI00000077,TXN0000025,PROD00048,1,88700.0
TI00000078,TXN0000025,PROD00094,3,365200.0
TI00000079,TXN0000025,PROD00084,4,1607800.0
TI00000080,TXN0000025,PROD00051,3,752100.0
TI00000081,TXN0000025,PROD00118,4,97800.0
TI00000082,TXN0000026,PROD00091,2,17600.0
TI00000083,TXN0000026,PROD00118,3,97800.0
TI00000084,TXN0000026,PROD00159,1,3240200.0
TI00000085,TXN0000027,PROD00079,2,31800.0
TI00000086,TXN0000027,PROD00030,3,10909100.0
TI00000087,TXN0000028,PROD00108,4,570800.0
TI00000088,TXN0000028,PROD00153,4,121800.0
TI00000089,TXN0000028,PROD00036,2,11966500.0
TI00000090,TXN0000028,PROD00148,4,272900.0
TI00000091,TXN0000029,PROD00126,2,219500.0
TI00000092,TXN0000029,PROD00074,2,99400.0
TI00000093,TXN0000030,PROD00125,2,716900.0
TI00000094,TXN0000031,PROD00144,4,2659900.0
TI00000095,TXN0000031,PROD00130,4,213000.0
TI00000096,TXN0000031,PROD00168,4,54200.0
TI00000097,TXN0000031,PROD00127,4,172600.0
TI00000098,TXN0000032,PROD00057,3,2101600.0
TI00000099,TXN0000033,PROD00118,4,97800.0
TI00000100,TXN0000033,PROD00145,1,626300.0
TI00000101,TXN0000034,PROD00140,1,10502400.0
TI00000102,TXN0000034,PROD00094,4,365200.0
TI00000103,TXN0000034,PROD00139,2,621000.0
TI00000104,TXN0000035,PROD00009,3,183500.0
TI00000105,TXN0000035,PROD00116,1,561100.0
TI00000106,TXN0000035,PROD00068,4,189500.0
TI00000107,TXN0000036,PROD00151,3,116700.0
TI00000108,TXN0000036,PROD00177,4,228400.0
TI00000109,TXN0000037,PROD00016,3,167400.0
TI00000110,TXN0000037,PROD00146,3,647500.0
TI00000111,TXN0000038,PROD00075,1,382900.0
TI00000112,TXN0000038,PROD00147,2,229500.0
TI00000113,TXN0000038,PROD00069,4,145200.0
TI00000114,TXN0000039,PROD00180,2,96700.0
TI00000115,TXN0000039,PROD00034,2,1485900.0
TI00000116,TXN0000040,PROD00126,3,219500.0
TI00000117,TXN0000040,PROD00037,4,718700.0
TI00000118,TXN0000040,PROD00148,4,272900.0
TI00000119,TXN0000040,PROD00162,4,532200.0
TI00000120,TXN0000041,PROD00178,4,55100.0
TI00000121,TXN0000041,PROD00095,3,428500.0
TI00000122,TXN0000041,PROD00117,1,188000.0
TI00000123,TXN0000042,PROD00017,2,61400.0
TI00000124,TXN0000042,PROD00137,4,59500.0
TI00000125,TXN0000042,PROD00102,2,171600.0
TI00000126,TXN0000043,PROD00141,4,527900.0
TI00000127,TXN0000043,PROD00148,3,272900.0
TI00000128,TXN0000043,PROD00034,1,1485900.0
TI00000129,TXN0000044,PROD00113,1,4916800.0
TI00000130,TXN0000044,PROD00117,4,188000.0
TI00000131,TXN0000045,PROD00167,2,79900.0
TI00000132,TXN0000045,PROD00078,3,473100.0
TI00000133,TXN0000046,PROD00022,2,1337300.0
TI00000134,TXN0000046,PROD00096,1,366200.0
TI00000135,TXN0000046,PROD00171,4,9207400.0
TI00000136,TXN0000047,PROD00110,1,130700.0
TI00000137,TXN0000047,PROD00168,1,54200.0
TI00000138,TXN0000048,PROD00020,4,176500.0
TI00000139,TXN0000048,PROD00034,1,1485900.0
TI00000140,TXN0000048,PROD00152,1,170900.0
TI00000141,TXN0000048,PROD00058,3,1306500.0
TI00000142,TXN0000049,PROD00019,1,353800.0
TI00000143,TXN0000049,PROD00059,1,3249400.0
TI00000144,TXN0000049,PROD00099,3,497200.0
TI00000145,TXN0000049,PROD00023,3,225100.0
TI00000146,TXN0000050,PROD00165,2,242000.0
TI00000147,TXN0000050,PROD00174,1,71600.0
TI00000148,TXN0000051,PROD00157,2,6815900.0
TI00000149,TXN0000052,PROD00161,4,231200.0
TI00000150,TXN0000052,PROD00039,4,1936200.0
TI00000151,TXN0000053,PROD00032,4,359500.0
TI00000152,TXN0000053,PROD00151,3,116700.0
TI00000153,TXN0000054,PROD00064,1,1537200.0
TI00000154,TXN0000054,PROD00071,2,501200.0
TI00000155,TXN0000055,PROD00156,3,117900.0
TI00000156,TXN0000055,PROD00073,2,55700.0
TI00000157,TXN0000055,PROD00177,2,228400.0
TI00000158,TXN0000055,PROD00007,4,456400.0
TI00000159,TXN0000055,PROD00169,3,6358700.0
TI00000160,TXN0000056,PROD00099,1,497200.0
TI00000161,TXN0000056,PROD00029,1,747300.0
TI00000162,TXN0000056,PROD00062,3,83600.0
TI00000163,TXN0000056,PROD00128,3,202200.0
TI00000164,TXN0000057,PROD00121,1,190400.0
TI00000165,TXN0000057,PROD00019,1,353800.0
TI00000166,TXN0000058,PROD00011,4,810900.0
TI00000167,TXN0000058,PROD00016,3,167400.0
TI00000168,TXN0000059,PROD00180,2,96700.0
TI00000169,TXN0000059,PROD00103,3,499800.0
TI00000170,TXN0000059,PROD00022,1,1337300.0
TI00000171,TXN0000059,PROD00164,3,103200.0
TI00000172,TXN0000060,PROD00101,1,11745100.0
TI00000173,TXN0000060,PROD00151,3,116700.0
TI00000174,TXN0000060,PROD00163,4,337100.0
TI00000175,TXN0000061,PROD00023,1,225100.0
TI00000176,TXN0000061,PROD00112,4,3050100.0
TI00000177,TXN0000062,PROD00031,2,571800.0
TI00000178,TXN0000062,PROD00004,1,1254300.0
TI00000179,TXN0000063,PROD00134,2,1383900.0
TI00000180,TXN0000063,PROD00133,3,521500.0
TI00000181,TXN0000063,PROD00067,2,1694500.0
TI00000182,TXN0000064,PROD00086,4,8987800.0
TI00000183,TXN0000065,PROD00161,3,231200.0
TI00000184,TXN0000065,PROD00020,1,176500.0
TI00000185,TXN0000065,PROD00128,4,202200.0
TI00000186,TXN0000065,PROD00117,2,188000.0
TI00000187,TXN0000065,PROD00131,3,2828000.0
TI00000188,TXN0000066,PROD00147,1,229500.0
TI00000189,TXN0000067,PROD00001,3,179800.0
TI00000190,TXN0000067,PROD00012,4,744700.0
TI00000191,TXN0000067,PROD00004,2,1254300.0
TI00000192,TXN0000067,PROD00063,2,631600.0
TI00000193,TXN0000067,PROD00121,1,190400.0
TI00000194,TXN0000068,PROD00058,3,1306500.0
TI00000195,TXN0000068,PROD00083,3,6771700.0
TI00000196,TXN0000068,PROD00064,1,1537200.0
TI00000197,TXN0000068,PROD00107,3,75800.0
TI00000198,TXN0000069,PROD00046,2,314500.0
TI00000199,TXN0000070,PROD00018,3,2056700.0
TI00000200,TXN0000070,PROD00120,1,283500.0
TI00000201,TXN0000070,PROD00073,4,55700.0
TI00000202,TXN0000070,PROD00080,1,204100.0
TI00000203,TXN0000071,PROD00063,2,631600.0
TI00000204,TXN0000071,PROD00119,2,3450500.0
TI00000205,TXN0000071,PROD00095,2,428500.0
TI00000206,TXN0000071,PROD00152,1,170900.0
TI00000207,TXN0000071,PROD00127,4,172600.0
TI00000208,TXN0000072,PROD00169,4,6358700.0
TI00000209,TXN0000073,PROD00136,4,787800.0
TI00000210,TXN0000073,PROD00061,4,8063300.0
TI00000211,TXN0000074,PROD00024,4,595000.0
TI00000212,TXN0000074,PROD00012,3,744700.0
TI00000213,TXN0000074,PROD00060,4,218600.0
TI00000214,TXN0000075,PROD00130,2,213000.0
TI00000215,TXN0000076,PROD00146,2,647500.0
TI00000216,TXN0000076,PROD00016,3,167400.0
TI00000217,TXN0000076,PROD00112,3,3050100.0
TI00000218,TXN0000076,PROD00170,3,806200.0
TI00000219,TXN0000076,PROD00034,4,1485900.0
TI00000220,TXN0000077,PROD00070,2,191800.0
TI00000221,TXN0000077,PROD00060,1,218600.0
TI00000222,TXN0000077,PROD00020,2,176500.0
TI00000223,TXN0000077,PROD00052,1,58000.0
TI00000224,TXN0000078,PROD00081,3,41700.0
TI00000225,TXN0000078,PROD00105,2,76100.0
TI00000226,TXN0000078,PROD00031,4,571800.0
TI00000227,TXN0000078,PROD00138,3,57200.0
TI00000228,TXN0000079,PROD00176,1,168200.0
TI00000229,TXN0000079,PROD00078,2,473100.0
TI00000230,TXN0000080,PROD00064,3,1537200.0
TI00000231,TXN0000081,PROD00174,3,71600.0
TI00000232,TXN0000082,PROD00143,4,115300.0
TI00000233,TXN0000082,PROD00141,1,527900.0
TI00000234,TXN0000082,PROD00064,2,1537200.0
TI00000235,TXN0000082,PROD00025,1,57900.0
TI00000236,TXN0000083,PROD00096,1,366200.0
TI00000237,TXN0000083,PROD00176,3,168200.0
TI00000238,TXN0000083,PROD00162,1,532200.0
TI00000239,TXN0000083,PROD00166,1,120600.0
TI00000240,TXN0000084,PROD00033,1,10971800.0
TI00000241,TXN0000084,PROD00024,4,595000.0
TI00000242,TXN0000084,PROD00085,1,262600.0
TI00000243,TXN0000084,PROD00032,2,359500.0
TI00000244,TXN0000085,PROD00128,4,202200.0
TI00000245,TXN0000085,PROD00008,2,86100.0
TI00000246,TXN0000085,PROD00098,3,66400.0
TI00000247,TXN0000085,PROD00175,2,99600.0
TI00000248,TXN0000086,PROD00115,2,1810600.0
TI00000249,TXN0000086,PROD00039,3,1936200.0
TI00000250,TXN0000086,PROD00009,4,183500.0
TI00000251,TXN0000087,PROD00023,3,225100.0
TI00000252,TXN0000088,PROD00052,1,58000.0
TI00000253,TXN0000088,PROD00165,4,242000.0
TI00000254,TXN0000088,PROD00135,3,495100.0
TI00000255,TXN0000088,PROD00064,4,1537200.0
TI00000256,TXN0000089,PROD00145,4,626300.0
TI00000257,TXN0000089,PROD00129,3,67800.0
TI00000258,TXN0000089,PROD00083,2,6771700.0
TI00000259,TXN0000090,PROD00015,3,327100.0
TI00000260,TXN0000090,PROD00121,2,190400.0
TI00000261,TXN0000090,PROD00136,2,787800.0
TI00000262,TXN0000091,PROD00069,1,145200.0
TI00000263,TXN0000091,PROD00137,2,59500.0
TI00000264,TXN0000092,PROD00045,3,75500.0
TI00000265,TXN0000092,PROD00046,3,314500.0
TI00000266,TXN0000092,PROD00061,1,8063300.0
TI00000267,TXN0000093,PROD00037,3,718700.0
TI00000268,TXN0000093,PROD00145,2,626300.0
TI00000269,TXN0000093,PROD00049,4,244600.0
TI00000270,TXN0000093,PROD00127,1,172600.0
TI00000271,TXN0000093,PROD00139,1,621000.0
TI00000272,TXN0000094,PROD00057,3,2101600.0
TI00000273,TXN0000094,PROD00006,2,1710300.0
TI00000274,TXN0000094,PROD00135,2,495100.0
TI00000275,TXN0000094,PROD00123,3,520300.0
TI00000276,TXN0000094,PROD00001,2,179800.0
TI00000277,TXN0000095,PROD00038,2,3280700.0
TI00000278,TXN0000096,PROD00096,4,366200.0
TI00000279,TXN0000097,PROD00035,4,3271400.0
TI00000280,TXN0000097,PROD00041,3,792800.0
TI00000281,TXN0000097,PROD00112,2,3050100.0
TI00000282,TXN0000098,PROD00171,2,9207400.0
TI00000283,TXN0000098,PROD00151,4,116700.0
TI00000284,TXN0000099,PROD00046,4,314500.0
TI00000285,TXN0000099,PROD00001,1,179800.0
TI00000286,TXN0000100,PROD00037,3,718700.0
TI00000287,TXN0000100,PROD00085,3,262600.0
TI00000288,TXN0000100,PROD00020,2,176500.0
TI00000289,TXN0000100,PROD00061,1,8063300.0
TI00000290,TXN0000101,PROD00068,2,189500.0
TI00000291,TXN0000102,PROD00001,1,179800.0
TI00000292,TXN0000103,PROD00097,4,2301200.0
TI00000293,TXN0000103,PROD00090,2,838900.0
TI00000294,TXN0000103,PROD00140,2,10502400.0
TI00000295,TXN0000103,PROD00026,4,1447900.0
TI00000296,TXN0000104,PROD00067,3,1694500.0
TI00000297,TXN0000104,PROD00027,2,124600.0
TI00000298,TXN0000104,PROD00019,4,353800.0
TI00000299,TXN0000105,PROD00141,1,527900.0
TI00000300,TXN0000106,PROD00124,4,11671600.0
TI00000301,TXN0000106,PROD00008,2,86100.0
TI00000302,TXN0000106,PROD00111,1,5440300.0
TI00000303,TXN0000106,PROD00168,1,54200.0
TI00000304,TXN0000106,PROD00043,3,223400.0
TI00000305,TXN0000107,PROD00068,1,189500.0
TI00000306,TXN0000107,PROD00170,1,806200.0
TI00000307,TXN0000107,PROD00073,4,55700.0
TI00000308,TXN0000107,PROD00077,4,37900.0
TI00000309,TXN0000107,PROD00061,2,8063300.0
TI00000310,TXN0000108,PROD00110,1,130700.0
TI00000311,TXN0000109,PROD00123,2,520300.0
TI00000312,TXN0000109,PROD00052,3,58000.0
TI00000313,TXN0000109,PROD00025,1,57900.0
TI00000314,TXN0000109,PROD00007,4,456400.0
TI00000315,TXN0000109,PROD00053,1,197800.0
TI00000316,TXN0000110,PROD00126,4,219500.0
TI00000317,TXN0000110,PROD00170,2,806200.0
TI00000318,TXN0000110,PROD00068,3,189500.0
TI00000319,TXN0000110,PROD00024,4,595000.0
TI00000320,TXN0000111,PROD00012,3,744700.0
TI00000321,TXN0000111,PROD00068,2,189500.0
TI00000322,TXN0000111,PROD00113,3,4916800.0
TI00000323,TXN0000111,PROD00120,1,283500.0
TI00000324,TXN0000112,PROD00139,2,621000.0
TI00000325,TXN0000112,PROD00106,1,610900.0
TI00000326,TXN0000112,PROD00151,4,116700.0
TI00000327,TXN0000113,PROD00176,1,168200.0
TI00000328,TXN0000113,PROD00122,4,2205900.0
TI00000329,TXN0000113,PROD00147,1,229500.0
TI00000330,TXN0000113,PROD00061,2,8063300.0
TI00000331,TXN0000113,PROD00077,1,37900.0
TI00000332,TXN0000114,PROD00055,2,29300.0
TI00000333,TXN0000114,PROD00050,1,134700.0
TI00000334,TXN0000115,PROD00153,3,121800.0
TI00000335,TXN0000115,PROD00067,1,1694500.0
TI00000336,TXN0000116,PROD00102,4,171600.0
TI00000337,TXN0000116,PROD00142,1,324600.0
TI00000338,TXN0000116,PROD00084,4,1607800.0
TI00000339,TXN0000116,PROD00071,1,501200.0
TI00000340,TXN0000116,PROD00134,4,1383900.0
TI00000341,TXN0000117,PROD00151,1,116700.0
TI00000342,TXN0000117,PROD00150,3,874600.0
TI00000343,TXN0000117,PROD00026,3,1447900.0
TI00000344,TXN0000117,PROD00028,4,497400.0
TI00000345,TXN0000117,PROD00145,3,626300.0
TI00000346,TXN0000118,PROD00156,4,117900.0
TI00000347,TXN0000118,PROD00122,2,2205900.0
TI00000348,TXN0000118,PROD00010,4,675900.0
TI00000349,TXN0000118,PROD00045,1,75500.0
TI00000350,TXN0000118,PROD00071,4,501200.0
TI00000351,TXN0000119,PROD00013,3,1045000.0
TI00000352,TXN0000119,PROD00122,3,2205900.0
TI00000353,TXN0000120,PROD00080,1,204100.0
TI00000354,TXN0000120,PROD00072,2,470400.0
TI00000355,TXN0000120,PROD00126,2,219500.0
TI00000356,TXN0000121,PROD00069,1,145200.0
TI00000357,TXN0000121,PROD00107,2,75800.0
TI00000358,TXN0000121,PROD00155,4,277300.0
TI00000359,TXN0000122,PROD00133,2,521500.0
TI00000360,TXN0000122,PROD00096,1,366200.0
TI00000361,TXN0000122,PROD00015,3,327100.0
TI00000362,TXN0000122,PROD00132,4,6814300.0
TI00000363,TXN0000123,PROD00015,1,327100.0
TI00000364,TXN0000123,PROD00064,4,1537200.0
TI00000365,TXN0000124,PROD00071,4,501200.0
TI00000366,TXN0000124,PROD00095,4,428500.0
TI00000367,TXN0000125,PROD00062,3,83600.0
TI00000368,TXN0000126,PROD00151,2,116700.0
TI00000369,TXN0000126,PROD00142,3,324600.0
TI00000370,TXN0000126,PROD00090,1,838900.0
TI00000371,TXN0000126,PROD00089,3,11224800.0
TI00000372,TXN0000127,PROD00042,2,110400.0
TI00000373,TXN0000128,PROD00167,1,79900.0
TI00000374,TXN0000128,PROD00105,1,76100.0
TI00000375,TXN0000128,PROD00132,4,6814300.0
TI00000376,TXN0000129,PROD00058,3,1306500.0
TI00000377,TXN0000130,PROD00109,4,3001900.0
TI00000378,TXN0000130,PROD00097,3,2301200.0
TI00000379,TXN0000130,PROD00090,2,838900.0
TI00000380,TXN0000131,PROD00027,3,124600.0
TI00000381,TXN0000131,PROD00002,3,1365600.0
TI00000382,TXN0000131,PROD00131,1,2828000.0
TI00000383,TXN0000131,PROD00170,4,806200.0
TI00000384,TXN0000131,PROD00096,1,366200.0
TI00000385,TXN0000132,PROD00071,3,501200.0
TI00000386,TXN0000132,PROD00067,2,1694500.0
TI00000387,TXN0000132,PROD00168,2,54200.0
TI00000388,TXN0000133,PROD00015,4,327100.0
TI00000389,TXN0000133,PROD00154,3,192800.0
TI00000390,TXN0000134,PROD00076,4,609300.0
TI00000391,TXN0000134,PROD00067,1,1694500.0
TI00000392,TXN0000134,PROD00108,2,570800.0
TI00000393,TXN0000134,PROD00104,3,179700.0
TI00000394,TXN0000135,PROD00172,2,162600.0
TI00000395,TXN0000135,PROD00092,2,198900.0
TI00000396,TXN0000135,PROD00130,3,213000.0
TI00000397,TXN0000135,PROD00077,1,37900.0
TI00000398,TXN0000136,PROD00047,2,165600.0
TI00000399,TXN0000136,PROD00175,3,99600.0
TI00000400,TXN0000136,PROD00086,2,8987800.0
TI00000401,TXN0000136,PROD00168,3,54200.0
TI00000402,TXN0000136,PROD00023,4,225100.0
TI00000403,TXN0000137,PROD00150,1,874600.0
TI00000404,TXN0000137,PROD00076,4,609300.0
TI00000405,TXN0000137,PROD00119,1,3450500.0
TI00000406,TXN0000138,PROD00050,4,134700.0
TI00000407,TXN0000138,PROD00129,3,67800.0
TI00000408,TXN0000138,PROD00031,4,571800.0
TI00000409,TXN0000138,PROD00175,1,99600.0
TI00000410,TXN0000139,PROD00088,4,220600.0
TI00000411,TXN0000139,PROD00105,2,76100.0
TI00000412,TXN0000140,PROD00162,1,532200.0
TI00000413,TXN0000140,PROD00046,1,314500.0
TI00000414,TXN0000140,PROD00081,4,41700.0
TI00000415,TXN0000141,PROD00148,4,272900.0
TI00000416,TXN0000141,PROD00041,1,792800.0
TI00000417,TXN0000142,PROD00123,2,520300.0
TI00000418,TXN0000142,PROD00099,3,497200.0
TI00000419,TXN0000142,PROD00002,1,1365600.0
TI00000420,TXN0000142,PROD00010,3,675900.0
TI00000421,TXN0000143,PROD00174,1,71600.0
TI00000422,TXN0000144,PROD00080,4,204100.0
TI00000423,TXN0000144,PROD00034,3,1485900.0
TI00000424,TXN0000144,PROD00027,2,124600.0
TI00000425,TXN0000145,PROD00134,4,1383900.0
TI00000426,TXN0000145,PROD00153,2,121800.0
TI00000427,TXN0000145,PROD00135,3,495100.0
TI00000428,TXN0000145,PROD00087,4,86200.0
TI00000429,TXN0000146,PROD00059,2,3249400.0
TI00000430,TXN0000147,PROD00151,2,116700.0
TI00000431,TXN0000148,PROD00160,1,297400.0
TI00000432,TXN0000148,PROD00013,1,1045000.0
TI00000433,TXN0000148,PROD00153,1,121800.0
TI00000434,TXN0000148,PROD00170,4,806200.0
TI00000435,TXN0000148,PROD00028,4,497400.0
TI00000436,TXN0000149,PROD00065,1,846500.0
TI00000437,TXN0000149,PROD00122,3,2205900.0
TI00000438,TXN0000149,PROD00180,4,96700.0
TI00000439,TXN0000149,PROD00040,1,3685900.0
TI00000440,TXN0000149,PROD00053,3,197800.0
TI00000441,TXN0000150,PROD00131,1,2828000.0
TI00000442,TXN0000151,PROD00052,3,58000.0
TI00000443,TXN0000151,PROD00068,2,189500.0
TI00000444,TXN0000151,PROD00134,1,1383900.0
TI00000445,TXN0000151,PROD00092,4,198900.0
TI00000446,TXN0000151,PROD00105,2,76100.0
TI00000447,TXN0000152,PROD00001,1,179800.0
TI00000448,TXN0000152,PROD00004,1,1254300.0
TI00000449,TXN0000153,PROD00131,1,2828000.0
TI00000450,TXN0000154,PROD00117,3,188000.0
TI00000451,TXN0000154,PROD00076,4,609300.0
TI00000452,TXN0000155,PROD00011,3,810900.0
TI00000453,TXN0000155,PROD00075,3,382900.0
TI00000454,TXN0000156,PROD00003,2,623300.0
TI00000455,TXN0000157,PROD00113,1,4916800.0
TI00000456,TXN0000157,PROD00160,3,297400.0
TI00000457,TXN0000157,PROD00069,3,145200.0
TI00000458,TXN0000158,PROD00103,4,499800.0
TI00000459,TXN0000158,PROD00117,4,188000.0
TI00000460,TXN0000158,PROD00070,2,191800.0
TI00000461,TXN0000158,PROD00099,1,497200.0
TI00000462,TXN0000159,PROD00152,4,170900.0
TI00000463,TXN0000159,PROD00124,2,11671600.0
TI00000464,TXN0000159,PROD00146,4,647500.0
TI00000465,TXN0000159,PROD00174,3,71600.0
TI00000466,TXN0000160,PROD00125,1,716900.0
TI00000467,TXN0000160,PROD00029,1,747300.0
TI00000468,TXN0000160,PROD00106,3,610900.0
TI00000469,TXN0000160,PROD00113,3,4916800.0
TI00000470,TXN0000161,PROD00177,2,228400.0
TI00000471,TXN0000161,PROD00180,4,96700.0
TI00000472,TXN0000161,PROD00159,3,3240200.0
TI00000473,TXN0000161,PROD00025,4,57900.0
TI00000474,TXN0000161,PROD00111,2,5440300.0
TI00000475,TXN0000162,PROD00165,2,242000.0
TI00000476,TXN0000163,PROD00043,2,223400.0
TI00000477,TXN0000163,PROD00020,3,176500.0
TI00000478,TXN0000163,PROD00126,3,219500.0
TI00000479,TXN0000163,PROD00083,1,6771700.0
TI00000480,TXN0000164,PROD00165,4,242000.0
TI00000481,TXN0000164,PROD00097,4,2301200.0
TI00000482,TXN0000164,PROD00104,4,179700.0
TI00000483,TXN0000164,PROD00061,1,8063300.0
TI00000484,TXN0000164,PROD00021,4,423700.0
TI00000485,TXN0000165,PROD00027,4,124600.0
TI00000486,TXN0000166,PROD00024,3,595000.0
TI00000487,TXN0000167,PROD00168,4,54200.0
TI00000488,TXN0000167,PROD00172,3,162600.0
TI00000489,TXN0000168,PROD00085,4,262600.0
TI00000490,TXN0000168,PROD00144,3,2659900.0
TI00000491,TXN0000168,PROD00159,4,3240200.0
TI00000492,TXN0000168,PROD00154,1,192800.0
TI00000493,TXN0000169,PROD00001,3,179800.0
TI00000494,TXN0000169,PROD00088,3,220600.0
TI00000495,TXN0000170,PROD00180,2,96700.0
TI00000496,TXN0000170,PROD00028,4,497400.0
TI00000497,TXN0000170,PROD00012,2,744700.0
TI00000498,TXN0000171,PROD00157,1,6815900.0
TI00000499,TXN0000171,PROD00051,4,752100.0
TI00000500,TXN0000171,PROD00049,2,244600.0
TI00000501,TXN0000172,PROD00087,4,86200.0
TI00000502,TXN0000172,PROD00028,1,497400.0
TI00000503,TXN0000173,PROD00169,4,6358700.0
TI00000504,TXN0000173,PROD00151,1,116700.0
TI00000505,TXN0000173,PROD00130,1,213000.0
TI00000506,TXN0000173,PROD00035,4,3271400.0
TI00000507,TXN0000174,PROD00046,1,314500.0
TI00000508,TXN0000174,PROD00178,4,55100.0
TI00000509,TXN0000174,PROD00149,3,370000.0
TI00000510,TXN0000174,PROD00045,4,75500.0
TI00000511,TXN0000174,PROD00033,4,10971800.0
TI00000512,TXN0000175,PROD00088,2,220600.0
TI00000513,TXN0000175,PROD00076,4,609300.0
TI00000514,TXN0000175,PROD00116,3,561100.0
TI00000515,TXN0000175,PROD00035,3,3271400.0
TI00000516,TXN0000176,PROD00052,3,58000.0
TI00000517,TXN0000176,PROD00054,3,1692000.0
TI00000518,TXN0000177,PROD00139,3,621000.0
TI00000519,TXN0000177,PROD00178,4,55100.0
TI00000520,TXN0000177,PROD00164,4,103200.0
TI00000521,TXN0000177,PROD00083,3,6771700.0
TI00000522,TXN0000177,PROD00030,4,10909100.0
TI00000523,TXN0000178,PROD00007,4,456400.0
TI00000524,TXN0000179,PROD00052,3,58000.0
TI00000525,TXN0000180,PROD00175,1,99600.0
TI00000526,TXN0000180,PROD00065,3,846500.0
TI00000527,TXN0000180,PROD00038,2,3280700.0
TI00000528,TXN0000181,PROD00116,2,561100.0
TI00000529,TXN0000181,PROD00027,4,124600.0
TI00000530,TXN0000181,PROD00158,2,488300.0
TI00000531,TXN0000182,PROD00100,1,546800.0
TI00000532,TXN0000182,PROD00107,1,75800.0
TI00000533,TXN0000182,PROD00176,3,168200.0
TI00000534,TXN0000182,PROD00081,2,41700.0
TI00000535,TXN0000183,PROD00151,2,116700.0
TI00000536,TXN0000183,PROD00140,2,10502400.0
TI00000537,TXN0000183,PROD00155,3,277300.0
TI00000538,TXN0000184,PROD00048,2,88700.0
TI00000539,TXN0000185,PROD00110,3,130700.0
TI00000540,TXN0000186,PROD00066,1,162000.0
TI00000541,TXN0000186,PROD00002,2,1365600.0
TI00000542,TXN0000186,PROD00085,3,262600.0
TI00000543,TXN0000186,PROD00120,1,283500.0
TI00000544,TXN0000186,PROD00040,3,3685900.0
TI00000545,TXN0000187,PROD00019,2,353800.0
TI00000546,TXN0000187,PROD00082,2,435600.0
TI00000547,TXN0000187,PROD00135,1,495100.0
TI00000548,TXN0000188,PROD00140,3,10502400.0
TI00000549,TXN0000188,PROD00138,2,57200.0
TI00000550,TXN0000188,PROD00104,2,179700.0
TI00000551,TXN0000188,PROD00024,3,595000.0
TI00000552,TXN0000189,PROD00136,1,787800.0
TI00000553,TXN0000189,PROD00122,3,2205900.0
TI00000554,TXN0000189,PROD00144,4,2659900.0
TI00000555,TXN0000189,PROD00167,2,79900.0
TI00000556,TXN0000189,PROD00003,2,623300.0
TI00000557,TXN0000190,PROD00030,3,10909100.0
TI00000558,TXN0000190,PROD00099,1,497200.0
TI00000559,TXN0000190,PROD00066,3,162000.0
TI00000560,TXN0000190,PROD00139,4,621000.0
TI00000561,TXN0000191,PROD00167,1,79900.0
TI00000562,TXN0000191,PROD00050,1,134700.0
TI00000563,TXN0000191,PROD00083,2,6771700.0
TI00000564,TXN0000192,PROD00161,1,231200.0
TI00000565,TXN0000193,PROD00176,1,168200.0
TI00000566,TXN0000193,PROD00109,2,3001900.0
TI00000567,TXN0000194,PROD00176,2,168200.0
TI00000568,TXN0000195,PROD00014,2,2104400.0
TI00000569,TXN0000196,PROD00059,4,3249400.0
TI00000570,TXN0000196,PROD00067,4,1694500.0
TI00000571,TXN0000196,PROD00105,3,76100.0
TI00000572,TXN0000196,PROD00100,1,546800.0
TI00000573,TXN0000196,PROD00116,4,561100.0
TI00000574,TXN0000197,PROD00165,1,242000.0
TI00000575,TXN0000198,PROD00092,1,198900.0
TI00000576,TXN0000199,PROD00098,4,66400.0
TI00000577,TXN0000199,PROD00102,2,171600.0
TI00000578,TXN0000199,PROD00170,2,806200.0
TI00000579,TXN0000199,PROD00008,2,86100.0
TI00000580,TXN0000200,PROD00163,3,337100.0
TI00000581,TXN0000200,PROD00037,1,718700.0
TI00000582,TXN0000200,PROD00077,2,37900.0
TI00000583,TXN0000201,PROD00147,4,229500.0
TI00000584,TXN0000202,PROD00079,2,31800.0
TI00000585,TXN0000203,PROD00166,2,120600.0
TI00000586,TXN0000203,PROD00132,2,6814300.0
TI00000587,TXN0000203,PROD00037,3,718700.0
TI00000588,TXN0000203,PROD00042,2,110400.0
TI00000589,TXN0000204,PROD00019,1,353800.0
TI00000590,TXN0000204,PROD00075,2,382900.0
TI00000591,TXN0000204,PROD00172,4,162600.0
TI00000592,TXN0000204,PROD00018,3,2056700.0
TI00000593,TXN0000204,PROD00065,3,846500.0
TI00000594,TXN0000205,PROD00018,3,2056700.0
TI00000595,TXN0000205,PROD00050,3,134700.0
TI00000596,TXN0000205,PROD00082,2,435600.0
TI00000597,TXN0000205,PROD00125,3,716900.0
TI00000598,TXN0000205,PROD00116,3,561100.0
TI00000599,TXN0000206,PROD00081,2,41700.0
TI00000600,TXN0000207,PROD00035,4,3271400.0
TI00000601,TXN0000207,PROD00174,4,71600.0
TI00000602,TXN0000207,PROD00085,4,262600.0
TI00000603,TXN0000208,PROD00142,1,324600.0
TI00000604,TXN0000208,PROD00028,3,497400.0
TI00000605,TXN0000208,PROD00045,2,75500.0
TI00000606,TXN0000208,PROD00166,2,120600.0
TI00000607,TXN0000209,PROD00162,2,532200.0
TI00000608,TXN0000209,PROD00008,1,86100.0
TI00000609,TXN0000209,PROD00149,3,370000.0
TI00000610,TXN0000209,PROD00104,4,179700.0
TI00000611,TXN0000209,PROD00152,2,170900.0
TI00000612,TXN0000210,PROD00129,3,67800.0
TI00000613,TXN0000210,PROD00131,1,2828000.0
TI00000614,TXN0000210,PROD00024,2,595000.0
TI00000615,TXN0000210,PROD00102,2,171600.0
TI00000616,TXN0000211,PROD00046,2,314500.0
TI00000617,TXN0000211,PROD00145,4,626300.0
TI00000618,TXN0000212,PROD00060,2,218600.0
TI00000619,TXN0000212,PROD00017,1,61400.0
TI00000620,TXN0000212,PROD00068,2,189500.0
TI00000621,TXN0000212,PROD00095,3,428500.0
TI00000622,TXN0000213,PROD00012,1,744700.0
TI00000623,TXN0000213,PROD00011,3,810900.0
TI00000624,TXN0000213,PROD00167,3,79900.0
TI00000625,TXN0000213,PROD00083,2,6771700.0
TI00000626,TXN0000214,PROD00094,3,365200.0
TI00000627,TXN0000214,PROD00151,4,116700.0
TI00000628,TXN0000214,PROD00168,2,54200.0
TI00000629,TXN0000214,PROD00020,4,176500.0
TI00000630,TXN0000215,PROD00002,2,1365600.0
TI00000631,TXN0000215,PROD00129,1,67800.0
TI00000632,TXN0000215,PROD00036,3,11966500.0
TI00000633,TXN0000215,PROD00113,2,4916800.0
TI00000634,TXN0000215,PROD00043,2,223400.0
TI00000635,TXN0000216,PROD00107,1,75800.0
TI00000636,TXN0000216,PROD00085,4,262600.0
TI00000637,TXN0000217,PROD00152,4,170900.0
TI00000638,TXN0000217,PROD00042,1,110400.0
TI00000639,TXN0000218,PROD00147,2,229500.0
TI00000640,TXN0000218,PROD00152,2,170900.0
TI00000641,TXN0000219,PROD00038,4,3280700.0
TI00000642,TXN0000219,PROD00015,1,327100.0
TI00000643,TXN0000219,PROD00043,3,223400.0
TI00000644,TXN0000219,PROD00067,1,1694500.0
TI00000645,TXN0000219,PROD00047,2,165600.0
TI00000646,TXN0000220,PROD00057,2,2101600.0
TI00000647,TXN0000220,PROD00106,2,610900.0
TI00000648,TXN0000221,PROD00176,4,168200.0
TI00000649,TXN0000221,PROD00088,1,220600.0
TI00000650,TXN0000222,PROD00052,4,58000.0
TI00000651,TXN0000223,PROD00046,4,314500.0
TI00000652,TXN0000224,PROD00129,2,67800.0
TI00000653,TXN0000224,PROD00031,1,571800.0
TI00000654,TXN0000224,PROD00024,4,595000.0
TI00000655,TXN0000224,PROD00124,4,11671600.0
TI00000656,TXN0000224,PROD00169,3,6358700.0
TI00000657,TXN0000225,PROD00124,3,11671600.0
TI00000658,TXN0000225,PROD00098,1,66400.0
TI00000659,TXN0000226,PROD00123,3,520300.0
TI00000660,TXN0000226,PROD00060,4,218600.0
TI00000661,TXN0000226,PROD00022,3,1337300.0
TI00000662,TXN0000227,PROD00148,1,272900.0
TI00000663,TXN0000228,PROD00105,2,76100.0
TI00000664,TXN0000228,PROD00093,4,2689800.0
TI00000665,TXN0000228,PROD00028,3,497400.0
TI00000666,TXN0000229,PROD00071,4,501200.0
TI00000667,TXN0000229,PROD00175,2,99600.0
TI00000668,TXN0000229,PROD00102,3,171600.0
TI00000669,TXN0000229,PROD00053,4,197800.0
TI00000670,TXN0000229,PROD00106,3,610900.0
TI00000671,TXN0000230,PROD00036,4,11966500.0
TI00000672,TXN0000230,PROD00169,2,6358700.0
TI00000673,TXN0000230,PROD00031,1,571800.0
TI00000674,TXN0000230,PROD00059,2,3249400.0
TI00000675,TXN0000231,PROD00141,1,527900.0
TI00000676,TXN0000231,PROD00158,2,488300.0
TI00000677,TXN0000231,PROD00179,4,1206500.0
TI00000678,TXN0000232,PROD00121,4,190400.0
TI00000679,TXN0000232,PROD00154,1,192800.0
TI00000680,TXN0000233,PROD00095,1,428500.0
TI00000681,TXN0000233,PROD00021,4,423700.0
TI00000682,TXN0000234,PROD00153,4,121800.0
TI00000683,TXN0000234,PROD00015,4,327100.0
TI00000684,TXN0000234,PROD00045,1,75500.0
TI00000685,TXN0000235,PROD00050,2,134700.0
TI00000686,TXN0000235,PROD00009,2,183500.0
TI00000687,TXN0000235,PROD00154,1,192800.0
TI00000688,TXN0000236,PROD00041,1,792800.0
TI00000689,TXN0000237,PROD00172,2,162600.0
TI00000690,TXN0000237,PROD00102,1,171600.0
TI00000691,TXN0000237,PROD00104,1,179700.0
TI00000692,TXN0000238,PROD00144,3,2659900.0
TI00000693,TXN0000238,PROD00150,3,874600.0
TI00000694,TXN0000238,PROD00090,2,838900.0
TI00000695,TXN0000239,PROD00148,4,272900.0
TI00000696,TXN0000239,PROD00002,1,1365600.0
TI00000697,TXN0000239,PROD00067,1,1694500.0
TI00000698,TXN0000239,PROD00045,3,75500.0
TI00000699,TXN0000240,PROD00066,4,162000.0
TI00000700,TXN0000240,PROD00138,4,57200.0
TI00000701,TXN0000240,PROD00148,4,272900.0
TI00000702,TXN0000240,PROD00065,2,846500.0
TI00000703,TXN0000240,PROD00178,3,55100.0
TI00000704,TXN0000241,PROD00151,3,116700.0
TI00000705,TXN0000241,PROD00008,1,86100.0
TI00000706,TXN0000241,PROD00124,4,11671600.0
TI00000707,TXN0000241,PROD00030,2,10909100.0
TI00000708,TXN0000242,PROD00091,3,17600.0
TI00000709,TXN0000242,PROD00133,2,521500.0
TI00000710,TXN0000242,PROD00138,3,57200.0
TI00000711,TXN0000242,PROD00003,1,623300.0
TI00000712,TXN0000243,PROD00122,3,2205900.0
TI00000713,TXN0000243,PROD00081,2,41700.0
TI00000714,TXN0000244,PROD00175,4,99600.0
TI00000715,TXN0000244,PROD00049,2,244600.0
TI00000716,TXN0000245,PROD00052,3,58000.0
TI00000717,TXN0000245,PROD00064,2,1537200.0
TI00000718,TXN0000246,PROD00158,4,488300.0
TI00000719,TXN0000246,PROD00002,3,1365600.0
TI00000720,TXN0000246,PROD00139,3,621000.0
TI00000721,TXN0000246,PROD00011,4,810900.0
TI00000722,TXN0000247,PROD00126,3,219500.0
TI00000723,TXN0000247,PROD00047,4,165600.0
TI00000724,TXN0000247,PROD00131,2,2828000.0
TI00000725,TXN0000248,PROD00109,3,3001900.0
TI00000726,TXN0000248,PROD00123,4,520300.0
TI00000727,TXN0000248,PROD00139,2,621000.0
TI00000728,TXN0000248,PROD00009,4,183500.0
TI00000729,TXN0000248,PROD00129,1,67800.0
TI00000730,TXN0000249,PROD00177,2,228400.0
TI00000731,TXN0000249,PROD00003,4,623300.0
TI00000732,TXN0000249,PROD00004,1,1254300.0
TI00000733,TXN0000250,PROD00067,3,1694500.0
TI00000734,TXN0000250,PROD00048,4,88700.0
TI00000735,TXN0000250,PROD00141,3,527900.0
TI00000736,TXN0000250,PROD00068,3,189500.0
TI00000737,TXN0000250,PROD00061,2,8063300.0
TI00000738,TXN0000251,PROD00108,3,570800.0
TI00000739,TXN0000251,PROD00180,3,96700.0
TI00000740,TXN0000252,PROD00147,2,229500.0
TI00000741,TXN0000252,PROD00034,1,1485900.0
TI00000742,TXN0000253,PROD00098,4,66400.0
TI00000743,TXN0000253,PROD00051,1,752100.0
TI00000744,TXN0000253,PROD00038,2,3280700.0
TI00000745,TXN0000253,PROD00039,4,1936200.0
TI00000746,TXN0000254,PROD00137,1,59500.0
TI00000747,TXN0000254,PROD00081,4,41700.0
TI00000748,TXN0000254,PROD00125,1,716900.0
TI00000749,TXN0000254,PROD00077,2,37900.0
TI00000750,TXN0000254,PROD00065,1,846500.0
TI00000751,TXN0000255,PROD00086,3,8987800.0
TI00000752,TXN0000255,PROD00067,3,1694500.0
TI00000753,TXN0000255,PROD00093,1,2689800.0
TI00000754,TXN0000255,PROD00144,4,2659900.0
TI00000755,TXN0000256,PROD00051,3,752100.0
TI00000756,TXN0000256,PROD00148,3,272900.0
TI00000757,TXN0000256,PROD00167,3,79900.0
TI00000758,TXN0000256,PROD00138,4,57200.0
TI00000759,TXN0000256,PROD00045,4,75500.0
TI00000760,TXN0000257,PROD00074,3,99400.0
TI00000761,TXN0000257,PROD00119,4,3450500.0
TI00000762,TXN0000257,PROD00162,4,532200.0
TI00000763,TXN0000257,PROD00038,1,3280700.0
TI00000764,TXN0000257,PROD00043,1,223400.0
TI00000765,TXN0000258,PROD00069,4,145200.0
TI00000766,TXN0000258,PROD00155,3,277300.0
TI00000767,TXN0000258,PROD00166,4,120600.0
TI00000768,TXN0000259,PROD00116,2,561100.0
TI00000769,TXN0000259,PROD00106,2,610900.0
TI00000770,TXN0000259,PROD00043,3,223400.0
TI00000771,TXN0000259,PROD00048,1,88700.0
TI00000772,TXN0000259,PROD00006,2,1710300.0
TI00000773,TXN0000260,PROD00025,1,57900.0
TI00000774,TXN0000261,PROD00007,4,456400.0
TI00000775,TXN0000262,PROD00159,4,3240200.0
TI00000776,TXN0000262,PROD00040,3,3685900.0
TI00000777,TXN0000262,PROD00022,2,1337300.0
TI00000778,TXN0000263,PROD00135,1,495100.0
TI00000779,TXN0000263,PROD00044,1,2984700.0
TI00000780,TXN0000264,PROD00139,2,621000.0
TI00000781,TXN0000264,PROD00070,2,191800.0
TI00000782,TXN0000264,PROD00141,4,527900.0
TI00000783,TXN0000264,PROD00114,4,362300.0
TI00000784,TXN0000265,PROD00124,1,11671600.0
TI00000785,TXN0000265,PROD00139,4,621000.0
TI00000786,TXN0000265,PROD00059,3,3249400.0
TI00000787,TXN0000266,PROD00001,2,179800.0
TI00000788,TXN0000267,PROD00123,3,520300.0
TI00000789,TXN0000267,PROD00077,2,37900.0
TI00000790,TXN0000267,PROD00003,1,623300.0
TI00000791,TXN0000267,PROD00111,3,5440300.0
TI00000792,TXN0000268,PROD00166,4,120600.0
TI00000793,TXN0000268,PROD00100,2,546800.0
TI00000794,TXN0000269,PROD00161,3,231200.0
TI00000795,TXN0000269,PROD00062,3,83600.0
TI00000796,TXN0000269,PROD00133,3,521500.0
TI00000797,TXN0000269,PROD00157,4,6815900.0
TI00000798,TXN0000270,PROD00029,4,747300.0
TI00000799,TXN0000270,PROD00164,3,103200.0
TI00000800,TXN0000270,PROD00117,4,188000.0
TI00000801,TXN0000271,PROD00039,1,1936200.0
TI00000802,TXN0000272,PROD00073,3,55700.0
TI00000803,TXN0000273,PROD00003,1,623300.0
TI00000804,TXN0000273,PROD00060,4,218600.0
TI00000805,TXN0000273,PROD00024,2,595000.0
TI00000806,TXN0000273,PROD00039,3,1936200.0
TI00000807,TXN0000274,PROD00096,3,366200.0
TI00000808,TXN0000274,PROD00119,1,3450500.0
TI00000809,TXN0000274,PROD00179,2,1206500.0
TI00000810,TXN0000274,PROD00009,1,183500.0
TI00000811,TXN0000275,PROD00019,2,353800.0
TI00000812,TXN0000275,PROD00140,3,10502400.0
TI00000813,TXN0000275,PROD00121,4,190400.0
TI00000814,TXN0000275,PROD00047,1,165600.0
TI00000815,TXN0000276,PROD00099,2,497200.0
TI00000816,TXN0000276,PROD00114,1,362300.0
TI00000817,TXN0000277,PROD00134,2,1383900.0
TI00000818,TXN0000278,PROD00083,1,6771700.0
TI00000819,TXN0000278,PROD00041,1,792800.0
TI00000820,TXN0000278,PROD00162,3,532200.0
TI00000821,TXN0000279,PROD00051,2,752100.0
TI00000822,TXN0000279,PROD00093,1,2689800.0
TI00000823,TXN0000279,PROD00014,2,2104400.0
TI00000824,TXN0000280,PROD00043,3,223400.0
TI00000825,TXN0000281,PROD00011,4,810900.0
TI00000826,TXN0000282,PROD00064,2,1537200.0
TI00000827,TXN0000283,PROD00092,2,198900.0
TI00000828,TXN0000284,PROD00125,3,716900.0
TI00000829,TXN0000284,PROD00060,3,218600.0
TI00000830,TXN0000285,PROD00177,4,228400.0
TI00000831,TXN0000286,PROD00011,3,810900.0
TI00000832,TXN0000286,PROD00125,4,716900.0
TI00000833,TXN0000286,PROD00113,2,4916800.0
TI00000834,TXN0000287,PROD00090,2,838900.0
TI00000835,TXN0000287,PROD00083,1,6771700.0
TI00000836,TXN0000287,PROD00120,2,283500.0
TI00000837,TXN0000287,PROD00071,4,501200.0
TI00000838,TXN0000287,PROD00154,3,192800.0
TI00000839,TXN0000288,PROD00001,2,179800.0
TI00000840,TXN0000288,PROD00164,1,103200.0
TI00000841,TXN0000288,PROD00130,3,213000.0
TI00000842,TXN0000288,PROD00098,2,66400.0
TI00000843,TXN0000289,PROD00135,4,495100.0
TI00000844,TXN0000289,PROD00175,2,99600.0
TI00000845,TXN0000290,PROD00029,1,747300.0
TI00000846,TXN0000290,PROD00025,1,57900.0
TI00000847,TXN0000290,PROD00134,2,1383900.0
TI00000848,TXN0000291,PROD00028,2,497400.0
TI00000849,TXN0000291,PROD00125,1,716900.0
TI00000850,TXN0000292,PROD00169,3,6358700.0
TI00000851,TXN0000292,PROD00126,1,219500.0
TI00000852,TXN0000292,PROD00135,3,495100.0
TI00000853,TXN0000292,PROD00160,2,297400.0
TI00000854,TXN0000293,PROD00168,1,54200.0
TI00000855,TXN0000293,PROD00126,4,219500.0
TI00000856,TXN0000294,PROD00107,1,75800.0
TI00000857,TXN0000294,PROD00095,1,428500.0
TI00000858,TXN0000294,PROD00015,3,327100.0
TI00000859,TXN0000294,PROD00158,1,488300.0
TI00000860,TXN0000294,PROD00069,2,145200.0
TI00000861,TXN0000295,PROD00060,4,218600.0
TI00000862,TXN0000296,PROD00143,1,115300.0
TI00000863,TXN0000296,PROD00107,3,75800.0
TI00000864,TXN0000297,PROD00027,4,124600.0
TI00000865,TXN0000297,PROD00043,3,223400.0
TI00000866,TXN0000297,PROD00047,2,165600.0
TI00000867,TXN0000297,PROD00141,4,527900.0
TI00000868,TXN0000298,PROD00084,3,1607800.0
TI00000869,TXN0000298,PROD00096,2,366200.0
TI00000870,TXN0000298,PROD00106,2,610900.0
TI00000871,TXN0000298,PROD00163,4,337100.0
TI00000872,TXN0000298,PROD00111,3,5440300.0
TI00000873,TXN0000299,PROD00102,1,171600.0
TI00000874,TXN0000299,PROD00001,2,179800.0
TI00000875,TXN0000299,PROD00009,3,183500.0
TI00000876,TXN0000299,PROD00073,1,55700.0
TI00000877,TXN0000300,PROD00177,3,228400.0
TI00000878,TXN0000301,PROD00147,3,229500.0
TI00000879,TXN0000301,PROD00040,2,3685900.0
TI00000880,TXN0000301,PROD00025,2,57900.0
TI00000881,TXN0000301,PROD00010,3,675900.0
TI00000882,TXN0000301,PROD00118,3,97800.0
TI00000883,TXN0000302,PROD00077,4,37900.0
TI00000884,TXN0000302,PROD00024,2,595000.0
TI00000885,TXN0000302,PROD00147,1,229500.0
TI00000886,TXN0000303,PROD00125,1,716900.0
TI00000887,TXN0000303,PROD00177,3,228400.0
TI00000888,TXN0000304,PROD00090,1,838900.0
TI00000889,TXN0000304,PROD00112,2,3050100.0
TI00000890,TXN0000304,PROD00107,1,75800.0
TI00000891,TXN0000305,PROD00135,2,495100.0
TI00000892,TXN0000305,PROD00011,3,810900.0
TI00000893,TXN0000305,PROD00082,2,435600.0
TI00000894,TXN0000306,PROD00148,3,272900.0
TI00000895,TXN0000306,PROD00130,4,213000.0
TI00000896,TXN0000306,PROD00024,2,595000.0
TI00000897,TXN0000306,PROD00057,2,2101600.0
TI00000898,TXN0000306,PROD00111,3,5440300.0
TI00000899,TXN0000307,PROD00022,4,1337300.0
TI00000900,TXN0000307,PROD00103,2,499800.0
TI00000901,TXN0000307,PROD00129,2,67800.0
TI00000902,TXN0000308,PROD00102,2,171600.0
TI00000903,TXN0000308,PROD00167,2,79900.0
TI00000904,TXN0000308,PROD00147,1,229500.0
TI00000905,TXN0000308,PROD00051,3,752100.0
TI00000906,TXN0000309,PROD00023,3,225100.0
TI00000907,TXN0000309,PROD00029,3,747300.0
TI00000908,TXN0000309,PROD00172,2,162600.0
TI00000909,TXN0000309,PROD00106,3,610900.0
TI00000910,TXN0000309,PROD00109,3,3001900.0
TI00000911,TXN0000310,PROD00044,4,2984700.0
TI00000912,TXN0000310,PROD00090,2,838900.0
TI00000913,TXN0000310,PROD00158,4,488300.0
TI00000914,TXN0000311,PROD00052,3,58000.0
TI00000915,TXN0000311,PROD00176,2,168200.0
TI00000916,TXN0000312,PROD00063,2,631600.0
TI00000917,TXN0000313,PROD00178,4,55100.0
TI00000918,TXN0000313,PROD00029,4,747300.0
TI00000919,TXN0000313,PROD00079,1,31800.0
TI00000920,TXN0000314,PROD00067,1,1694500.0
TI00000921,TXN0000314,PROD00141,4,527900.0
TI00000922,TXN0000314,PROD00124,1,11671600.0
TI00000923,TXN0000314,PROD00160,3,297400.0
TI00000924,TXN0000314,PROD00037,2,718700.0
TI00000925,TXN0000315,PROD00179,3,1206500.0
TI00000926,TXN0000315,PROD00159,1,3240200.0
TI00000927,TXN0000316,PROD00170,1,806200.0
TI00000928,TXN0000316,PROD00070,1,191800.0
TI00000929,TXN0000316,PROD00169,3,6358700.0
TI00000930,TXN0000316,PROD00093,4,2689800.0
TI00000931,TXN0000317,PROD00081,4,41700.0
TI00000932,TXN0000318,PROD00051,4,752100.0
TI00000933,TXN0000318,PROD00129,1,67800.0
TI00000934,TXN0000319,PROD00041,3,792800.0
TI00000935,TXN0000319,PROD00005,3,613400.0
TI00000936,TXN0000319,PROD00089,3,11224800.0
TI00000937,TXN0000319,PROD00176,2,168200.0
TI00000938,TXN0000320,PROD00161,3,231200.0
TI00000939,TXN0000321,PROD00058,4,1306500.0
TI00000940,TXN0000321,PROD00039,2,1936200.0
TI00000941,TXN0000321,PROD00088,1,220600.0
TI00000942,TXN0000322,PROD00161,2,231200.0
TI00000943,TXN0000322,PROD00176,4,168200.0
TI00000944,TXN0000322,PROD00059,3,3249400.0
TI00000945,TXN0000322,PROD00107,3,75800.0
TI00000946,TXN0000322,PROD00062,4,83600.0
TI00000947,TXN0000323,PROD00149,2,370000.0
TI00000948,TXN0000323,PROD00139,2,621000.0
TI00000949,TXN0000324,PROD00035,2,3271400.0
TI00000950,TXN0000324,PROD00111,3,5440300.0
TI00000951,TXN0000324,PROD00038,1,3280700.0
TI00000952,TXN0000324,PROD00168,1,54200.0
TI00000953,TXN0000324,PROD00145,2,626300.0
TI00000954,TXN0000325,PROD00082,4,435600.0
TI00000955,TXN0000326,PROD00164,1,103200.0
TI00000956,TXN0000326,PROD00071,2,501200.0
TI00000957,TXN0000326,PROD00039,2,1936200.0
TI00000958,TXN0000326,PROD00049,1,244600.0
TI00000959,TXN0000327,PROD00157,3,6815900.0
TI00000960,TXN0000327,PROD00060,1,218600.0
TI00000961,TXN0000327,PROD00153,4,121800.0
TI00000962,TXN0000327,PROD00176,2,168200.0
TI00000963,TXN0000327,PROD00007,4,456400.0
TI00000964,TXN0000328,PROD00126,2,219500.0
TI00000965,TXN0000328,PROD00122,2,2205900.0
TI00000966,TXN0000328,PROD00036,1,11966500.0
TI00000967,TXN0000328,PROD00042,4,110400.0
TI00000968,TXN0000329,PROD00106,2,610900.0
TI00000969,TXN0000329,PROD00057,2,2101600.0
TI00000970,TXN0000329,PROD00172,1,162600.0
TI00000971,TXN0000330,PROD00064,4,1537200.0
TI00000972,TXN0000330,PROD00110,3,130700.0
TI00000973,TXN0000330,PROD00104,4,179700.0
TI00000974,TXN0000330,PROD00011,1,810900.0
TI00000975,TXN0000331,PROD00117,4,188000.0
TI00000976,TXN0000331,PROD00011,1,810900.0
TI00000977,TXN0000331,PROD00063,4,631600.0
TI00000978,TXN0000331,PROD00133,1,521500.0
TI00000979,TXN0000332,PROD00102,2,171600.0
TI00000980,TXN0000332,PROD00078,4,473100.0
TI00000981,TXN0000332,PROD00074,3,99400.0
TI00000982,TXN0000332,PROD00119,1,3450500.0
TI00000983,TXN0000333,PROD00166,1,120600.0
TI00000984,TXN0000333,PROD00116,2,561100.0
TI00000985,TXN0000333,PROD00024,2,595000.0
TI00000986,TXN0000333,PROD00129,4,67800.0
TI00000987,TXN0000334,PROD00117,2,188000.0
TI00000988,TXN0000334,PROD00152,4,170900.0
TI00000989,TXN0000335,PROD00178,1,55100.0
TI00000990,TXN0000335,PROD00167,1,79900.0
TI00000991,TXN0000335,PROD00042,1,110400.0
TI00000992,TXN0000336,PROD00099,4,497200.0
TI00000993,TXN0000336,PROD00131,1,2828000.0
TI00000994,TXN0000336,PROD00157,2,6815900.0
TI00000995,TXN0000336,PROD00041,3,792800.0
TI00000996,TXN0000336,PROD00097,2,2301200.0
TI00000997,TXN0000337,PROD00079,2,31800.0
TI00000998,TXN0000337,PROD00080,1,204100.0
TI00000999,TXN0000337,PROD00115,2,1810600.0
TI00001000,TXN0000337,PROD00074,2,99400.0
TI00001001,TXN0000338,PROD00128,4,202200.0
TI00001002,TXN0000338,PROD00140,2,10502400.0
TI00001003,TXN0000338,PROD00002,2,1365600.0
TI00001004,TXN0000338,PROD00156,4,117900.0
TI00001005,TXN0000339,PROD00154,2,192800.0
TI00001006,TXN0000339,PROD00002,1,1365600.0
TI00001007,TXN0000339,PROD00063,2,631600.0
TI00001008,TXN0000339,PROD00141,2,527900.0
TI00001009,TXN0000339,PROD00072,1,470400.0
TI00001010,TXN0000340,PROD00009,3,183500.0
TI00001011,TXN0000340,PROD00171,3,9207400.0
TI00001012,TXN0000341,PROD00046,2,314500.0
TI00001013,TXN0000341,PROD00042,4,110400.0
TI00001014,TXN0000341,PROD00173,3,67500.0
TI00001015,TXN0000341,PROD00073,1,55700.0
TI00001016,TXN0000342,PROD00018,3,2056700.0
TI00001017,TXN0000342,PROD00110,4,130700.0
TI00001018,TXN0000342,PROD00141,2,527900.0
TI00001019,TXN0000342,PROD00017,1,61400.0
TI00001020,TXN0000343,PROD00106,1,610900.0
TI00001021,TXN0000343,PROD00135,1,495100.0
TI00001022,TXN0000343,PROD00054,1,1692000.0
TI00001023,TXN0000343,PROD00179,4,1206500.0
TI00001024,TXN0000343,PROD00157,3,6815900.0
TI00001025,TXN0000344,PROD00067,3,1694500.0
TI00001026,TXN0000344,PROD00135,2,495100.0
TI00001027,TXN0000344,PROD00148,4,272900.0
TI00001028,TXN0000345,PROD00047,2,165600.0
TI00001029,TXN0000345,PROD00157,1,6815900.0
TI00001030,TXN0000345,PROD00060,1,218600.0
TI00001031,TXN0000345,PROD00075,1,382900.0
TI00001032,TXN0000346,PROD00054,4,1692000.0
TI00001033,TXN0000347,PROD00090,2,838900.0
TI00001034,TXN0000347,PROD00144,1,2659900.0
TI00001035,TXN0000347,PROD00164,2,103200.0
TI00001036,TXN0000348,PROD00079,3,31800.0
TI00001037,TXN0000349,PROD00176,3,168200.0
TI00001038,TXN0000350,PROD00087,4,86200.0
TI00001039,TXN0000350,PROD00173,1,67500.0
TI00001040,TXN0000350,PROD00123,2,520300.0
TI00001041,TXN0000351,PROD00119,3,3450500.0
TI00001042,TXN0000351,PROD00106,3,610900.0
TI00001043,TXN0000351,PROD00015,1,327100.0
TI00001044,TXN0000352,PROD00091,3,17600.0
TI00001045,TXN0000352,PROD00017,1,61400.0
TI00001046,TXN0000352,PROD00039,3,1936200.0
TI00001047,TXN0000353,PROD00147,4,229500.0
TI00001048,TXN0000353,PROD00156,2,117900.0
TI00001049,TXN0000354,PROD00009,1,183500.0
TI00001050,TXN0000354,PROD00070,4,191800.0
TI00001051,TXN0000354,PROD00106,2,610900.0
TI00001052,TXN0000355,PROD00045,1,75500.0
TI00001053,TXN0000355,PROD00029,2,747300.0
TI00001054,TXN0000355,PROD00096,1,366200.0
TI00001055,TXN0000356,PROD00040,3,3685900.0
TI00001056,TXN0000356,PROD00049,3,244600.0
TI00001057,TXN0000356,PROD00088,2,220600.0
TI00001058,TXN0000356,PROD00124,1,11671600.0
TI00001059,TXN0000356,PROD00135,2,495100.0
TI00001060,TXN0000357,PROD00100,3,546800.0
TI00001061,TXN0000357,PROD00134,1,1383900.0
TI00001062,TXN0000357,PROD00030,1,10909100.0
TI00001063,TXN0000357,PROD00002,3,1365600.0
TI00001064,TXN0000358,PROD00134,3,1383900.0
TI00001065,TXN0000359,PROD00164,2,103200.0
TI00001066,TXN0000359,PROD00054,2,1692000.0
TI00001067,TXN0000359,PROD00083,3,6771700.0
TI00001068,TXN0000360,PROD00070,2,191800.0
TI00001069,TXN0000361,PROD00004,1,1254300.0
TI00001070,TXN0000362,PROD00037,2,718700.0
TI00001071,TXN0000362,PROD00073,2,55700.0
TI00001072,TXN0000362,PROD00147,1,229500.0
TI00001073,TXN0000363,PROD00034,1,1485900.0
TI00001074,TXN0000364,PROD00028,4,497400.0
TI00001075,TXN0000365,PROD00101,4,11745100.0
TI00001076,TXN0000365,PROD00046,3,314500.0
TI00001077,TXN0000365,PROD00153,3,121800.0
TI00001078,TXN0000365,PROD00152,3,170900.0
TI00001079,TXN0000366,PROD00146,4,647500.0
TI00001080,TXN0000366,PROD00034,1,1485900.0
TI00001081,TXN0000366,PROD00024,4,595000.0
TI00001082,TXN0000366,PROD00179,3,1206500.0
TI00001083,TXN0000367,PROD00058,3,1306500.0
TI00001084,TXN0000367,PROD00037,3,718700.0
TI00001085,TXN0000368,PROD00008,3,86100.0
TI00001086,TXN0000368,PROD00017,4,61400.0
TI00001087,TXN0000368,PROD00122,4,2205900.0
TI00001088,TXN0000368,PROD00029,2,747300.0
TI00001089,TXN0000369,PROD00155,1,277300.0
TI00001090,TXN0000369,PROD00148,4,272900.0
TI00001091,TXN0000369,PROD00033,1,10971800.0
TI00001092,TXN0000370,PROD00078,4,473100.0
TI00001093,TXN0000371,PROD00159,2,3240200.0
TI00001094,TXN0000371,PROD00063,4,631600.0
TI00001095,TXN0000372,PROD00054,4,1692000.0
TI00001096,TXN0000372,PROD00178,4,55100.0
TI00001097,TXN0000372,PROD00152,3,170900.0
TI00001098,TXN0000373,PROD00147,4,229500.0
TI00001099,TXN0000374,PROD00119,2,3450500.0
TI00001100,TXN0000374,PROD00084,3,1607800.0
TI00001101,TXN0000374,PROD00143,4,115300.0
TI00001102,TXN0000374,PROD00025,1,57900.0
TI00001103,TXN0000374,PROD00114,1,362300.0
TI00001104,TXN0000375,PROD00166,2,120600.0
TI00001105,TXN0000375,PROD00170,2,806200.0
TI00001106,TXN0000375,PROD00016,1,167400.0
TI00001107,TXN0000375,PROD00024,2,595000.0
TI00001108,TXN0000376,PROD00100,4,546800.0
TI00001109,TXN0000376,PROD00158,2,488300.0
TI00001110,TXN0000376,PROD00148,2,272900.0
TI00001111,TXN0000377,PROD00174,1,71600.0
TI00001112,TXN0000377,PROD00078,4,473100.0
TI00001113,TXN0000377,PROD00112,2,3050100.0
TI00001114,TXN0000377,PROD00089,3,11224800.0
TI00001115,TXN0000377,PROD00023,1,225100.0
TI00001116,TXN0000378,PROD00092,4,198900.0
TI00001117,TXN0000378,PROD00029,4,747300.0
TI00001118,TXN0000378,PROD00073,3,55700.0
TI00001119,TXN0000378,PROD00008,4,86100.0
TI00001120,TXN0000378,PROD00061,4,8063300.0
TI00001121,TXN0000379,PROD00049,4,244600.0
TI00001122,TXN0000379,PROD00143,3,115300.0
TI00001123,TXN0000380,PROD00172,1,162600.0
TI00001124,TXN0000380,PROD00033,1,10971800.0
TI00001125,TXN0000380,PROD00035,1,3271400.0
TI00001126,TXN0000381,PROD00169,2,6358700.0
TI00001127,TXN0000381,PROD00112,4,3050100.0
TI00001128,TXN0000381,PROD00035,4,3271400.0
TI00001129,TXN0000381,PROD00022,4,1337300.0
TI00001130,TXN0000382,PROD00142,2,324600.0
TI00001131,TXN0000382,PROD00116,2,561100.0
TI00001132,TXN0000382,PROD00099,4,497200.0
TI00001133,TXN0000382,PROD00091,1,17600.0
TI00001134,TXN0000383,PROD00069,1,145200.0
TI00001135,TXN0000383,PROD00106,1,610900.0
TI00001136,TXN0000383,PROD00140,4,10502400.0
TI00001137,TXN0000383,PROD00148,3,272900.0
TI00001138,TXN0000383,PROD00094,1,365200.0
TI00001139,TXN0000384,PROD00037,3,718700.0
TI00001140,TXN0000385,PROD00134,1,1383900.0
TI00001141,TXN0000386,PROD00014,4,2104400.0
TI00001142,TXN0000386,PROD00088,4,220600.0
TI00001143,TXN0000386,PROD00137,3,59500.0
TI00001144,TXN0000386,PROD00003,4,623300.0
TI00001145,TXN0000386,PROD00121,3,190400.0
TI00001146,TXN0000387,PROD00010,3,675900.0
TI00001147,TXN0000387,PROD00178,3,55100.0
TI00001148,TXN0000388,PROD00149,3,370000.0
TI00001149,TXN0000388,PROD00044,1,2984700.0
TI00001150,TXN0000388,PROD00147,3,229500.0
TI00001151,TXN0000388,PROD00014,4,2104400.0
TI00001152,TXN0000389,PROD00158,3,488300.0
TI00001153,TXN0000389,PROD00072,3,470400.0
TI00001154,TXN0000390,PROD00045,3,75500.0
TI00001155,TXN0000390,PROD00152,2,170900.0
TI00001156,TXN0000390,PROD00039,3,1936200.0
TI00001157,TXN0000390,PROD00169,2,6358700.0
TI00001158,TXN0000390,PROD00115,4,1810600.0
TI00001159,TXN0000391,PROD00153,4,121800.0
TI00001160,TXN0000391,PROD00040,4,3685900.0
TI00001161,TXN0000392,PROD00164,3,103200.0
TI00001162,TXN0000392,PROD00043,1,223400.0
TI00001163,TXN0000392,PROD00054,3,1692000.0
TI00001164,TXN0000392,PROD00148,1,272900.0
TI00001165,TXN0000393,PROD00122,4,2205900.0
TI00001166,TXN0000393,PROD00137,4,59500.0
TI00001167,TXN0000393,PROD00060,4,218600.0
TI00001168,TXN0000394,PROD00112,3,3050100.0
TI00001169,TXN0000394,PROD00004,1,1254300.0
TI00001170,TXN0000394,PROD00074,1,99400.0
TI00001171,TXN0000394,PROD00115,3,1810600.0
TI00001172,TXN0000394,PROD00098,4,66400.0
TI00001173,TXN0000395,PROD00069,4,145200.0
TI00001174,TXN0000395,PROD00026,4,1447900.0
TI00001175,TXN0000395,PROD00066,2,162000.0
TI00001176,TXN0000396,PROD00174,3,71600.0
TI00001177,TXN0000396,PROD00177,1,228400.0
TI00001178,TXN0000396,PROD00047,1,165600.0
TI00001179,TXN0000397,PROD00135,1,495100.0
TI00001180,TXN0000398,PROD00065,1,846500.0
TI00001181,TXN0000398,PROD00050,1,134700.0
TI00001182,TXN0000398,PROD00009,1,183500.0
TI00001183,TXN0000399,PROD00031,1,571800.0
TI00001184,TXN0000400,PROD00048,4,88700.0
TI00001185,TXN0000400,PROD00029,1,747300.0
TI00001186,TXN0000400,PROD00179,4,1206500.0
TI00001187,TXN0000400,PROD00065,3,846500.0
TI00001188,TXN0000400,PROD00076,4,609300.0
TI00001189,TXN0000401,PROD00019,1,353800.0
TI00001190,TXN0000401,PROD00071,4,501200.0
TI00001191,TXN0000402,PROD00067,3,1694500.0
TI00001192,TXN0000403,PROD00126,2,219500.0
TI00001193,TXN0000404,PROD00028,2,497400.0
TI00001194,TXN0000404,PROD00037,1,718700.0
TI00001195,TXN0000404,PROD00139,4,621000.0
TI00001196,TXN0000404,PROD00111,3,5440300.0
TI00001197,TXN0000405,PROD00115,2,1810600.0
TI00001198,TXN0000405,PROD00005,1,613400.0
TI00001199,TXN0000405,PROD00128,1,202200.0
TI00001200,TXN0000406,PROD00180,4,96700.0
TI00001201,TXN0000406,PROD00085,1,262600.0
TI00001202,TXN0000407,PROD00104,1,179700.0
TI00001203,TXN0000407,PROD00018,4,2056700.0
TI00001204,TXN0000407,PROD00139,4,621000.0
TI00001205,TXN0000407,PROD00058,1,1306500.0
TI00001206,TXN0000408,PROD00086,4,8987800.0
TI00001207,TXN0000408,PROD00175,1,99600.0
TI00001208,TXN0000408,PROD00078,1,473100.0
TI00001209,TXN0000409,PROD00075,1,382900.0
TI00001210,TXN0000409,PROD00166,4,120600.0
TI00001211,TXN0000409,PROD00052,2,58000.0
TI00001212,TXN0000409,PROD00046,3,314500.0
TI00001213,TXN0000410,PROD00125,4,716900.0
TI00001214,TXN0000410,PROD00022,2,1337300.0
TI00001215,TXN0000410,PROD00162,2,532200.0
TI00001216,TXN0000411,PROD00017,4,61400.0
TI00001217,TXN0000411,PROD00139,4,621000.0
TI00001218,TXN0000411,PROD00165,1,242000.0
TI00001219,TXN0000411,PROD00079,1,31800.0
TI00001220,TXN0000412,PROD00011,2,810900.0
TI00001221,TXN0000412,PROD00104,4,179700.0
TI00001222,TXN0000412,PROD00031,2,571800.0
TI00001223,TXN0000413,PROD00010,2,675900.0
TI00001224,TXN0000414,PROD00121,1,190400.0
TI00001225,TXN0000415,PROD00079,1,31800.0
TI00001226,TXN0000416,PROD00152,1,170900.0
TI00001227,TXN0000416,PROD00017,1,61400.0
TI00001228,TXN0000417,PROD00110,4,130700.0
TI00001229,TXN0000417,PROD00087,3,86200.0
TI00001230,TXN0000418,PROD00140,2,10502400.0
TI00001231,TXN0000418,PROD00036,3,11966500.0
TI00001232,TXN0000418,PROD00083,1,6771700.0
TI00001233,TXN0000418,PROD00055,1,29300.0
TI00001234,TXN0000418,PROD00012,3,744700.0
TI00001235,TXN0000419,PROD00043,2,223400.0
TI00001236,TXN0000419,PROD00113,1,4916800.0
TI00001237,TXN0000419,PROD00063,4,631600.0
TI00001238,TXN0000419,PROD00149,2,370000.0
TI00001239,TXN0000419,PROD00011,1,810900.0
TI00001240,TXN0000420,PROD00046,1,314500.0
TI00001241,TXN0000421,PROD00178,3,55100.0
TI00001242,TXN0000421,PROD00033,4,10971800.0
TI00001243,TXN0000421,PROD00053,4,197800.0
TI00001244,TXN0000421,PROD00037,2,718700.0
TI00001245,TXN0000422,PROD00047,3,165600.0
TI00001246,TXN0000422,PROD00128,3,202200.0
TI00001247,TXN0000422,PROD00157,4,6815900.0
TI00001248,TXN0000422,PROD00023,1,225100.0
TI00001249,TXN0000422,PROD00161,2,231200.0
TI00001250,TXN0000423,PROD00025,2,57900.0
TI00001251,TXN0000423,PROD00159,4,3240200.0
TI00001252,TXN0000423,PROD00093,2,2689800.0
TI00001253,TXN0000423,PROD00139,3,621000.0
TI00001254,TXN0000423,PROD00130,1,213000.0
TI00001255,TXN0000424,PROD00041,1,792800.0
TI00001256,TXN0000424,PROD00172,1,162600.0
TI00001257,TXN0000425,PROD00065,1,846500.0
TI00001258,TXN0000425,PROD00086,1,8987800.0
TI00001259,TXN0000425,PROD00158,1,488300.0
TI00001260,TXN0000425,PROD00117,2,188000.0
TI00001261,TXN0000426,PROD00132,4,6814300.0
TI00001262,TXN0000426,PROD00030,3,10909100.0
TI00001263,TXN0000426,PROD00019,4,353800.0
TI00001264,TXN0000426,PROD00061,2,8063300.0
TI00001265,TXN0000427,PROD00084,2,1607800.0
TI00001266,TXN0000428,PROD00019,4,353800.0
TI00001267,TXN0000428,PROD00121,1,190400.0
TI00001268,TXN0000429,PROD00117,4,188000.0
TI00001269,TXN0000429,PROD00046,2,314500.0
TI00001270,TXN0000429,PROD00100,3,546800.0
TI00001271,TXN0000429,PROD00096,3,366200.0
TI00001272,TXN0000429,PROD00035,2,3271400.0
TI00001273,TXN0000430,PROD00035,4,3271400.0
TI00001274,TXN0000430,PROD00029,4,747300.0
TI00001275,TXN0000430,PROD00120,2,283500.0
TI00001276,TXN0000431,PROD00155,2,277300.0
TI00001277,TXN0000431,PROD00041,2,792800.0
TI00001278,TXN0000431,PROD00164,1,103200.0
TI00001279,TXN0000432,PROD00152,4,170900.0
TI00001280,TXN0000432,PROD00122,3,2205900.0
TI00001281,TXN0000433,PROD00064,4,1537200.0
TI00001282,TXN0000433,PROD00084,2,1607800.0
TI00001283,TXN0000434,PROD00107,1,75800.0
TI00001284,TXN0000435,PROD00136,1,787800.0
TI00001285,TXN0000435,PROD00101,4,11745100.0
TI00001286,TXN0000435,PROD00123,4,520300.0
TI00001287,TXN0000435,PROD00179,2,1206500.0
TI00001288,TXN0000436,PROD00178,4,55100.0
TI00001289,TXN0000437,PROD00062,1,83600.0
TI00001290,TXN0000437,PROD00166,4,120600.0
TI00001291,TXN0000437,PROD00024,3,595000.0
TI00001292,TXN0000438,PROD00007,2,456400.0
TI00001293,TXN0000438,PROD00117,3,188000.0
TI00001294,TXN0000438,PROD00119,4,3450500.0
TI00001295,TXN0000438,PROD00036,1,11966500.0
TI00001296,TXN0000438,PROD00104,1,179700.0
TI00001297,TXN0000439,PROD00009,2,183500.0
TI00001298,TXN0000439,PROD00076,1,609300.0
TI00001299,TXN0000439,PROD00110,3,130700.0
TI00001300,TXN0000439,PROD00070,1,191800.0
TI00001301,TXN0000439,PROD00179,3,1206500.0
TI00001302,TXN0000440,PROD00120,3,283500.0
TI00001303,TXN0000440,PROD00159,3,3240200.0
TI00001304,TXN0000440,PROD00011,2,810900.0
TI00001305,TXN0000441,PROD00036,2,11966500.0
TI00001306,TXN0000441,PROD00086,1,8987800.0
TI00001307,TXN0000442,PROD00058,3,1306500.0
TI00001308,TXN0000442,PROD00083,3,6771700.0
TI00001309,TXN0000443,PROD00014,3,2104400.0
TI00001310,TXN0000443,PROD00017,4,61400.0
TI00001311,TXN0000443,PROD00096,4,366200.0
TI00001312,TXN0000444,PROD00174,3,71600.0
TI00001313,TXN0000444,PROD00137,1,59500.0
TI00001314,TXN0000444,PROD00075,2,382900.0
TI00001315,TXN0000444,PROD00116,4,561100.0
TI00001316,TXN0000444,PROD00159,1,3240200.0
TI00001317,TXN0000445,PROD00074,1,99400.0
TI00001318,TXN0000445,PROD00020,2,176500.0
TI00001319,TXN0000446,PROD00128,2,202200.0
TI00001320,TXN0000446,PROD00039,1,1936200.0
TI00001321,TXN0000447,PROD00034,1,1485900.0
TI00001322,TXN0000447,PROD00122,3,2205900.0
TI00001323,TXN0000447,PROD00089,2,11224800.0
TI00001324,TXN0000447,PROD00108,1,570800.0
TI00001325,TXN0000447,PROD00114,1,362300.0
TI00001326,TXN0000448,PROD00149,3,370000.0
TI00001327,TXN0000448,PROD00088,4,220600.0
TI00001328,TXN0000448,PROD00168,4,54200.0
TI00001329,TXN0000448,PROD00166,4,120600.0
TI00001330,TXN0000449,PROD00059,3,3249400.0
TI00001331,TXN0000449,PROD00124,1,11671600.0
TI00001332,TXN0000449,PROD00096,2,366200.0
TI00001333,TXN0000450,PROD00138,2,57200.0
TI00001334,TXN0000450,PROD00074,2,99400.0
TI00001335,TXN0000451,PROD00030,3,10909100.0
TI00001336,TXN0000451,PROD00011,2,810900.0
TI00001337,TXN0000452,PROD00048,1,88700.0
TI00001338,TXN0000452,PROD00053,3,197800.0
TI00001339,TXN0000452,PROD00144,3,2659900.0
TI00001340,TXN0000453,PROD00078,2,473100.0
TI00001341,TXN0000453,PROD00032,4,359500.0
TI00001342,TXN0000453,PROD00007,3,456400.0
TI00001343,TXN0000453,PROD00104,2,179700.0
TI00001344,TXN0000453,PROD00128,1,202200.0
TI00001345,TXN0000454,PROD00166,3,120600.0
TI00001346,TXN0000454,PROD00076,2,609300.0
TI00001347,TXN0000454,PROD00122,4,2205900.0
TI00001348,TXN0000455,PROD00011,1,810900.0
TI00001349,TXN0000455,PROD00036,3,11966500.0
TI00001350,TXN0000455,PROD00174,1,71600.0
TI00001351,TXN0000455,PROD00142,4,324600.0
TI00001352,TXN0000456,PROD00024,2,595000.0
TI00001353,TXN0000456,PROD00084,2,1607800.0
TI00001354,TXN0000456,PROD00015,3,327100.0
TI00001355,TXN0000457,PROD00138,4,57200.0
TI00001356,TXN0000458,PROD00050,1,134700.0
TI00001357,TXN0000458,PROD00126,3,219500.0
TI00001358,TXN0000458,PROD00082,4,435600.0
TI00001359,TXN0000458,PROD00155,2,277300.0
TI00001360,TXN0000459,PROD00096,3,366200.0
TI00001361,TXN0000459,PROD00004,3,1254300.0
TI00001362,TXN0000459,PROD00073,4,55700.0
TI00001363,TXN0000459,PROD00089,1,11224800.0
TI00001364,TXN0000460,PROD00042,2,110400.0
TI00001365,TXN0000460,PROD00109,1,3001900.0
TI00001366,TXN0000460,PROD00107,2,75800.0
TI00001367,TXN0000461,PROD00135,4,495100.0
TI00001368,TXN0000461,PROD00086,1,8987800.0
TI00001369,TXN0000461,PROD00017,1,61400.0
TI00001370,TXN0000461,PROD00152,4,170900.0
TI00001371,TXN0000462,PROD00143,2,115300.0
TI00001372,TXN0000462,PROD00119,2,3450500.0
TI00001373,TXN0000463,PROD00142,3,324600.0
TI00001374,TXN0000463,PROD00126,3,219500.0
TI00001375,TXN0000463,PROD00011,4,810900.0
TI00001376,TXN0000464,PROD00007,2,456400.0
TI00001377,TXN0000464,PROD00001,3,179800.0
TI00001378,TXN0000465,PROD00046,2,314500.0
TI00001379,TXN0000465,PROD00126,1,219500.0
TI00001380,TXN0000465,PROD00177,1,228400.0
TI00001381,TXN0000465,PROD00166,3,120600.0
TI00001382,TXN0000466,PROD00149,4,370000.0
TI00001383,TXN0000466,PROD00124,3,11671600.0
TI00001384,TXN0000466,PROD00145,4,626300.0
TI00001385,TXN0000467,PROD00148,1,272900.0
TI00001386,TXN0000467,PROD00005,2,613400.0
TI00001387,TXN0000467,PROD00067,3,1694500.0
TI00001388,TXN0000467,PROD00042,4,110400.0
TI00001389,TXN0000467,PROD00149,2,370000.0
TI00001390,TXN0000468,PROD00163,3,337100.0
TI00001391,TXN0000468,PROD00092,1,198900.0
TI00001392,TXN0000468,PROD00013,2,1045000.0
TI00001393,TXN0000468,PROD00075,2,382900.0
TI00001394,TXN0000469,PROD00176,3,168200.0
TI00001395,TXN0000469,PROD00078,1,473100.0
TI00001396,TXN0000469,PROD00070,3,191800.0
TI00001397,TXN0000470,PROD00073,2,55700.0
TI00001398,TXN0000470,PROD00096,1,366200.0
TI00001399,TXN0000470,PROD00125,2,716900.0
TI00001400,TXN0000470,PROD00106,2,610900.0
TI00001401,TXN0000470,PROD00088,2,220600.0
TI00001402,TXN0000471,PROD00137,4,59500.0
TI00001403,TXN0000471,PROD00142,1,324600.0
TI00001404,TXN0000471,PROD00180,1,96700.0
TI00001405,TXN0000471,PROD00030,2,10909100.0
TI00001406,TXN0000471,PROD00107,1,75800.0
TI00001407,TXN0000472,PROD00177,4,228400.0
TI00001408,TXN0000472,PROD00093,3,2689800.0
TI00001409,TXN0000472,PROD00036,2,11966500.0
TI00001410,TXN0000473,PROD00057,2,2101600.0
TI00001411,TXN0000474,PROD00033,1,10971800.0
TI00001412,TXN0000474,PROD00054,4,1692000.0
TI00001413,TXN0000474,PROD00034,1,1485900.0
TI00001414,TXN0000475,PROD00028,1,497400.0
TI00001415,TXN0000475,PROD00009,4,183500.0
TI00001416,TXN0000476,PROD00171,1,9207400.0
TI00001417,TXN0000476,PROD00003,2,623300.0
TI00001418,TXN0000476,PROD00025,2,57900.0
TI00001419,TXN0000477,PROD00072,3,470400.0
TI00001420,TXN0000477,PROD00149,3,370000.0
TI00001421,TXN0000478,PROD00026,1,1447900.0
TI00001422,TXN0000479,PROD00138,1,57200.0
TI00001423,TXN0000479,PROD00002,2,1365600.0
TI00001424,TXN0000480,PROD00179,4,1206500.0
TI00001425,TXN0000480,PROD00151,1,116700.0
TI00001426,TXN0000480,PROD00048,2,88700.0
TI00001427,TXN0000481,PROD00132,4,6814300.0
TI00001428,TXN0000481,PROD00059,1,3249400.0
TI00001429,TXN0000482,PROD00029,3,747300.0
TI00001430,TXN0000482,PROD00134,3,1383900.0
TI00001431,TXN0000482,PROD00035,1,3271400.0
TI00001432,TXN0000482,PROD00127,1,172600.0
TI00001433,TXN0000483,PROD00099,3,497200.0
TI00001434,TXN0000484,PROD00176,4,168200.0
TI00001435,TXN0000484,PROD00114,3,362300.0
TI00001436,TXN0000484,PROD00058,4,1306500.0
TI00001437,TXN0000485,PROD00174,4,71600.0
TI00001438,TXN0000485,PROD00095,1,428500.0
TI00001439,TXN0000485,PROD00046,4,314500.0
TI00001440,TXN0000485,PROD00004,4,1254300.0
TI00001441,TXN0000486,PROD00102,1,171600.0
TI00001442,TXN0000486,PROD00103,2,499800.0
TI00001443,TXN0000487,PROD00087,4,86200.0
TI00001444,TXN0000487,PROD00052,1,58000.0
TI00001445,TXN0000488,PROD00152,4,170900.0
TI00001446,TXN0000488,PROD00070,4,191800.0
TI00001447,TXN0000488,PROD00165,4,242000.0
TI00001448,TXN0000488,PROD00103,3,499800.0
TI00001449,TXN0000488,PROD00092,2,198900.0
TI00001450,TXN0000489,PROD00065,4,846500.0
TI00001451,TXN0000490,PROD00014,1,2104400.0
TI00001452,TXN0000491,PROD00098,3,66400.0
TI00001453,TXN0000491,PROD00155,2,277300.0
TI00001454,TXN0000492,PROD00025,4,57900.0
TI00001455,TXN0000492,PROD00020,2,176500.0
TI00001456,TXN0000492,PROD00170,3,806200.0
TI00001457,TXN0000492,PROD00134,4,1383900.0
TI00001458,TXN0000492,PROD00127,4,172600.0
TI00001459,TXN0000493,PROD00088,4,220600.0
TI00001460,TXN0000493,PROD00139,1,621000.0
TI00001461,TXN0000493,PROD00140,4,10502400.0
TI00001462,TXN0000493,PROD00005,4,613400.0
TI00001463,TXN0000493,PROD00009,3,183500.0
TI00001464,TXN0000494,PROD00009,2,183500.0
TI00001465,TXN0000495,PROD00043,2,223400.0
TI00001466,TXN0000495,PROD00126,3,219500.0
TI00001467,TXN0000495,PROD00111,4,5440300.0
TI00001468,TXN0000496,PROD00173,4,67500.0
TI00001469,TXN0000496,PROD00126,4,219500.0
TI00001470,TXN0000496,PROD00169,2,6358700.0
TI00001471,TXN0000496,PROD00142,1,324600.0
TI00001472,TXN0000496,PROD00176,4,168200.0
TI00001473,TXN0000497,PROD00083,1,6771700.0
TI00001474,TXN0000497,PROD00016,2,167400.0
TI00001475,TXN0000497,PROD00008,3,86100.0
TI00001476,TXN0000498,PROD00098,3,66400.0
TI00001477,TXN0000498,PROD00025,3,57900.0
TI00001478,TXN0000498,PROD00110,4,130700.0
TI00001479,TXN0000499,PROD00064,3,1537200.0
TI00001480,TXN0000499,PROD00061,1,8063300.0
TI00001481,TXN0000500,PROD00030,1,10909100.0
TI00001482,TXN0000500,PROD00087,3,86200.0
TI00001483,TXN0000500,PROD00044,1,2984700.0
TI00001484,TXN0000501,PROD00069,1,145200.0
TI00001485,TXN0000501,PROD00006,3,1710300.0
TI00001486,TXN0000501,PROD00179,4,1206500.0
TI00001487,TXN0000501,PROD00121,4,190400.0
TI00001488,TXN0000502,PROD00087,3,86200.0
TI00001489,TXN0000502,PROD00128,2,202200.0
TI00001490,TXN0000503,PROD00052,2,58000.0
TI00001491,TXN0000503,PROD00128,3,202200.0
TI00001492,TXN0000503,PROD00163,3,337100.0
TI00001493,TXN0000503,PROD00020,1,176500.0
TI00001494,TXN0000504,PROD00025,4,57900.0
TI00001495,TXN0000504,PROD00152,4,170900.0
TI00001496,TXN0000504,PROD00087,2,86200.0
TI00001497,TXN0000504,PROD00070,3,191800.0
TI00001498,TXN0000504,PROD00018,1,2056700.0
TI00001499,TXN0000505,PROD00111,3,5440300.0
TI00001500,TXN0000505,PROD00170,2,806200.0
TI00001501,TXN0000505,PROD00139,4,621000.0
TI00001502,TXN0000506,PROD00132,1,6814300.0
TI00001503,TXN0000506,PROD00117,2,188000.0
TI00001504,TXN0000506,PROD00172,4,162600.0
TI00001505,TXN0000506,PROD00141,2,527900.0
TI00001506,TXN0000506,PROD00047,4,165600.0
TI00001507,TXN0000507,PROD00158,2,488300.0
TI00001508,TXN0000507,PROD00112,3,3050100.0
TI00001509,TXN0000507,PROD00145,4,626300.0
TI00001510,TXN0000507,PROD00161,2,231200.0
TI00001511,TXN0000507,PROD00016,2,167400.0
TI00001512,TXN0000508,PROD00017,4,61400.0
TI00001513,TXN0000508,PROD00163,3,337100.0
TI00001514,TXN0000508,PROD00053,3,197800.0
TI00001515,TXN0000509,PROD00104,1,179700.0
TI00001516,TXN0000509,PROD00062,2,83600.0
TI00001517,TXN0000510,PROD00080,4,204100.0
TI00001518,TXN0000510,PROD00119,4,3450500.0
TI00001519,TXN0000511,PROD00041,2,792800.0
TI00001520,TXN0000511,PROD00070,1,191800.0
TI00001521,TXN0000512,PROD00169,1,6358700.0
TI00001522,TXN0000512,PROD00141,4,527900.0
TI00001523,TXN0000512,PROD00046,1,314500.0
TI00001524,TXN0000513,PROD00155,4,277300.0
TI00001525,TXN0000513,PROD00077,3,37900.0
TI00001526,TXN0000513,PROD00017,1,61400.0
TI00001527,TXN0000514,PROD00129,3,67800.0
TI00001528,TXN0000514,PROD00031,4,571800.0
TI00001529,TXN0000514,PROD00134,1,1383900.0
TI00001530,TXN0000514,PROD00171,2,9207400.0
TI00001531,TXN0000514,PROD00149,1,370000.0
TI00001532,TXN0000515,PROD00100,1,546800.0
TI00001533,TXN0000515,PROD00061,2,8063300.0
TI00001534,TXN0000515,PROD00109,2,3001900.0
TI00001535,TXN0000515,PROD00056,3,246400.0
TI00001536,TXN0000515,PROD00037,4,718700.0
TI00001537,TXN0000516,PROD00015,1,327100.0
TI00001538,TXN0000516,PROD00126,3,219500.0
TI00001539,TXN0000516,PROD00137,4,59500.0
TI00001540,TXN0000516,PROD00096,4,366200.0
TI00001541,TXN0000516,PROD00180,2,96700.0
TI00001542,TXN0000517,PROD00095,1,428500.0
TI00001543,TXN0000517,PROD00079,1,31800.0
TI00001544,TXN0000517,PROD00006,2,1710300.0
TI00001545,TXN0000517,PROD00166,3,120600.0
TI00001546,TXN0000518,PROD00164,1,103200.0
TI00001547,TXN0000518,PROD00180,2,96700.0
TI00001548,TXN0000518,PROD00093,4,2689800.0
TI00001549,TXN0000519,PROD00066,3,162000.0
TI00001550,TXN0000519,PROD00078,2,473100.0
TI00001551,TXN0000519,PROD00024,2,595000.0
TI00001552,TXN0000519,PROD00061,4,8063300.0
TI00001553,TXN0000520,PROD00021,4,423700.0
TI00001554,TXN0000520,PROD00126,3,219500.0
TI00001555,TXN0000520,PROD00121,4,190400.0
TI00001556,TXN0000521,PROD00130,4,213000.0
TI00001557,TXN0000521,PROD00017,3,61400.0
TI00001558,TXN0000521,PROD00091,4,17600.0
TI00001559,TXN0000522,PROD00162,2,532200.0
TI00001560,TXN0000522,PROD00114,1,362300.0
TI00001561,TXN0000523,PROD00022,2,1337300.0
TI00001562,TXN0000523,PROD00029,4,747300.0
TI00001563,TXN0000523,PROD00041,3,792800.0
TI00001564,TXN0000523,PROD00064,4,1537200.0
TI00001565,TXN0000523,PROD00133,4,521500.0
TI00001566,TXN0000524,PROD00176,3,168200.0
TI00001567,TXN0000524,PROD00152,3,170900.0
TI00001568,TXN0000525,PROD00097,1,2301200.0
TI00001569,TXN0000525,PROD00147,2,229500.0
TI00001570,TXN0000525,PROD00058,1,1306500.0
TI00001571,TXN0000525,PROD00006,4,1710300.0
TI00001572,TXN0000526,PROD00110,3,130700.0
TI00001573,TXN0000526,PROD00154,2,192800.0
TI00001574,TXN0000526,PROD00067,1,1694500.0
TI00001575,TXN0000526,PROD00039,1,1936200.0
TI00001576,TXN0000526,PROD00023,4,225100.0
TI00001577,TXN0000527,PROD00058,2,1306500.0
TI00001578,TXN0000528,PROD00074,2,99400.0
TI00001579,TXN0000528,PROD00127,4,172600.0
TI00001580,TXN0000528,PROD00098,2,66400.0
TI00001581,TXN0000529,PROD00174,2,71600.0
TI00001582,TXN0000529,PROD00049,4,244600.0
TI00001583,TXN0000529,PROD00108,2,570800.0
TI00001584,TXN0000530,PROD00061,2,8063300.0
TI00001585,TXN0000530,PROD00159,3,3240200.0
TI00001586,TXN0000530,PROD00116,4,561100.0
TI00001587,TXN0000531,PROD00176,3,168200.0
TI00001588,TXN0000531,PROD00055,1,29300.0
TI00001589,TXN0000531,PROD00099,1,497200.0
TI00001590,TXN0000531,PROD00109,1,3001900.0
TI00001591,TXN0000532,PROD00172,4,162600.0
TI00001592,TXN0000532,PROD00154,3,192800.0
TI00001593,TXN0000532,PROD00012,4,744700.0
TI00001594,TXN0000532,PROD00002,3,1365600.0
TI00001595,TXN0000532,PROD00065,2,846500.0
TI00001596,TXN0000533,PROD00046,3,314500.0
TI00001597,TXN0000533,PROD00067,4,1694500.0
TI00001598,TXN0000533,PROD00044,2,2984700.0
TI00001599,TXN0000533,PROD00129,1,67800.0
TI00001600,TXN0000533,PROD00127,3,172600.0
TI00001601,TXN0000534,PROD00067,3,1694500.0
TI00001602,TXN0000534,PROD00030,1,10909100.0
TI00001603,TXN0000535,PROD00093,3,2689800.0
TI00001604,TXN0000535,PROD00111,3,5440300.0
TI00001605,TXN0000535,PROD00073,3,55700.0
TI00001606,TXN0000536,PROD00126,4,219500.0
TI00001607,TXN0000536,PROD00039,1,1936200.0
TI00001608,TXN0000536,PROD00143,2,115300.0
TI00001609,TXN0000537,PROD00067,1,1694500.0
TI00001610,TXN0000537,PROD00042,4,110400.0
TI00001611,TXN0000537,PROD00120,1,283500.0
TI00001612,TXN0000537,PROD00112,4,3050100.0
TI00001613,TXN0000538,PROD00038,1,3280700.0
TI00001614,TXN0000539,PROD00073,2,55700.0
TI00001615,TXN0000539,PROD00047,3,165600.0
TI00001616,TXN0000540,PROD00055,2,29300.0
TI00001617,TXN0000540,PROD00150,4,874600.0
TI00001618,TXN0000540,PROD00002,1,1365600.0
TI00001619,TXN0000540,PROD00135,2,495100.0
TI00001620,TXN0000540,PROD00147,4,229500.0
TI00001621,TXN0000541,PROD00073,1,55700.0
TI00001622,TXN0000542,PROD00028,4,497400.0
TI00001623,TXN0000542,PROD00083,4,6771700.0
TI00001624,TXN0000542,PROD00040,4,3685900.0
TI00001625,TXN0000542,PROD00008,3,86100.0
TI00001626,TXN0000542,PROD00021,1,423700.0
TI00001627,TXN0000543,PROD00034,3,1485900.0
TI00001628,TXN0000543,PROD00055,1,29300.0
TI00001629,TXN0000543,PROD00013,1,1045000.0
TI00001630,TXN0000543,PROD00165,4,242000.0
TI00001631,TXN0000543,PROD00073,1,55700.0
TI00001632,TXN0000544,PROD00023,4,225100.0
TI00001633,TXN0000544,PROD00006,4,1710300.0
TI00001634,TXN0000544,PROD00054,3,1692000.0
TI00001635,TXN0000544,PROD00042,2,110400.0
TI00001636,TXN0000545,PROD00176,3,168200.0
TI00001637,TXN0000545,PROD00155,1,277300.0
TI00001638,TXN0000545,PROD00034,3,1485900.0
TI00001639,TXN0000546,PROD00122,4,2205900.0
TI00001640,TXN0000546,PROD00069,1,145200.0
TI00001641,TXN0000546,PROD00145,4,626300.0
TI00001642,TXN0000546,PROD00154,3,192800.0
TI00001643,TXN0000547,PROD00024,4,595000.0
TI00001644,TXN0000547,PROD00011,2,810900.0
TI00001645,TXN0000547,PROD00132,2,6814300.0
TI00001646,TXN0000547,PROD00088,4,220600.0
TI00001647,TXN0000548,PROD00120,4,283500.0
TI00001648,TXN0000548,PROD00112,3,3050100.0
TI00001649,TXN0000548,PROD00021,2,423700.0
TI00001650,TXN0000549,PROD00134,3,1383900.0
TI00001651,TXN0000549,PROD00110,1,130700.0
TI00001652,TXN0000550,PROD00131,4,2828000.0
TI00001653,TXN0000551,PROD00170,3,806200.0
TI00001654,TXN0000551,PROD00146,1,647500.0
TI00001655,TXN0000551,PROD00065,1,846500.0
TI00001656,TXN0000551,PROD00091,1,17600.0
TI00001657,TXN0000552,PROD00101,1,11745100.0
TI00001658,TXN0000552,PROD00012,4,744700.0
TI00001659,TXN0000553,PROD00117,3,188000.0
TI00001660,TXN0000553,PROD00172,2,162600.0
TI00001661,TXN0000553,PROD00116,2,561100.0
TI00001662,TXN0000553,PROD00160,2,297400.0
TI00001663,TXN0000553,PROD00068,1,189500.0
TI00001664,TXN0000554,PROD00137,1,59500.0
TI00001665,TXN0000554,PROD00005,1,613400.0
TI00001666,TXN0000554,PROD00002,2,1365600.0
TI00001667,TXN0000554,PROD00102,4,171600.0
TI00001668,TXN0000555,PROD00125,4,716900.0
TI00001669,TXN0000555,PROD00078,3,473100.0
TI00001670,TXN0000555,PROD00159,1,3240200.0
TI00001671,TXN0000555,PROD00158,2,488300.0
TI00001672,TXN0000555,PROD00093,2,2689800.0
TI00001673,TXN0000556,PROD00005,2,613400.0
TI00001674,TXN0000557,PROD00167,4,79900.0
TI00001675,TXN0000557,PROD00062,2,83600.0
TI00001676,TXN0000558,PROD00038,1,3280700.0
TI00001677,TXN0000558,PROD00122,2,2205900.0
TI00001678,TXN0000558,PROD00109,2,3001900.0
TI00001679,TXN0000558,PROD00006,4,1710300.0
TI00001680,TXN0000559,PROD00116,2,561100.0
TI00001681,TXN0000560,PROD00027,4,124600.0
TI00001682,TXN0000561,PROD00010,4,675900.0
TI00001683,TXN0000561,PROD00125,4,716900.0
TI00001684,TXN0000561,PROD00103,2,499800.0
TI00001685,TXN0000562,PROD00109,3,3001900.0
TI00001686,TXN0000563,PROD00122,3,2205900.0
TI00001687,TXN0000563,PROD00030,4,10909100.0
TI00001688,TXN0000563,PROD00127,4,172600.0
TI00001689,TXN0000563,PROD00160,1,297400.0
TI00001690,TXN0000564,PROD00060,3,218600.0
TI00001691,TXN0000564,PROD00130,4,213000.0
TI00001692,TXN0000564,PROD00057,2,2101600.0
TI00001693,TXN0000564,PROD00151,3,116700.0
TI00001694,TXN0000565,PROD00121,2,190400.0
TI00001695,TXN0000565,PROD00042,3,110400.0
TI00001696,TXN0000565,PROD00160,1,297400.0
TI00001697,TXN0000566,PROD00052,4,58000.0
TI00001698,TXN0000566,PROD00041,1,792800.0
TI00001699,TXN0000567,PROD00061,1,8063300.0
TI00001700,TXN0000567,PROD00054,1,1692000.0
TI00001701,TXN0000567,PROD00143,3,115300.0
TI00001702,TXN0000568,PROD00045,1,75500.0
TI00001703,TXN0000568,PROD00129,1,67800.0
TI00001704,TXN0000569,PROD00058,1,1306500.0
TI00001705,TXN0000569,PROD00125,3,716900.0
TI00001706,TXN0000569,PROD00067,2,1694500.0
TI00001707,TXN0000569,PROD00088,1,220600.0
TI00001708,TXN0000569,PROD00091,1,17600.0
TI00001709,TXN0000570,PROD00028,1,497400.0
TI00001710,TXN0000571,PROD00043,1,223400.0
TI00001711,TXN0000572,PROD00114,1,362300.0
TI00001712,TXN0000572,PROD00130,2,213000.0
TI00001713,TXN0000572,PROD00128,3,202200.0
TI00001714,TXN0000573,PROD00107,3,75800.0
TI00001715,TXN0000573,PROD00002,3,1365600.0
TI00001716,TXN0000573,PROD00063,2,631600.0
TI00001717,TXN0000573,PROD00122,1,2205900.0
TI00001718,TXN0000574,PROD00039,4,1936200.0
TI00001719,TXN0000574,PROD00136,2,787800.0
TI00001720,TXN0000575,PROD00106,3,610900.0
TI00001721,TXN0000575,PROD00105,1,76100.0
TI00001722,TXN0000575,PROD00118,4,97800.0
TI00001723,TXN0000575,PROD00133,2,521500.0
TI00001724,TXN0000576,PROD00022,3,1337300.0
TI00001725,TXN0000577,PROD00010,1,675900.0
TI00001726,TXN0000577,PROD00170,3,806200.0
TI00001727,TXN0000577,PROD00165,4,242000.0
TI00001728,TXN0000577,PROD00039,4,1936200.0
TI00001729,TXN0000578,PROD00089,2,11224800.0
TI00001730,TXN0000578,PROD00003,4,623300.0
TI00001731,TXN0000578,PROD00072,4,470400.0
TI00001732,TXN0000579,PROD00159,4,3240200.0
TI00001733,TXN0000579,PROD00167,2,79900.0
TI00001734,TXN0000579,PROD00114,3,362300.0
TI00001735,TXN0000579,PROD00179,1,1206500.0
TI00001736,TXN0000579,PROD00089,1,11224800.0
TI00001737,TXN0000580,PROD00139,3,621000.0
TI00001738,TXN0000580,PROD00073,3,55700.0
TI00001739,TXN0000580,PROD00055,2,29300.0
TI00001740,TXN0000580,PROD00024,1,595000.0
TI00001741,TXN0000580,PROD00131,1,2828000.0
TI00001742,TXN0000581,PROD00062,1,83600.0
TI00001743,TXN0000581,PROD00078,1,473100.0
TI00001744,TXN0000581,PROD00109,3,3001900.0
TI00001745,TXN0000582,PROD00091,3,17600.0
TI00001746,TXN0000582,PROD00032,1,359500.0
TI00001747,TXN0000582,PROD00013,4,1045000.0
TI00001748,TXN0000582,PROD00167,3,79900.0
TI00001749,TXN0000582,PROD00115,2,1810600.0
TI00001750,TXN0000583,PROD00153,2,121800.0
TI00001751,TXN0000583,PROD00060,4,218600.0
TI00001752,TXN0000583,PROD00090,2,838900.0
TI00001753,TXN0000583,PROD00077,1,37900.0
TI00001754,TXN0000583,PROD00073,3,55700.0
TI00001755,TXN0000584,PROD00093,1,2689800.0
TI00001756,TXN0000584,PROD00117,2,188000.0
TI00001757,TXN0000585,PROD00016,4,167400.0
TI00001758,TXN0000586,PROD00020,4,176500.0
TI00001759,TXN0000586,PROD00095,4,428500.0
TI00001760,TXN0000586,PROD00174,3,71600.0
TI00001761,TXN0000586,PROD00135,4,495100.0
TI00001762,TXN0000587,PROD00107,2,75800.0
TI00001763,TXN0000587,PROD00042,4,110400.0
TI00001764,TXN0000587,PROD00037,4,718700.0
TI00001765,TXN0000587,PROD00130,2,213000.0
TI00001766,TXN0000588,PROD00178,2,55100.0
TI00001767,TXN0000589,PROD00095,1,428500.0
TI00001768,TXN0000589,PROD00031,3,571800.0
TI00001769,TXN0000589,PROD00155,3,277300.0
TI00001770,TXN0000589,PROD00105,1,76100.0
TI00001771,TXN0000589,PROD00029,2,747300.0
TI00001772,TXN0000590,PROD00096,4,366200.0
TI00001773,TXN0000590,PROD00078,1,473100.0
TI00001774,TXN0000590,PROD00076,2,609300.0
TI00001775,TXN0000591,PROD00079,3,31800.0
TI00001776,TXN0000592,PROD00090,3,838900.0
TI00001777,TXN0000592,PROD00018,4,2056700.0
TI00001778,TXN0000592,PROD00012,3,744700.0
TI00001779,TXN0000592,PROD00107,4,75800.0
TI00001780,TXN0000592,PROD00124,4,11671600.0
TI00001781,TXN0000593,PROD00163,2,337100.0
TI00001782,TXN0000593,PROD00118,3,97800.0
TI00001783,TXN0000593,PROD00116,1,561100.0
TI00001784,TXN0000593,PROD00171,4,9207400.0
TI00001785,TXN0000593,PROD00115,4,1810600.0
TI00001786,TXN0000594,PROD00172,4,162600.0
TI00001787,TXN0000595,PROD00007,3,456400.0
TI00001788,TXN0000595,PROD00147,1,229500.0
TI00001789,TXN0000596,PROD00159,1,3240200.0
TI00001790,TXN0000596,PROD00139,2,621000.0
TI00001791,TXN0000597,PROD00169,2,6358700.0
TI00001792,TXN0000598,PROD00063,4,631600.0
TI00001793,TXN0000598,PROD00149,1,370000.0
TI00001794,TXN0000599,PROD00103,4,499800.0
TI00001795,TXN0000599,PROD00151,1,116700.0
TI00001796,TXN0000599,PROD00012,3,744700.0
TI00001797,TXN0000600,PROD00007,3,456400.0
TI00001798,TXN0000600,PROD00136,1,787800.0
TI00001799,TXN0000600,PROD00082,1,435600.0
TI00001800,TXN0000600,PROD00098,1,66400.0
TI00001801,TXN0000601,PROD00037,1,718700.0
TI00001802,TXN0000601,PROD00047,2,165600.0
TI00001803,TXN0000601,PROD00066,3,162000.0
TI00001804,TXN0000602,PROD00084,4,1607800.0
TI00001805,TXN0000602,PROD00047,1,165600.0
TI00001806,TXN0000602,PROD00007,3,456400.0
TI00001807,TXN0000602,PROD00015,2,327100.0
TI00001808,TXN0000602,PROD00077,4,37900.0
TI00001809,TXN0000603,PROD00014,2,2104400.0
TI00001810,TXN0000604,PROD00151,4,116700.0
TI00001811,TXN0000604,PROD00061,1,8063300.0
TI00001812,TXN0000604,PROD00127,3,172600.0
TI00001813,TXN0000604,PROD00131,1,2828000.0
TI00001814,TXN0000604,PROD00130,3,213000.0
TI00001815,TXN0000605,PROD00008,1,86100.0
TI00001816,TXN0000605,PROD00105,3,76100.0
TI00001817,TXN0000605,PROD00163,1,337100.0
TI00001818,TXN0000605,PROD00060,2,218600.0
TI00001819,TXN0000606,PROD00078,4,473100.0
TI00001820,TXN0000606,PROD00146,4,647500.0
TI00001821,TXN0000607,PROD00053,2,197800.0
TI00001822,TXN0000607,PROD00037,4,718700.0
TI00001823,TXN0000607,PROD00096,4,366200.0
TI00001824,TXN0000607,PROD00139,1,621000.0
TI00001825,TXN0000607,PROD00044,1,2984700.0
TI00001826,TXN0000608,PROD00001,4,179800.0
TI00001827,TXN0000608,PROD00016,3,167400.0
TI00001828,TXN0000609,PROD00150,3,874600.0
TI00001829,TXN0000609,PROD00131,1,2828000.0
TI00001830,TXN0000610,PROD00145,1,626300.0
TI00001831,TXN0000610,PROD00018,2,2056700.0
TI00001832,TXN0000610,PROD00077,3,37900.0
TI00001833,TXN0000610,PROD00023,4,225100.0
TI00001834,TXN0000610,PROD00102,2,171600.0
TI00001835,TXN0000611,PROD00163,3,337100.0
TI00001836,TXN0000611,PROD00067,2,1694500.0
TI00001837,TXN0000611,PROD00116,3,561100.0
TI00001838,TXN0000612,PROD00166,4,120600.0
TI00001839,TXN0000612,PROD00001,1,179800.0
TI00001840,TXN0000613,PROD00143,1,115300.0
TI00001841,TXN0000613,PROD00179,1,1206500.0
TI00001842,TXN0000613,PROD00126,1,219500.0
TI00001843,TXN0000613,PROD00101,4,11745100.0
TI00001844,TXN0000614,PROD00154,1,192800.0
TI00001845,TXN0000614,PROD00092,1,198900.0
TI00001846,TXN0000614,PROD00100,4,546800.0
TI00001847,TXN0000614,PROD00046,3,314500.0
TI00001848,TXN0000615,PROD00006,3,1710300.0
TI00001849,TXN0000615,PROD00072,2,470400.0
TI00001850,TXN0000616,PROD00057,3,2101600.0
TI00001851,TXN0000616,PROD00060,1,218600.0
TI00001852,TXN0000616,PROD00127,3,172600.0
TI00001853,TXN0000617,PROD00054,1,1692000.0
TI00001854,TXN0000617,PROD00002,3,1365600.0
TI00001855,TXN0000617,PROD00051,4,752100.0
TI00001856,TXN0000617,PROD00164,2,103200.0
TI00001857,TXN0000617,PROD00102,2,171600.0
TI00001858,TXN0000618,PROD00017,2,61400.0
TI00001859,TXN0000618,PROD00151,1,116700.0
TI00001860,TXN0000619,PROD00059,1,3249400.0
TI00001861,TXN0000619,PROD00134,3,1383900.0
TI00001862,TXN0000619,PROD00071,4,501200.0
TI00001863,TXN0000619,PROD00050,1,134700.0
TI00001864,TXN0000619,PROD00174,4,71600.0
TI00001865,TXN0000620,PROD00105,4,76100.0
TI00001866,TXN0000620,PROD00071,4,501200.0
TI00001867,TXN0000620,PROD00032,3,359500.0
TI00001868,TXN0000620,PROD00175,1,99600.0
TI00001869,TXN0000621,PROD00108,3,570800.0
TI00001870,TXN0000621,PROD00137,1,59500.0
TI00001871,TXN0000621,PROD00115,4,1810600.0
TI00001872,TXN0000622,PROD00058,4,1306500.0
TI00001873,TXN0000623,PROD00043,3,223400.0
TI00001874,TXN0000623,PROD00085,1,262600.0
TI00001875,TXN0000624,PROD00111,3,5440300.0
TI00001876,TXN0000624,PROD00007,3,456400.0
TI00001877,TXN0000624,PROD00152,2,170900.0
TI00001878,TXN0000624,PROD00161,1,231200.0
TI00001879,TXN0000625,PROD00014,2,2104400.0
TI00001880,TXN0000625,PROD00086,1,8987800.0
TI00001881,TXN0000625,PROD00134,4,1383900.0
TI00001882,TXN0000626,PROD00149,1,370000.0
TI00001883,TXN0000626,PROD00032,4,359500.0
TI00001884,TXN0000626,PROD00022,3,1337300.0
TI00001885,TXN0000626,PROD00016,1,167400.0
TI00001886,TXN0000627,PROD00078,4,473100.0
TI00001887,TXN0000628,PROD00098,4,66400.0
TI00001888,TXN0000628,PROD00103,2,499800.0
TI00001889,TXN0000628,PROD00025,1,57900.0
TI00001890,TXN0000629,PROD00159,1,3240200.0
TI00001891,TXN0000629,PROD00026,4,1447900.0
TI00001892,TXN0000629,PROD00087,3,86200.0
TI00001893,TXN0000629,PROD00167,2,79900.0
TI00001894,TXN0000629,PROD00173,1,67500.0
TI00001895,TXN0000630,PROD00164,3,103200.0
TI00001896,TXN0000630,PROD00131,3,2828000.0
TI00001897,TXN0000631,PROD00114,1,362300.0
TI00001898,TXN0000631,PROD00048,2,88700.0
TI00001899,TXN0000631,PROD00063,3,631600.0
TI00001900,TXN0000631,PROD00036,4,11966500.0
TI00001901,TXN0000631,PROD00012,3,744700.0
TI00001902,TXN0000632,PROD00155,3,277300.0
TI00001903,TXN0000632,PROD00088,1,220600.0
TI00001904,TXN0000632,PROD00075,2,382900.0
TI00001905,TXN0000633,PROD00144,2,2659900.0
TI00001906,TXN0000633,PROD00014,2,2104400.0
TI00001907,TXN0000633,PROD00109,1,3001900.0
TI00001908,TXN0000633,PROD00089,3,11224800.0
TI00001909,TXN0000633,PROD00051,2,752100.0
TI00001910,TXN0000634,PROD00154,3,192800.0
TI00001911,TXN0000634,PROD00178,3,55100.0
TI00001912,TXN0000634,PROD00085,4,262600.0
TI00001913,TXN0000634,PROD00149,3,370000.0
TI00001914,TXN0000635,PROD00011,2,810900.0
TI00001915,TXN0000635,PROD00127,2,172600.0
TI00001916,TXN0000635,PROD00057,4,2101600.0
TI00001917,TXN0000635,PROD00001,2,179800.0
TI00001918,TXN0000636,PROD00048,1,88700.0
TI00001919,TXN0000636,PROD00002,3,1365600.0
TI00001920,TXN0000636,PROD00093,1,2689800.0
TI00001921,TXN0000636,PROD00003,1,623300.0
TI00001922,TXN0000637,PROD00093,2,2689800.0
TI00001923,TXN0000637,PROD00012,2,744700.0
TI00001924,TXN0000637,PROD00008,3,86100.0
TI00001925,TXN0000637,PROD00051,2,752100.0
TI00001926,TXN0000637,PROD00073,3,55700.0
TI00001927,TXN0000638,PROD00051,2,752100.0
TI00001928,TXN0000638,PROD00006,3,1710300.0
TI00001929,TXN0000639,PROD00098,1,66400.0
TI00001930,TXN0000639,PROD00168,3,54200.0
TI00001931,TXN0000640,PROD00062,2,83600.0
TI00001932,TXN0000640,PROD00095,4,428500.0
TI00001933,TXN0000640,PROD00096,1,366200.0
TI00001934,TXN0000640,PROD00170,1,806200.0
TI00001935,TXN0000641,PROD00050,4,134700.0
TI00001936,TXN0000641,PROD00137,3,59500.0
TI00001937,TXN0000642,PROD00163,2,337100.0
TI00001938,TXN0000642,PROD00063,3,631600.0
TI00001939,TXN0000642,PROD00012,2,744700.0
TI00001940,TXN0000642,PROD00158,3,488300.0
TI00001941,TXN0000643,PROD00033,4,10971800.0
TI00001942,TXN0000643,PROD00131,2,2828000.0
TI00001943,TXN0000643,PROD00150,1,874600.0
TI00001944,TXN0000644,PROD00043,4,223400.0
TI00001945,TXN0000645,PROD00133,3,521500.0
TI00001946,TXN0000645,PROD00119,4,3450500.0
TI00001947,TXN0000645,PROD00046,4,314500.0
TI00001948,TXN0000645,PROD00083,4,6771700.0
TI00001949,TXN0000646,PROD00164,2,103200.0
TI00001950,TXN0000646,PROD00150,2,874600.0
TI00001951,TXN0000646,PROD00167,2,79900.0
TI00001952,TXN0000646,PROD00010,4,675900.0
TI00001953,TXN0000647,PROD00079,4,31800.0
TI00001954,TXN0000647,PROD00109,2,3001900.0
TI00001955,TXN0000648,PROD00022,3,1337300.0
TI00001956,TXN0000648,PROD00035,2,3271400.0
TI00001957,TXN0000648,PROD00076,1,609300.0
TI00001958,TXN0000648,PROD00114,4,362300.0
TI00001959,TXN0000648,PROD00133,3,521500.0
TI00001960,TXN0000649,PROD00095,4,428500.0
TI00001961,TXN0000649,PROD00128,1,202200.0
TI00001962,TXN0000649,PROD00082,2,435600.0
TI00001963,TXN0000649,PROD00070,4,191800.0
TI00001964,TXN0000650,PROD00092,1,198900.0
TI00001965,TXN0000651,PROD00140,1,10502400.0
TI00001966,TXN0000651,PROD00165,1,242000.0
TI00001967,TXN0000651,PROD00021,1,423700.0
TI00001968,TXN0000651,PROD00071,3,501200.0
TI00001969,TXN0000651,PROD00059,1,3249400.0
TI00001970,TXN0000652,PROD00065,3,846500.0
TI00001971,TXN0000652,PROD00078,2,473100.0
TI00001972,TXN0000652,PROD00175,2,99600.0
TI00001973,TXN0000653,PROD00077,3,37900.0
TI00001974,TXN0000654,PROD00104,4,179700.0
TI00001975,TXN0000654,PROD00149,2,370000.0
TI00001976,TXN0000654,PROD00168,4,54200.0
TI00001977,TXN0000654,PROD00004,2,1254300.0
TI00001978,TXN0000655,PROD00060,4,218600.0
TI00001979,TXN0000655,PROD00133,4,521500.0
TI00001980,TXN0000655,PROD00151,3,116700.0
TI00001981,TXN0000655,PROD00142,1,324600.0
TI00001982,TXN0000656,PROD00054,1,1692000.0
TI00001983,TXN0000656,PROD00113,3,4916800.0
TI00001984,TXN0000656,PROD00116,2,561100.0
TI00001985,TXN0000656,PROD00143,2,115300.0
TI00001986,TXN0000657,PROD00128,3,202200.0
TI00001987,TXN0000658,PROD00177,1,228400.0
TI00001988,TXN0000658,PROD00138,1,57200.0
TI00001989,TXN0000658,PROD00077,2,37900.0
TI00001990,TXN0000658,PROD00084,2,1607800.0
TI00001991,TXN0000659,PROD00156,4,117900.0
TI00001992,TXN0000659,PROD00147,1,229500.0
TI00001993,TXN0000659,PROD00101,4,11745100.0
TI00001994,TXN0000659,PROD00098,2,66400.0
TI00001995,TXN0000659,PROD00053,4,197800.0
TI00001996,TXN0000660,PROD00116,1,561100.0
TI00001997,TXN0000660,PROD00164,2,103200.0
TI00001998,TXN0000660,PROD00078,1,473100.0
TI00001999,TXN0000660,PROD00024,4,595000.0
TI00002000,TXN0000660,PROD00044,1,2984700.0
TI00002001,TXN0000661,PROD00099,3,497200.0
TI00002002,TXN0000662,PROD00169,4,6358700.0
TI00002003,TXN0000662,PROD00135,1,495100.0
TI00002004,TXN0000662,PROD00018,3,2056700.0
TI00002005,TXN0000663,PROD00101,4,11745100.0
TI00002006,TXN0000663,PROD00041,4,792800.0
TI00002007,TXN0000663,PROD00029,1,747300.0
TI00002008,TXN0000663,PROD00034,4,1485900.0
TI00002009,TXN0000664,PROD00080,4,204100.0
TI00002010,TXN0000664,PROD00111,2,5440300.0
TI00002011,TXN0000665,PROD00052,2,58000.0
TI00002012,TXN0000665,PROD00129,1,67800.0
TI00002013,TXN0000665,PROD00176,2,168200.0
TI00002014,TXN0000665,PROD00118,4,97800.0
TI00002015,TXN0000665,PROD00071,1,501200.0
TI00002016,TXN0000666,PROD00146,4,647500.0
TI00002017,TXN0000666,PROD00126,1,219500.0
TI00002018,TXN0000666,PROD00118,1,97800.0
TI00002019,TXN0000667,PROD00101,4,11745100.0
TI00002020,TXN0000667,PROD00157,2,6815900.0
TI00002021,TXN0000667,PROD00045,2,75500.0
TI00002022,TXN0000668,PROD00169,1,6358700.0
TI00002023,TXN0000668,PROD00047,4,165600.0
TI00002024,TXN0000668,PROD00179,1,1206500.0
TI00002025,TXN0000668,PROD00146,2,647500.0
TI00002026,TXN0000669,PROD00075,4,382900.0
TI00002027,TXN0000669,PROD00171,4,9207400.0
TI00002028,TXN0000669,PROD00018,1,2056700.0
TI00002029,TXN0000669,PROD00179,3,1206500.0
TI00002030,TXN0000669,PROD00056,1,246400.0
TI00002031,TXN0000670,PROD00105,3,76100.0
TI00002032,TXN0000670,PROD00116,2,561100.0
TI00002033,TXN0000670,PROD00043,1,223400.0
TI00002034,TXN0000671,PROD00088,1,220600.0
TI00002035,TXN0000671,PROD00103,1,499800.0
TI00002036,TXN0000671,PROD00050,3,134700.0
TI00002037,TXN0000671,PROD00102,1,171600.0
TI00002038,TXN0000672,PROD00125,2,716900.0
TI00002039,TXN0000672,PROD00119,4,3450500.0
TI00002040,TXN0000672,PROD00018,2,2056700.0
TI00002041,TXN0000672,PROD00022,4,1337300.0
TI00002042,TXN0000673,PROD00156,1,117900.0
TI00002043,TXN0000674,PROD00020,1,176500.0
TI00002044,TXN0000674,PROD00172,3,162600.0
TI00002045,TXN0000675,PROD00046,2,314500.0
TI00002046,TXN0000675,PROD00056,4,246400.0
TI00002047,TXN0000675,PROD00009,1,183500.0
TI00002048,TXN0000676,PROD00177,1,228400.0
TI00002049,TXN0000676,PROD00079,1,31800.0
TI00002050,TXN0000676,PROD00114,4,362300.0
TI00002051,TXN0000676,PROD00014,2,2104400.0
TI00002052,TXN0000677,PROD00052,1,58000.0
TI00002053,TXN0000677,PROD00024,4,595000.0
TI00002054,TXN0000678,PROD00050,1,134700.0
TI00002055,TXN0000678,PROD00175,2,99600.0
TI00002056,TXN0000678,PROD00172,1,162600.0
TI00002057,TXN0000679,PROD00107,1,75800.0
TI00002058,TXN0000680,PROD00160,4,297400.0
TI00002059,TXN0000680,PROD00054,4,1692000.0
TI00002060,TXN0000681,PROD00028,3,497400.0
TI00002061,TXN0000681,PROD00092,2,198900.0
TI00002062,TXN0000682,PROD00004,4,1254300.0
TI00002063,TXN0000682,PROD00100,2,546800.0
TI00002064,TXN0000682,PROD00055,1,29300.0
TI00002065,TXN0000683,PROD00095,3,428500.0
TI00002066,TXN0000683,PROD00012,4,744700.0
TI00002067,TXN0000683,PROD00018,1,2056700.0
TI00002068,TXN0000683,PROD00056,2,246400.0
TI00002069,TXN0000683,PROD00106,3,610900.0
TI00002070,TXN0000684,PROD00162,2,532200.0
TI00002071,TXN0000684,PROD00179,3,1206500.0
TI00002072,TXN0000684,PROD00100,2,546800.0
TI00002073,TXN0000685,PROD00018,4,2056700.0
TI00002074,TXN0000685,PROD00086,4,8987800.0
TI00002075,TXN0000685,PROD00005,2,613400.0
TI00002076,TXN0000685,PROD00156,1,117900.0
TI00002077,TXN0000686,PROD00032,1,359500.0
TI00002078,TXN0000686,PROD00080,1,204100.0
TI00002079,TXN0000686,PROD00061,2,8063300.0
TI00002080,TXN0000686,PROD00110,3,130700.0
TI00002081,TXN0000686,PROD00063,4,631600.0
TI00002082,TXN0000687,PROD00061,4,8063300.0
TI00002083,TXN0000688,PROD00082,4,435600.0
TI00002084,TXN0000688,PROD00165,3,242000.0
TI00002085,TXN0000688,PROD00011,1,810900.0
TI00002086,TXN0000689,PROD00063,1,631600.0
TI00002087,TXN0000689,PROD00053,2,197800.0
TI00002088,TXN0000689,PROD00139,2,621000.0
TI00002089,TXN0000690,PROD00047,1,165600.0
TI00002090,TXN0000690,PROD00114,1,362300.0
TI00002091,TXN0000690,PROD00162,4,532200.0
TI00002092,TXN0000691,PROD00033,2,10971800.0
TI00002093,TXN0000691,PROD00024,2,595000.0
TI00002094,TXN0000692,PROD00043,4,223400.0
TI00002095,TXN0000692,PROD00051,2,752100.0
TI00002096,TXN0000692,PROD00063,2,631600.0
TI00002097,TXN0000693,PROD00115,1,1810600.0
TI00002098,TXN0000693,PROD00163,3,337100.0
TI00002099,TXN0000693,PROD00052,4,58000.0
TI00002100,TXN0000693,PROD00070,4,191800.0
TI00002101,TXN0000693,PROD00124,2,11671600.0
TI00002102,TXN0000694,PROD00111,4,5440300.0
TI00002103,TXN0000694,PROD00040,1,3685900.0
TI00002104,TXN0000694,PROD00124,3,11671600.0
TI00002105,TXN0000694,PROD00006,2,1710300.0
TI00002106,TXN0000694,PROD00098,2,66400.0
TI00002107,TXN0000695,PROD00079,4,31800.0
TI00002108,TXN0000695,PROD00117,1,188000.0
TI00002109,TXN0000695,PROD00073,3,55700.0
TI00002110,TXN0000695,PROD00097,2,2301200.0
TI00002111,TXN0000696,PROD00002,3,1365600.0
TI00002112,TXN0000696,PROD00004,4,1254300.0
TI00002113,TXN0000697,PROD00096,1,366200.0
TI00002114,TXN0000697,PROD00099,4,497200.0
TI00002115,TXN0000697,PROD00126,1,219500.0
TI00002116,TXN0000697,PROD00079,1,31800.0
TI00002117,TXN0000698,PROD00050,3,134700.0
TI00002118,TXN0000698,PROD00112,3,3050100.0
TI00002119,TXN0000699,PROD00179,4,1206500.0
TI00002120,TXN0000699,PROD00015,4,327100.0
TI00002121,TXN0000699,PROD00167,2,79900.0
TI00002122,TXN0000700,PROD00093,1,2689800.0
TI00002123,TXN0000701,PROD00117,2,188000.0
TI00002124,TXN0000701,PROD00175,1,99600.0
TI00002125,TXN0000701,PROD00038,1,3280700.0
TI00002126,TXN0000701,PROD00066,1,162000.0
TI00002127,TXN0000701,PROD00064,4,1537200.0
TI00002128,TXN0000702,PROD00043,3,223400.0
TI00002129,TXN0000702,PROD00110,4,130700.0
TI00002130,TXN0000702,PROD00065,3,846500.0
TI00002131,TXN0000702,PROD00178,4,55100.0
TI00002132,TXN0000703,PROD00089,3,11224800.0
TI00002133,TXN0000703,PROD00037,1,718700.0
TI00002134,TXN0000703,PROD00069,2,145200.0
TI00002135,TXN0000703,PROD00054,4,1692000.0
TI00002136,TXN0000703,PROD00102,1,171600.0
TI00002137,TXN0000704,PROD00111,3,5440300.0
TI00002138,TXN0000704,PROD00044,2,2984700.0
TI00002139,TXN0000704,PROD00046,2,314500.0
TI00002140,TXN0000705,PROD00146,1,647500.0
TI00002141,TXN0000705,PROD00055,2,29300.0
TI00002142,TXN0000705,PROD00048,2,88700.0
TI00002143,TXN0000705,PROD00052,3,58000.0
TI00002144,TXN0000706,PROD00028,1,497400.0
TI00002145,TXN0000706,PROD00163,4,337100.0
TI00002146,TXN0000706,PROD00043,1,223400.0
TI00002147,TXN0000706,PROD00021,3,423700.0
TI00002148,TXN0000706,PROD00076,1,609300.0
TI00002149,TXN0000707,PROD00003,1,623300.0
TI00002150,TXN0000708,PROD00011,4,810900.0
TI00002151,TXN0000708,PROD00025,3,57900.0
TI00002152,TXN0000708,PROD00055,4,29300.0
TI00002153,TXN0000708,PROD00134,4,1383900.0
TI00002154,TXN0000708,PROD00002,3,1365600.0
TI00002155,TXN0000709,PROD00175,2,99600.0
TI00002156,TXN0000709,PROD00088,3,220600.0
TI00002157,TXN0000709,PROD00081,4,41700.0
TI00002158,TXN0000710,PROD00085,4,262600.0
TI00002159,TXN0000710,PROD00026,4,1447900.0
TI00002160,TXN0000710,PROD00001,2,179800.0
TI00002161,TXN0000711,PROD00095,4,428500.0
TI00002162,TXN0000711,PROD00116,4,561100.0
TI00002163,TXN0000712,PROD00005,1,613400.0
TI00002164,TXN0000712,PROD00163,3,337100.0
TI00002165,TXN0000712,PROD00093,4,2689800.0
TI00002166,TXN0000713,PROD00157,4,6815900.0
TI00002167,TXN0000713,PROD00021,1,423700.0
TI00002168,TXN0000713,PROD00090,4,838900.0
TI00002169,TXN0000713,PROD00110,3,130700.0
TI00002170,TXN0000714,PROD00130,3,213000.0
TI00002171,TXN0000714,PROD00009,4,183500.0
TI00002172,TXN0000714,PROD00033,2,10971800.0
TI00002173,TXN0000714,PROD00128,4,202200.0
TI00002174,TXN0000714,PROD00023,1,225100.0
TI00002175,TXN0000715,PROD00055,1,29300.0
TI00002176,TXN0000715,PROD00044,1,2984700.0
TI00002177,TXN0000716,PROD00084,3,1607800.0
TI00002178,TXN0000716,PROD00099,2,497200.0
TI00002179,TXN0000717,PROD00172,4,162600.0
TI00002180,TXN0000717,PROD00032,1,359500.0
TI00002181,TXN0000717,PROD00171,3,9207400.0
TI00002182,TXN0000717,PROD00035,2,3271400.0
TI00002183,TXN0000718,PROD00098,4,66400.0
TI00002184,TXN0000718,PROD00168,2,54200.0
TI00002185,TXN0000718,PROD00165,2,242000.0
TI00002186,TXN0000718,PROD00144,3,2659900.0
TI00002187,TXN0000719,PROD00152,3,170900.0
TI00002188,TXN0000719,PROD00049,2,244600.0
TI00002189,TXN0000719,PROD00030,3,10909100.0
TI00002190,TXN0000720,PROD00080,1,204100.0
TI00002191,TXN0000721,PROD00109,2,3001900.0
TI00002192,TXN0000721,PROD00082,2,435600.0
TI00002193,TXN0000721,PROD00094,1,365200.0
TI00002194,TXN0000721,PROD00174,4,71600.0
TI00002195,TXN0000722,PROD00057,4,2101600.0
TI00002196,TXN0000722,PROD00128,2,202200.0
TI00002197,TXN0000722,PROD00175,3,99600.0
TI00002198,TXN0000723,PROD00177,2,228400.0
TI00002199,TXN0000723,PROD00032,4,359500.0
TI00002200,TXN0000723,PROD00071,3,501200.0
TI00002201,TXN0000723,PROD00147,4,229500.0
TI00002202,TXN0000723,PROD00123,1,520300.0
TI00002203,TXN0000724,PROD00058,1,1306500.0
TI00002204,TXN0000724,PROD00180,2,96700.0
TI00002205,TXN0000725,PROD00006,4,1710300.0
TI00002206,TXN0000725,PROD00141,3,527900.0
TI00002207,TXN0000726,PROD00101,3,11745100.0
TI00002208,TXN0000726,PROD00019,3,353800.0
TI00002209,TXN0000726,PROD00136,2,787800.0
TI00002210,TXN0000727,PROD00034,3,1485900.0
TI00002211,TXN0000728,PROD00118,2,97800.0
TI00002212,TXN0000728,PROD00168,4,54200.0
TI00002213,TXN0000728,PROD00042,4,110400.0
TI00002214,TXN0000729,PROD00056,1,246400.0
TI00002215,TXN0000729,PROD00051,3,752100.0
TI00002216,TXN0000730,PROD00097,2,2301200.0
TI00002217,TXN0000730,PROD00110,1,130700.0
TI00002218,TXN0000731,PROD00046,3,314500.0
TI00002219,TXN0000731,PROD00014,4,2104400.0
TI00002220,TXN0000731,PROD00031,2,571800.0
TI00002221,TXN0000731,PROD00132,4,6814300.0
TI00002222,TXN0000732,PROD00078,4,473100.0
TI00002223,TXN0000732,PROD00177,1,228400.0
TI00002224,TXN0000732,PROD00153,4,121800.0
TI00002225,TXN0000732,PROD00045,4,75500.0
TI00002226,TXN0000733,PROD00095,1,428500.0
TI00002227,TXN0000733,PROD00003,1,623300.0
TI00002228,TXN0000733,PROD00031,4,571800.0
TI00002229,TXN0000733,PROD00030,2,10909100.0
TI00002230,TXN0000734,PROD00147,2,229500.0
TI00002231,TXN0000734,PROD00123,4,520300.0
TI00002232,TXN0000734,PROD00071,4,501200.0
TI00002233,TXN0000734,PROD00178,4,55100.0
TI00002234,TXN0000734,PROD00025,3,57900.0
TI00002235,TXN0000735,PROD00138,2,57200.0
TI00002236,TXN0000736,PROD00101,4,11745100.0
TI00002237,TXN0000737,PROD00138,1,57200.0
TI00002238,TXN0000737,PROD00167,2,79900.0
TI00002239,TXN0000737,PROD00032,2,359500.0
TI00002240,TXN0000737,PROD00054,1,1692000.0
TI00002241,TXN0000737,PROD00169,4,6358700.0
TI00002242,TXN0000738,PROD00033,2,10971800.0
TI00002243,TXN0000739,PROD00066,3,162000.0
TI00002244,TXN0000739,PROD00009,3,183500.0
TI00002245,TXN0000739,PROD00022,2,1337300.0
TI00002246,TXN0000739,PROD00032,4,359500.0
TI00002247,TXN0000739,PROD00130,1,213000.0
TI00002248,TXN0000740,PROD00133,3,521500.0
TI00002249,TXN0000741,PROD00126,2,219500.0
TI00002250,TXN0000741,PROD00178,1,55100.0
TI00002251,TXN0000741,PROD00081,1,41700.0
TI00002252,TXN0000741,PROD00134,2,1383900.0
TI00002253,TXN0000741,PROD00091,1,17600.0
TI00002254,TXN0000742,PROD00142,2,324600.0
TI00002255,TXN0000742,PROD00056,4,246400.0
TI00002256,TXN0000742,PROD00152,1,170900.0
TI00002257,TXN0000742,PROD00092,3,198900.0
TI00002258,TXN0000742,PROD00072,3,470400.0
TI00002259,TXN0000743,PROD00103,1,499800.0
TI00002260,TXN0000743,PROD00117,3,188000.0
TI00002261,TXN0000744,PROD00138,1,57200.0
TI00002262,TXN0000744,PROD00053,3,197800.0
TI00002263,TXN0000745,PROD00145,2,626300.0
TI00002264,TXN0000745,PROD00169,4,6358700.0
TI00002265,TXN0000745,PROD00166,2,120600.0
TI00002266,TXN0000746,PROD00007,3,456400.0
TI00002267,TXN0000746,PROD00155,1,277300.0
TI00002268,TXN0000746,PROD00064,1,1537200.0
TI00002269,TXN0000746,PROD00020,4,176500.0
TI00002270,TXN0000747,PROD00093,3,2689800.0
TI00002271,TXN0000748,PROD00003,2,623300.0
TI00002272,TXN0000748,PROD00026,4,1447900.0
TI00002273,TXN0000748,PROD00097,1,2301200.0
TI00002274,TXN0000749,PROD00079,3,31800.0
TI00002275,TXN0000749,PROD00151,3,116700.0
TI00002276,TXN0000749,PROD00126,3,219500.0
TI00002277,TXN0000749,PROD00025,1,57900.0
TI00002278,TXN0000749,PROD00136,1,787800.0
TI00002279,TXN0000750,PROD00142,2,324600.0
TI00002280,TXN0000750,PROD00153,3,121800.0
TI00002281,TXN0000750,PROD00104,1,179700.0
TI00002282,TXN0000750,PROD00123,2,520300.0
TI00002283,TXN0000750,PROD00152,2,170900.0
TI00002284,TXN0000751,PROD00069,4,145200.0
TI00002285,TXN0000751,PROD00014,4,2104400.0
TI00002286,TXN0000751,PROD00164,2,103200.0
TI00002287,TXN0000751,PROD00095,4,428500.0
TI00002288,TXN0000751,PROD00064,3,1537200.0
TI00002289,TXN0000752,PROD00071,2,501200.0
TI00002290,TXN0000752,PROD00110,3,130700.0
TI00002291,TXN0000752,PROD00134,1,1383900.0
TI00002292,TXN0000753,PROD00163,1,337100.0
TI00002293,TXN0000754,PROD00015,1,327100.0
TI00002294,TXN0000754,PROD00022,4,1337300.0
TI00002295,TXN0000754,PROD00074,2,99400.0
TI00002296,TXN0000754,PROD00142,4,324600.0
TI00002297,TXN0000754,PROD00127,4,172600.0
TI00002298,TXN0000755,PROD00104,1,179700.0
TI00002299,TXN0000756,PROD00089,1,11224800.0
TI00002300,TXN0000756,PROD00063,4,631600.0
TI00002301,TXN0000756,PROD00170,2,806200.0
TI00002302,TXN0000756,PROD00136,2,787800.0
TI00002303,TXN0000756,PROD00176,2,168200.0
TI00002304,TXN0000757,PROD00132,1,6814300.0
TI00002305,TXN0000757,PROD00091,4,17600.0
TI00002306,TXN0000758,PROD00096,3,366200.0
TI00002307,TXN0000758,PROD00029,2,747300.0
TI00002308,TXN0000759,PROD00124,2,11671600.0
TI00002309,TXN0000759,PROD00076,1,609300.0
TI00002310,TXN0000759,PROD00068,4,189500.0
TI00002311,TXN0000760,PROD00010,3,675900.0
TI00002312,TXN0000760,PROD00119,1,3450500.0
TI00002313,TXN0000760,PROD00159,4,3240200.0
TI00002314,TXN0000760,PROD00125,3,716900.0
TI00002315,TXN0000760,PROD00015,3,327100.0
TI00002316,TXN0000761,PROD00090,2,838900.0
TI00002317,TXN0000762,PROD00026,4,1447900.0
TI00002318,TXN0000763,PROD00136,2,787800.0
TI00002319,TXN0000764,PROD00002,2,1365600.0
TI00002320,TXN0000764,PROD00040,4,3685900.0
TI00002321,TXN0000764,PROD00169,4,6358700.0
TI00002322,TXN0000764,PROD00065,3,846500.0
TI00002323,TXN0000765,PROD00047,4,165600.0
TI00002324,TXN0000765,PROD00138,4,57200.0
TI00002325,TXN0000765,PROD00069,2,145200.0
TI00002326,TXN0000765,PROD00028,2,497400.0
TI00002327,TXN0000766,PROD00029,3,747300.0
TI00002328,TXN0000766,PROD00049,1,244600.0
TI00002329,TXN0000767,PROD00085,2,262600.0
TI00002330,TXN0000767,PROD00009,4,183500.0
TI00002331,TXN0000767,PROD00042,3,110400.0
TI00002332,TXN0000767,PROD00171,1,9207400.0
TI00002333,TXN0000768,PROD00084,4,1607800.0
TI00002334,TXN0000768,PROD00103,2,499800.0
TI00002335,TXN0000769,PROD00089,1,11224800.0
TI00002336,TXN0000769,PROD00129,2,67800.0
TI00002337,TXN0000770,PROD00153,3,121800.0
TI00002338,TXN0000770,PROD00003,3,623300.0
TI00002339,TXN0000770,PROD00112,4,3050100.0
TI00002340,TXN0000770,PROD00123,1,520300.0
TI00002341,TXN0000771,PROD00040,1,3685900.0
TI00002342,TXN0000771,PROD00131,3,2828000.0
TI00002343,TXN0000771,PROD00048,2,88700.0
TI00002344,TXN0000771,PROD00064,4,1537200.0
TI00002345,TXN0000771,PROD00072,2,470400.0
TI00002346,TXN0000772,PROD00157,2,6815900.0
TI00002347,TXN0000772,PROD00047,2,165600.0
TI00002348,TXN0000772,PROD00049,1,244600.0
TI00002349,TXN0000772,PROD00152,2,170900.0
TI00002350,TXN0000772,PROD00162,4,532200.0
TI00002351,TXN0000773,PROD00038,1,3280700.0
TI00002352,TXN0000773,PROD00110,2,130700.0
TI00002353,TXN0000774,PROD00105,2,76100.0
TI00002354,TXN0000774,PROD00135,2,495100.0
TI00002355,TXN0000774,PROD00079,3,31800.0
TI00002356,TXN0000774,PROD00180,4,96700.0
TI00002357,TXN0000775,PROD00078,1,473100.0
TI00002358,TXN0000776,PROD00064,1,1537200.0
TI00002359,TXN0000776,PROD00082,1,435600.0
TI00002360,TXN0000776,PROD00013,1,1045000.0
TI00002361,TXN0000776,PROD00047,3,165600.0
TI00002362,TXN0000777,PROD00072,2,470400.0
TI00002363,TXN0000777,PROD00156,3,117900.0
TI00002364,TXN0000777,PROD00026,4,1447900.0
TI00002365,TXN0000777,PROD00111,3,5440300.0
TI00002366,TXN0000778,PROD00034,3,1485900.0
TI00002367,TXN0000778,PROD00085,2,262600.0
TI00002368,TXN0000778,PROD00093,3,2689800.0
TI00002369,TXN0000778,PROD00151,2,116700.0
TI00002370,TXN0000778,PROD00136,4,787800.0
TI00002371,TXN0000779,PROD00162,1,532200.0
TI00002372,TXN0000779,PROD00155,1,277300.0
TI00002373,TXN0000780,PROD00026,3,1447900.0
TI00002374,TXN0000780,PROD00020,3,176500.0
TI00002375,TXN0000780,PROD00140,4,10502400.0
TI00002376,TXN0000780,PROD00159,2,3240200.0
TI00002377,TXN0000781,PROD00033,2,10971800.0
TI00002378,TXN0000782,PROD00089,4,11224800.0
TI00002379,TXN0000782,PROD00094,1,365200.0
TI00002380,TXN0000782,PROD00115,4,1810600.0
TI00002381,TXN0000782,PROD00162,4,532200.0
TI00002382,TXN0000782,PROD00031,1,571800.0
TI00002383,TXN0000783,PROD00075,1,382900.0
TI00002384,TXN0000783,PROD00012,2,744700.0
TI00002385,TXN0000784,PROD00132,4,6814300.0
TI00002386,TXN0000784,PROD00020,4,176500.0
TI00002387,TXN0000784,PROD00043,4,223400.0
TI00002388,TXN0000784,PROD00113,3,4916800.0
TI00002389,TXN0000784,PROD00131,2,2828000.0
TI00002390,TXN0000785,PROD00147,1,229500.0
TI00002391,TXN0000785,PROD00056,4,246400.0
TI00002392,TXN0000786,PROD00078,3,473100.0
TI00002393,TXN0000786,PROD00057,1,2101600.0
TI00002394,TXN0000786,PROD00076,2,609300.0
TI00002395,TXN0000787,PROD00061,3,8063300.0
TI00002396,TXN0000787,PROD00075,2,382900.0
TI00002397,TXN0000787,PROD00011,3,810900.0
TI00002398,TXN0000787,PROD00164,1,103200.0
TI00002399,TXN0000787,PROD00038,2,3280700.0
TI00002400,TXN0000788,PROD00001,3,179800.0
TI00002401,TXN0000789,PROD00141,3,527900.0
TI00002402,TXN0000790,PROD00076,3,609300.0
TI00002403,TXN0000790,PROD00084,2,1607800.0
TI00002404,TXN0000790,PROD00015,3,327100.0
TI00002405,TXN0000790,PROD00161,2,231200.0
TI00002406,TXN0000790,PROD00003,3,623300.0
TI00002407,TXN0000791,PROD00028,2,497400.0
TI00002408,TXN0000791,PROD00177,4,228400.0
TI00002409,TXN0000791,PROD00098,2,66400.0
TI00002410,TXN0000791,PROD00168,3,54200.0
TI00002411,TXN0000791,PROD00066,3,162000.0
TI00002412,TXN0000792,PROD00112,2,3050100.0
TI00002413,TXN0000792,PROD00095,4,428500.0
TI00002414,TXN0000793,PROD00118,2,97800.0
TI00002415,TXN0000793,PROD00048,2,88700.0
TI00002416,TXN0000794,PROD00166,1,120600.0
TI00002417,TXN0000794,PROD00073,3,55700.0
TI00002418,TXN0000795,PROD00176,2,168200.0
TI00002419,TXN0000795,PROD00156,1,117900.0
TI00002420,TXN0000795,PROD00049,4,244600.0
TI00002421,TXN0000795,PROD00018,2,2056700.0
TI00002422,TXN0000796,PROD00036,4,11966500.0
TI00002423,TXN0000796,PROD00004,1,1254300.0
TI00002424,TXN0000796,PROD00155,1,277300.0
TI00002425,TXN0000796,PROD00026,1,1447900.0
TI00002426,TXN0000796,PROD00097,1,2301200.0
TI00002427,TXN0000797,PROD00004,1,1254300.0
TI00002428,TXN0000797,PROD00003,2,623300.0
TI00002429,TXN0000797,PROD00028,2,497400.0
TI00002430,TXN0000797,PROD00139,4,621000.0
TI00002431,TXN0000797,PROD00087,4,86200.0
TI00002432,TXN0000798,PROD00040,3,3685900.0
TI00002433,TXN0000798,PROD00063,1,631600.0
TI00002434,TXN0000798,PROD00015,1,327100.0
TI00002435,TXN0000798,PROD00140,1,10502400.0
TI00002436,TXN0000799,PROD00037,2,718700.0
TI00002437,TXN0000799,PROD00001,4,179800.0
TI00002438,TXN0000799,PROD00058,4,1306500.0
TI00002439,TXN0000799,PROD00007,2,456400.0
TI00002440,TXN0000800,PROD00058,1,1306500.0
TI00002441,TXN0000800,PROD00176,4,168200.0
TI00002442,TXN0000800,PROD00099,2,497200.0
TI00002443,TXN0000801,PROD00073,3,55700.0
TI00002444,TXN0000802,PROD00012,2,744700.0
TI00002445,TXN0000803,PROD00086,2,8987800.0
TI00002446,TXN0000803,PROD00154,3,192800.0
TI00002447,TXN0000803,PROD00047,3,165600.0
TI00002448,TXN0000803,PROD00174,3,71600.0
TI00002449,TXN0000803,PROD00109,1,3001900.0
TI00002450,TXN0000804,PROD00001,2,179800.0
TI00002451,TXN0000805,PROD00100,4,546800.0
TI00002452,TXN0000805,PROD00115,1,1810600.0
TI00002453,TXN0000806,PROD00038,2,3280700.0
TI00002454,TXN0000806,PROD00024,2,595000.0
TI00002455,TXN0000806,PROD00083,4,6771700.0
TI00002456,TXN0000807,PROD00155,2,277300.0
TI00002457,TXN0000807,PROD00163,4,337100.0
TI00002458,TXN0000807,PROD00086,4,8987800.0
TI00002459,TXN0000807,PROD00036,4,11966500.0
TI00002460,TXN0000808,PROD00137,1,59500.0
TI00002461,TXN0000808,PROD00138,4,57200.0
TI00002462,TXN0000808,PROD00059,2,3249400.0
TI00002463,TXN0000808,PROD00099,1,497200.0
TI00002464,TXN0000809,PROD00093,4,2689800.0
TI00002465,TXN0000810,PROD00093,4,2689800.0
TI00002466,TXN0000810,PROD00036,2,11966500.0
TI00002467,TXN0000810,PROD00076,4,609300.0
TI00002468,TXN0000811,PROD00015,1,327100.0
TI00002469,TXN0000811,PROD00036,2,11966500.0
TI00002470,TXN0000812,PROD00180,1,96700.0
TI00002471,TXN0000813,PROD00041,1,792800.0
TI00002472,TXN0000813,PROD00008,2,86100.0
TI00002473,TXN0000813,PROD00038,1,3280700.0
TI00002474,TXN0000813,PROD00094,1,365200.0
TI00002475,TXN0000813,PROD00037,4,718700.0
TI00002476,TXN0000814,PROD00121,3,190400.0
TI00002477,TXN0000814,PROD00036,4,11966500.0
TI00002478,TXN0000815,PROD00114,1,362300.0
TI00002479,TXN0000815,PROD00166,3,120600.0
TI00002480,TXN0000815,PROD00178,1,55100.0
TI00002481,TXN0000816,PROD00155,2,277300.0
TI00002482,TXN0000817,PROD00175,3,99600.0
TI00002483,TXN0000817,PROD00117,2,188000.0
TI00002484,TXN0000817,PROD00142,4,324600.0
TI00002485,TXN0000817,PROD00067,2,1694500.0
TI00002486,TXN0000818,PROD00097,1,2301200.0
TI00002487,TXN0000818,PROD00033,2,10971800.0
TI00002488,TXN0000818,PROD00055,4,29300.0
TI00002489,TXN0000818,PROD00103,2,499800.0
TI00002490,TXN0000818,PROD00159,1,3240200.0
TI00002491,TXN0000819,PROD00168,4,54200.0
TI00002492,TXN0000819,PROD00165,2,242000.0
TI00002493,TXN0000819,PROD00104,1,179700.0
TI00002494,TXN0000820,PROD00050,1,134700.0
TI00002495,TXN0000820,PROD00070,3,191800.0
TI00002496,TXN0000820,PROD00028,3,497400.0
TI00002497,TXN0000820,PROD00027,1,124600.0
TI00002498,TXN0000821,PROD00139,1,621000.0
TI00002499,TXN0000821,PROD00028,2,497400.0
TI00002500,TXN0000822,PROD00052,1,58000.0
TI00002501,TXN0000822,PROD00164,1,103200.0
TI00002502,TXN0000822,PROD00009,4,183500.0
TI00002503,TXN0000822,PROD00062,1,83600.0
TI00002504,TXN0000822,PROD00069,1,145200.0
TI00002505,TXN0000823,PROD00073,2,55700.0
TI00002506,TXN0000823,PROD00102,3,171600.0
TI00002507,TXN0000823,PROD00129,4,67800.0
TI00002508,TXN0000824,PROD00085,4,262600.0
TI00002509,TXN0000825,PROD00039,1,1936200.0
TI00002510,TXN0000825,PROD00007,3,456400.0
TI00002511,TXN0000825,PROD00151,2,116700.0
TI00002512,TXN0000825,PROD00098,2,66400.0
TI00002513,TXN0000825,PROD00123,4,520300.0
TI00002514,TXN0000826,PROD00060,2,218600.0
TI00002515,TXN0000827,PROD00133,4,521500.0
TI00002516,TXN0000827,PROD00156,2,117900.0
TI00002517,TXN0000827,PROD00167,3,79900.0
TI00002518,TXN0000827,PROD00134,3,1383900.0
TI00002519,TXN0000827,PROD00088,3,220600.0
TI00002520,TXN0000828,PROD00062,1,83600.0
TI00002521,TXN0000828,PROD00054,2,1692000.0
TI00002522,TXN0000828,PROD00157,4,6815900.0
TI00002523,TXN0000828,PROD00156,1,117900.0
TI00002524,TXN0000829,PROD00141,1,527900.0
TI00002525,TXN0000829,PROD00023,4,225100.0
TI00002526,TXN0000829,PROD00128,3,202200.0
TI00002527,TXN0000830,PROD00018,3,2056700.0
TI00002528,TXN0000830,PROD00072,3,470400.0
TI00002529,TXN0000831,PROD00118,4,97800.0
TI00002530,TXN0000831,PROD00067,3,1694500.0
TI00002531,TXN0000832,PROD00146,4,647500.0
TI00002532,TXN0000833,PROD00175,3,99600.0
TI00002533,TXN0000833,PROD00034,3,1485900.0
TI00002534,TXN0000833,PROD00113,1,4916800.0
TI00002535,TXN0000833,PROD00094,4,365200.0
TI00002536,TXN0000833,PROD00132,4,6814300.0
TI00002537,TXN0000834,PROD00003,2,623300.0
TI00002538,TXN0000834,PROD00040,4,3685900.0
TI00002539,TXN0000834,PROD00027,1,124600.0
TI00002540,TXN0000834,PROD00075,2,382900.0
TI00002541,TXN0000834,PROD00097,4,2301200.0
TI00002542,TXN0000835,PROD00120,1,283500.0
TI00002543,TXN0000835,PROD00165,2,242000.0
TI00002544,TXN0000835,PROD00137,1,59500.0
TI00002545,TXN0000835,PROD00028,4,497400.0
TI00002546,TXN0000836,PROD00085,4,262600.0
TI00002547,TXN0000836,PROD00017,2,61400.0
TI00002548,TXN0000836,PROD00082,4,435600.0
TI00002549,TXN0000836,PROD00088,1,220600.0
TI00002550,TXN0000837,PROD00038,1,3280700.0
TI00002551,TXN0000837,PROD00164,4,103200.0
TI00002552,TXN0000837,PROD00055,1,29300.0
TI00002553,TXN0000837,PROD00082,3,435600.0
TI00002554,TXN0000838,PROD00014,1,2104400.0
TI00002555,TXN0000838,PROD00055,4,29300.0
TI00002556,TXN0000839,PROD00071,4,501200.0
TI00002557,TXN0000840,PROD00172,2,162600.0
TI00002558,TXN0000840,PROD00067,1,1694500.0
TI00002559,TXN0000841,PROD00088,3,220600.0
TI00002560,TXN0000841,PROD00077,4,37900.0
TI00002561,TXN0000841,PROD00043,4,223400.0
TI00002562,TXN0000841,PROD00051,4,752100.0
TI00002563,TXN0000842,PROD00091,1,17600.0
TI00002564,TXN0000842,PROD00178,2,55100.0
TI00002565,TXN0000842,PROD00147,1,229500.0
TI00002566,TXN0000842,PROD00100,2,546800.0
TI00002567,TXN0000843,PROD00039,4,1936200.0
TI00002568,TXN0000844,PROD00173,4,67500.0
TI00002569,TXN0000845,PROD00164,2,103200.0
TI00002570,TXN0000845,PROD00149,2,370000.0
TI00002571,TXN0000845,PROD00025,4,57900.0
TI00002572,TXN0000845,PROD00010,2,675900.0
TI00002573,TXN0000846,PROD00054,1,1692000.0
TI00002574,TXN0000846,PROD00049,3,244600.0
TI00002575,TXN0000846,PROD00174,3,71600.0
TI00002576,TXN0000847,PROD00129,4,67800.0
TI00002577,TXN0000847,PROD00032,4,359500.0
TI00002578,TXN0000847,PROD00180,4,96700.0
TI00002579,TXN0000848,PROD00139,3,621000.0
TI00002580,TXN0000848,PROD00110,1,130700.0
TI00002581,TXN0000848,PROD00134,2,1383900.0
TI00002582,TXN0000849,PROD00153,3,121800.0
TI00002583,TXN0000849,PROD00042,4,110400.0
TI00002584,TXN0000849,PROD00139,3,621000.0
TI00002585,TXN0000849,PROD00112,1,3050100.0
TI00002586,TXN0000849,PROD00098,1,66400.0
TI00002587,TXN0000850,PROD00158,4,488300.0
TI00002588,TXN0000851,PROD00009,2,183500.0
TI00002589,TXN0000851,PROD00171,4,9207400.0
TI00002590,TXN0000851,PROD00075,4,382900.0
TI00002591,TXN0000851,PROD00108,1,570800.0
TI00002592,TXN0000851,PROD00055,2,29300.0
TI00002593,TXN0000852,PROD00119,4,3450500.0
TI00002594,TXN0000852,PROD00106,1,610900.0
TI00002595,TXN0000852,PROD00166,3,120600.0
TI00002596,TXN0000853,PROD00169,4,6358700.0
TI00002597,TXN0000853,PROD00068,2,189500.0
TI00002598,TXN0000853,PROD00079,1,31800.0
TI00002599,TXN0000854,PROD00007,2,456400.0
TI00002600,TXN0000855,PROD00082,2,435600.0
TI00002601,TXN0000855,PROD00086,4,8987800.0
TI00002602,TXN0000855,PROD00044,2,2984700.0
TI00002603,TXN0000855,PROD00147,4,229500.0
TI00002604,TXN0000855,PROD00111,1,5440300.0
TI00002605,TXN0000856,PROD00163,2,337100.0
TI00002606,TXN0000856,PROD00100,4,546800.0
TI00002607,TXN0000857,PROD00060,1,218600.0
TI00002608,TXN0000857,PROD00026,4,1447900.0
TI00002609,TXN0000857,PROD00033,3,10971800.0
TI00002610,TXN0000857,PROD00130,2,213000.0
TI00002611,TXN0000858,PROD00007,4,456400.0
TI00002612,TXN0000859,PROD00159,1,3240200.0
TI00002613,TXN0000860,PROD00163,2,337100.0
TI00002614,TXN0000860,PROD00162,2,532200.0
TI00002615,TXN0000860,PROD00092,3,198900.0
TI00002616,TXN0000860,PROD00048,2,88700.0
TI00002617,TXN0000861,PROD00067,1,1694500.0
TI00002618,TXN0000861,PROD00169,2,6358700.0
TI00002619,TXN0000861,PROD00014,1,2104400.0
TI00002620,TXN0000861,PROD00071,1,501200.0
TI00002621,TXN0000862,PROD00068,1,189500.0
TI00002622,TXN0000862,PROD00047,4,165600.0
TI00002623,TXN0000862,PROD00024,3,595000.0
TI00002624,TXN0000863,PROD00126,1,219500.0
TI00002625,TXN0000864,PROD00176,4,168200.0
TI00002626,TXN0000864,PROD00108,3,570800.0
TI00002627,TXN0000865,PROD00077,2,37900.0
TI00002628,TXN0000865,PROD00003,1,623300.0
TI00002629,TXN0000866,PROD00124,1,11671600.0
TI00002630,TXN0000866,PROD00158,2,488300.0
TI00002631,TXN0000866,PROD00154,3,192800.0
TI00002632,TXN0000867,PROD00008,2,86100.0
TI00002633,TXN0000867,PROD00138,2,57200.0
TI00002634,TXN0000867,PROD00006,3,1710300.0
TI00002635,TXN0000867,PROD00133,1,521500.0
TI00002636,TXN0000867,PROD00132,2,6814300.0
TI00002637,TXN0000868,PROD00069,4,145200.0
TI00002638,TXN0000868,PROD00071,2,501200.0
TI00002639,TXN0000869,PROD00167,4,79900.0
TI00002640,TXN0000869,PROD00076,2,609300.0
TI00002641,TXN0000869,PROD00120,3,283500.0
TI00002642,TXN0000869,PROD00127,2,172600.0
TI00002643,TXN0000869,PROD00112,2,3050100.0
TI00002644,TXN0000870,PROD00150,3,874600.0
TI00002645,TXN0000871,PROD00109,1,3001900.0
TI00002646,TXN0000871,PROD00153,4,121800.0
TI00002647,TXN0000871,PROD00070,4,191800.0
TI00002648,TXN0000871,PROD00082,2,435600.0
TI00002649,TXN0000872,PROD00116,2,561100.0
TI00002650,TXN0000873,PROD00105,3,76100.0
TI00002651,TXN0000873,PROD00076,4,609300.0
TI00002652,TXN0000873,PROD00155,1,277300.0
TI00002653,TXN0000873,PROD00166,1,120600.0
TI00002654,TXN0000873,PROD00136,2,787800.0
TI00002655,TXN0000874,PROD00092,1,198900.0
TI00002656,TXN0000874,PROD00063,2,631600.0
TI00002657,TXN0000875,PROD00081,1,41700.0
TI00002658,TXN0000875,PROD00032,3,359500.0
TI00002659,TXN0000876,PROD00120,3,283500.0
TI00002660,TXN0000876,PROD00146,2,647500.0
TI00002661,TXN0000877,PROD00073,2,55700.0
TI00002662,TXN0000877,PROD00155,1,277300.0
TI00002663,TXN0000877,PROD00055,3,29300.0
TI00002664,TXN0000877,PROD00135,1,495100.0
TI00002665,TXN0000878,PROD00175,2,99600.0
TI00002666,TXN0000878,PROD00112,1,3050100.0
TI00002667,TXN0000878,PROD00082,4,435600.0
TI00002668,TXN0000878,PROD00051,4,752100.0
TI00002669,TXN0000879,PROD00031,3,571800.0
TI00002670,TXN0000879,PROD00032,4,359500.0
TI00002671,TXN0000879,PROD00116,2,561100.0
TI00002672,TXN0000879,PROD00044,1,2984700.0
TI00002673,TXN0000880,PROD00002,1,1365600.0
TI00002674,TXN0000880,PROD00119,1,3450500.0
TI00002675,TXN0000880,PROD00073,3,55700.0
TI00002676,TXN0000880,PROD00034,1,1485900.0
TI00002677,TXN0000880,PROD00104,1,179700.0
TI00002678,TXN0000881,PROD00082,1,435600.0
TI00002679,TXN0000881,PROD00089,3,11224800.0
TI00002680,TXN0000881,PROD00103,4,499800.0
TI00002681,TXN0000882,PROD00179,1,1206500.0
TI00002682,TXN0000882,PROD00117,3,188000.0
TI00002683,TXN0000882,PROD00127,1,172600.0
TI00002684,TXN0000883,PROD00083,4,6771700.0
TI00002685,TXN0000884,PROD00138,1,57200.0
TI00002686,TXN0000884,PROD00002,3,1365600.0
TI00002687,TXN0000884,PROD00177,1,228400.0
TI00002688,TXN0000885,PROD00177,3,228400.0
TI00002689,TXN0000885,PROD00157,2,6815900.0
TI00002690,TXN0000885,PROD00098,2,66400.0
TI00002691,TXN0000886,PROD00038,4,3280700.0
TI00002692,TXN0000886,PROD00150,1,874600.0
TI00002693,TXN0000886,PROD00106,2,610900.0
TI00002694,TXN0000887,PROD00072,1,470400.0
TI00002695,TXN0000887,PROD00083,3,6771700.0
TI00002696,TXN0000887,PROD00124,3,11671600.0
TI00002697,TXN0000887,PROD00058,1,1306500.0
TI00002698,TXN0000888,PROD00127,1,172600.0
TI00002699,TXN0000889,PROD00120,2,283500.0
TI00002700,TXN0000889,PROD00099,4,497200.0
TI00002701,TXN0000890,PROD00080,2,204100.0
TI00002702,TXN0000890,PROD00117,1,188000.0
TI00002703,TXN0000890,PROD00168,2,54200.0
TI00002704,TXN0000891,PROD00132,3,6814300.0
TI00002705,TXN0000891,PROD00052,4,58000.0
TI00002706,TXN0000891,PROD00103,2,499800.0
TI00002707,TXN0000891,PROD00049,3,244600.0
TI00002708,TXN0000891,PROD00018,1,2056700.0
TI00002709,TXN0000892,PROD00118,2,97800.0
TI00002710,TXN0000893,PROD00170,3,806200.0
TI00002711,TXN0000893,PROD00136,1,787800.0
TI00002712,TXN0000893,PROD00116,1,561100.0
TI00002713,TXN0000893,PROD00091,3,17600.0
TI00002714,TXN0000894,PROD00111,3,5440300.0
TI00002715,TXN0000894,PROD00131,3,2828000.0
TI00002716,TXN0000894,PROD00086,1,8987800.0
TI00002717,TXN0000894,PROD00014,1,2104400.0
TI00002718,TXN0000894,PROD00113,4,4916800.0
TI00002719,TXN0000895,PROD00049,3,244600.0
TI00002720,TXN0000895,PROD00104,4,179700.0
TI00002721,TXN0000895,PROD00046,4,314500.0
TI00002722,TXN0000896,PROD00166,2,120600.0
TI00002723,TXN0000897,PROD00014,1,2104400.0
TI00002724,TXN0000898,PROD00026,4,1447900.0
TI00002725,TXN0000898,PROD00071,4,501200.0
TI00002726,TXN0000898,PROD00058,4,1306500.0
TI00002727,TXN0000898,PROD00159,1,3240200.0
TI00002728,TXN0000898,PROD00180,2,96700.0
TI00002729,TXN0000899,PROD00044,3,2984700.0
TI00002730,TXN0000899,PROD00053,3,197800.0
TI00002731,TXN0000900,PROD00048,4,88700.0
TI00002732,TXN0000901,PROD00044,1,2984700.0
TI00002733,TXN0000901,PROD00081,2,41700.0
TI00002734,TXN0000902,PROD00037,4,718700.0
TI00002735,TXN0000902,PROD00004,3,1254300.0
TI00002736,TXN0000902,PROD00171,1,9207400.0
TI00002737,TXN0000902,PROD00122,2,2205900.0
TI00002738,TXN0000903,PROD00153,3,121800.0
TI00002739,TXN0000904,PROD00064,1,1537200.0
TI00002740,TXN0000904,PROD00121,3,190400.0
TI00002741,TXN0000904,PROD00029,2,747300.0
TI00002742,TXN0000904,PROD00012,2,744700.0
TI00002743,TXN0000905,PROD00086,3,8987800.0
TI00002744,TXN0000905,PROD00116,3,561100.0
TI00002745,TXN0000905,PROD00126,4,219500.0
TI00002746,TXN0000906,PROD00004,4,1254300.0
TI00002747,TXN0000906,PROD00091,1,17600.0
TI00002748,TXN0000906,PROD00078,3,473100.0
TI00002749,TXN0000906,PROD00086,1,8987800.0
TI00002750,TXN0000907,PROD00092,1,198900.0
TI00002751,TXN0000907,PROD00128,2,202200.0
TI00002752,TXN0000908,PROD00093,4,2689800.0
TI00002753,TXN0000908,PROD00053,1,197800.0
TI00002754,TXN0000908,PROD00023,3,225100.0
TI00002755,TXN0000908,PROD00050,4,134700.0
TI00002756,TXN0000909,PROD00174,4,71600.0
TI00002757,TXN0000909,PROD00090,4,838900.0
TI00002758,TXN0000909,PROD00085,3,262600.0
TI00002759,TXN0000910,PROD00157,4,6815900.0
TI00002760,TXN0000910,PROD00032,3,359500.0
TI00002761,TXN0000910,PROD00111,3,5440300.0
TI00002762,TXN0000911,PROD00176,2,168200.0
TI00002763,TXN0000911,PROD00038,3,3280700.0
TI00002764,TXN0000911,PROD00120,2,283500.0
TI00002765,TXN0000911,PROD00175,3,99600.0
TI00002766,TXN0000912,PROD00076,1,609300.0
TI00002767,TXN0000913,PROD00073,1,55700.0
TI00002768,TXN0000913,PROD00152,1,170900.0
TI00002769,TXN0000914,PROD00170,3,806200.0
TI00002770,TXN0000914,PROD00001,2,179800.0
TI00002771,TXN0000914,PROD00013,3,1045000.0
TI00002772,TXN0000915,PROD00040,4,3685900.0
TI00002773,TXN0000915,PROD00023,1,225100.0
TI00002774,TXN0000915,PROD00070,3,191800.0
TI00002775,TXN0000915,PROD00037,2,718700.0
TI00002776,TXN0000915,PROD00051,1,752100.0
TI00002777,TXN0000916,PROD00109,3,3001900.0
TI00002778,TXN0000916,PROD00103,3,499800.0
TI00002779,TXN0000916,PROD00026,2,1447900.0
TI00002780,TXN0000916,PROD00067,4,1694500.0
TI00002781,TXN0000917,PROD00065,4,846500.0
TI00002782,TXN0000917,PROD00035,2,3271400.0
TI00002783,TXN0000918,PROD00077,4,37900.0
TI00002784,TXN0000919,PROD00036,4,11966500.0
TI00002785,TXN0000920,PROD00091,4,17600.0
TI00002786,TXN0000920,PROD00110,4,130700.0
TI00002787,TXN0000920,PROD00120,1,283500.0
TI00002788,TXN0000920,PROD00108,1,570800.0
TI00002789,TXN0000921,PROD00158,2,488300.0
TI00002790,TXN0000921,PROD00078,3,473100.0
TI00002791,TXN0000922,PROD00104,1,179700.0
TI00002792,TXN0000922,PROD00172,4,162600.0
TI00002793,TXN0000923,PROD00022,1,1337300.0
TI00002794,TXN0000924,PROD00086,1,8987800.0
TI00002795,TXN0000925,PROD00016,1,167400.0
TI00002796,TXN0000925,PROD00032,2,359500.0
TI00002797,TXN0000925,PROD00150,2,874600.0
TI00002798,TXN0000926,PROD00173,2,67500.0
TI00002799,TXN0000926,PROD00164,3,103200.0
TI00002800,TXN0000927,PROD00160,1,297400.0
TI00002801,TXN0000927,PROD00177,1,228400.0
TI00002802,TXN0000927,PROD00052,2,58000.0
TI00002803,TXN0000927,PROD00030,1,10909100.0
TI00002804,TXN0000928,PROD00122,1,2205900.0
TI00002805,TXN0000929,PROD00015,4,327100.0
TI00002806,TXN0000929,PROD00032,2,359500.0
TI00002807,TXN0000929,PROD00077,2,37900.0
TI00002808,TXN0000929,PROD00104,3,179700.0
TI00002809,TXN0000930,PROD00032,2,359500.0
TI00002810,TXN0000930,PROD00111,2,5440300.0
TI00002811,TXN0000930,PROD00038,2,3280700.0
TI00002812,TXN0000930,PROD00163,2,337100.0
TI00002813,TXN0000930,PROD00006,2,1710300.0
TI00002814,TXN0000931,PROD00075,4,382900.0
TI00002815,TXN0000931,PROD00171,3,9207400.0
TI00002816,TXN0000931,PROD00026,3,1447900.0
TI00002817,TXN0000932,PROD00119,4,3450500.0
TI00002818,TXN0000933,PROD00118,4,97800.0
TI00002819,TXN0000933,PROD00031,1,571800.0
TI00002820,TXN0000933,PROD00145,3,626300.0
TI00002821,TXN0000934,PROD00120,3,283500.0
TI00002822,TXN0000934,PROD00118,1,97800.0
TI00002823,TXN0000935,PROD00054,1,1692000.0
TI00002824,TXN0000935,PROD00090,2,838900.0
TI00002825,TXN0000935,PROD00135,2,495100.0
TI00002826,TXN0000935,PROD00100,3,546800.0
TI00002827,TXN0000935,PROD00132,3,6814300.0
TI00002828,TXN0000936,PROD00072,3,470400.0
TI00002829,TXN0000936,PROD00169,4,6358700.0
TI00002830,TXN0000937,PROD00121,3,190400.0
TI00002831,TXN0000937,PROD00156,2,117900.0
TI00002832,TXN0000937,PROD00169,3,6358700.0
TI00002833,TXN0000937,PROD00047,3,165600.0
TI00002834,TXN0000938,PROD00018,2,2056700.0
TI00002835,TXN0000938,PROD00012,1,744700.0
TI00002836,TXN0000938,PROD00008,1,86100.0
TI00002837,TXN0000938,PROD00041,4,792800.0
TI00002838,TXN0000939,PROD00061,2,8063300.0
TI00002839,TXN0000939,PROD00027,4,124600.0
TI00002840,TXN0000940,PROD00157,3,6815900.0
TI00002841,TXN0000941,PROD00114,3,362300.0
TI00002842,TXN0000942,PROD00028,4,497400.0
TI00002843,TXN0000942,PROD00179,2,1206500.0
TI00002844,TXN0000942,PROD00116,2,561100.0
TI00002845,TXN0000943,PROD00052,4,58000.0
TI00002846,TXN0000943,PROD00042,2,110400.0
TI00002847,TXN0000944,PROD00036,1,11966500.0
TI00002848,TXN0000945,PROD00146,2,647500.0
TI00002849,TXN0000945,PROD00140,4,10502400.0
TI00002850,TXN0000945,PROD00019,2,353800.0
TI00002851,TXN0000945,PROD00088,2,220600.0
TI00002852,TXN0000946,PROD00091,1,17600.0
TI00002853,TXN0000946,PROD00092,4,198900.0
TI00002854,TXN0000946,PROD00159,4,3240200.0
TI00002855,TXN0000946,PROD00144,4,2659900.0
TI00002856,TXN0000946,PROD00036,1,11966500.0
TI00002857,TXN0000947,PROD00133,1,521500.0
TI00002858,TXN0000947,PROD00077,1,37900.0
TI00002859,TXN0000948,PROD00154,3,192800.0
TI00002860,TXN0000949,PROD00065,1,846500.0
TI00002861,TXN0000949,PROD00100,2,546800.0
TI00002862,TXN0000949,PROD00092,3,198900.0
TI00002863,TXN0000950,PROD00062,4,83600.0
TI00002864,TXN0000950,PROD00133,1,521500.0
TI00002865,TXN0000950,PROD00157,1,6815900.0
TI00002866,TXN0000950,PROD00129,4,67800.0
TI00002867,TXN0000950,PROD00080,3,204100.0
TI00002868,TXN0000951,PROD00108,3,570800.0
TI00002869,TXN0000951,PROD00067,1,1694500.0
TI00002870,TXN0000951,PROD00052,2,58000.0
TI00002871,TXN0000952,PROD00170,4,806200.0
TI00002872,TXN0000952,PROD00016,1,167400.0
TI00002873,TXN0000952,PROD00061,1,8063300.0
TI00002874,TXN0000953,PROD00154,4,192800.0
TI00002875,TXN0000953,PROD00157,2,6815900.0
TI00002876,TXN0000953,PROD00021,3,423700.0
TI00002877,TXN0000953,PROD00142,1,324600.0
TI00002878,TXN0000954,PROD00130,4,213000.0
TI00002879,TXN0000954,PROD00058,4,1306500.0
TI00002880,TXN0000954,PROD00167,3,79900.0
TI00002881,TXN0000954,PROD00090,2,838900.0
TI00002882,TXN0000955,PROD00137,4,59500.0
TI00002883,TXN0000955,PROD00156,1,117900.0
TI00002884,TXN0000956,PROD00100,4,546800.0
TI00002885,TXN0000957,PROD00141,1,527900.0
TI00002886,TXN0000957,PROD00036,3,11966500.0
TI00002887,TXN0000957,PROD00030,3,10909100.0
TI00002888,TXN0000957,PROD00113,2,4916800.0
TI00002889,TXN0000958,PROD00061,2,8063300.0
TI00002890,TXN0000959,PROD00059,4,3249400.0
TI00002891,TXN0000960,PROD00004,2,1254300.0
TI00002892,TXN0000961,PROD00113,3,4916800.0
TI00002893,TXN0000961,PROD00047,1,165600.0
TI00002894,TXN0000962,PROD00168,4,54200.0
TI00002895,TXN0000962,PROD00063,4,631600.0
TI00002896,TXN0000962,PROD00075,1,382900.0
TI00002897,TXN0000962,PROD00034,1,1485900.0
TI00002898,TXN0000962,PROD00156,1,117900.0
TI00002899,TXN0000963,PROD00114,3,362300.0
TI00002900,TXN0000963,PROD00078,3,473100.0
TI00002901,TXN0000964,PROD00082,1,435600.0
TI00002902,TXN0000964,PROD00179,1,1206500.0
TI00002903,TXN0000964,PROD00139,3,621000.0
TI00002904,TXN0000965,PROD00053,2,197800.0
TI00002905,TXN0000966,PROD00142,3,324600.0
TI00002906,TXN0000966,PROD00054,2,1692000.0
TI00002907,TXN0000966,PROD00032,1,359500.0
TI00002908,TXN0000967,PROD00030,3,10909100.0
TI00002909,TXN0000967,PROD00006,3,1710300.0
TI00002910,TXN0000967,PROD00128,4,202200.0
TI00002911,TXN0000967,PROD00009,3,183500.0
TI00002912,TXN0000968,PROD00157,1,6815900.0
TI00002913,TXN0000968,PROD00099,4,497200.0
TI00002914,TXN0000968,PROD00127,4,172600.0
TI00002915,TXN0000969,PROD00048,1,88700.0
TI00002916,TXN0000969,PROD00169,3,6358700.0
TI00002917,TXN0000969,PROD00111,1,5440300.0
TI00002918,TXN0000969,PROD00137,3,59500.0
TI00002919,TXN0000970,PROD00087,3,86200.0
TI00002920,TXN0000970,PROD00068,4,189500.0
TI00002921,TXN0000970,PROD00152,4,170900.0
TI00002922,TXN0000970,PROD00056,1,246400.0
TI00002923,TXN0000970,PROD00008,1,86100.0
TI00002924,TXN0000971,PROD00137,3,59500.0
TI00002925,TXN0000971,PROD00119,2,3450500.0
TI00002926,TXN0000971,PROD00109,4,3001900.0
TI00002927,TXN0000972,PROD00072,3,470400.0
TI00002928,TXN0000973,PROD00147,3,229500.0
TI00002929,TXN0000973,PROD00102,3,171600.0
TI00002930,TXN0000973,PROD00010,3,675900.0
TI00002931,TXN0000974,PROD00146,3,647500.0
TI00002932,TXN0000974,PROD00170,2,806200.0
TI00002933,TXN0000974,PROD00083,4,6771700.0
TI00002934,TXN0000975,PROD00003,4,623300.0
TI00002935,TXN0000975,PROD00120,2,283500.0
TI00002936,TXN0000975,PROD00010,4,675900.0
TI00002937,TXN0000975,PROD00092,1,198900.0
TI00002938,TXN0000976,PROD00157,1,6815900.0
TI00002939,TXN0000976,PROD00142,4,324600.0
TI00002940,TXN0000976,PROD00081,2,41700.0
TI00002941,TXN0000977,PROD00127,2,172600.0
TI00002942,TXN0000977,PROD00033,2,10971800.0
TI00002943,TXN0000977,PROD00059,1,3249400.0
TI00002944,TXN0000978,PROD00113,2,4916800.0
TI00002945,TXN0000978,PROD00149,1,370000.0
TI00002946,TXN0000978,PROD00082,3,435600.0
TI00002947,TXN0000978,PROD00011,3,810900.0
TI00002948,TXN0000978,PROD00142,1,324600.0
TI00002949,TXN0000979,PROD00154,2,192800.0
TI00002950,TXN0000980,PROD00130,4,213000.0
TI00002951,TXN0000981,PROD00061,2,8063300.0
TI00002952,TXN0000982,PROD00175,4,99600.0
TI00002953,TXN0000982,PROD00107,3,75800.0
TI00002954,TXN0000982,PROD00019,2,353800.0
TI00002955,TXN0000983,PROD00121,1,190400.0
TI00002956,TXN0000983,PROD00076,2,609300.0
TI00002957,TXN0000983,PROD00160,3,297400.0
TI00002958,TXN0000984,PROD00152,1,170900.0
TI00002959,TXN0000984,PROD00007,2,456400.0
TI00002960,TXN0000985,PROD00149,1,370000.0
TI00002961,TXN0000985,PROD00089,2,11224800.0
TI00002962,TXN0000985,PROD00056,4,246400.0
TI00002963,TXN0000985,PROD00097,1,2301200.0
TI00002964,TXN0000985,PROD00150,1,874600.0
TI00002965,TXN0000986,PROD00162,1,532200.0
TI00002966,TXN0000986,PROD00141,4,527900.0
TI00002967,TXN0000986,PROD00108,4,570800.0
TI00002968,TXN0000986,PROD00138,3,57200.0
TI00002969,TXN0000986,PROD00032,3,359500.0
TI00002970,TXN0000987,PROD00076,4,609300.0
TI00002971,TXN0000987,PROD00063,3,631600.0
TI00002972,TXN0000987,PROD00085,1,262600.0
TI00002973,TXN0000987,PROD00093,2,2689800.0
TI00002974,TXN0000987,PROD00060,4,218600.0
TI00002975,TXN0000988,PROD00091,1,17600.0
TI00002976,TXN0000989,PROD00059,2,3249400.0
TI00002977,TXN0000989,PROD00115,4,1810600.0
TI00002978,TXN0000989,PROD00108,2,570800.0
TI00002979,TXN0000989,PROD00146,3,647500.0
TI00002980,TXN0000989,PROD00033,3,10971800.0
TI00002981,TXN0000990,PROD00021,4,423700.0
TI00002982,TXN0000991,PROD00162,1,532200.0
TI00002983,TXN0000991,PROD00051,2,752100.0
TI00002984,TXN0000991,PROD00047,1,165600.0
TI00002985,TXN0000991,PROD00117,4,188000.0
TI00002986,TXN0000992,PROD00111,1,5440300.0
TI00002987,TXN0000993,PROD00136,4,787800.0
TI00002988,TXN0000993,PROD00100,2,546800.0
TI00002989,TXN0000993,PROD00109,3,3001900.0
TI00002990,TXN0000993,PROD00091,1,17600.0
TI00002991,TXN0000993,PROD00033,3,10971800.0
TI00002992,TXN0000994,PROD00158,4,488300.0
TI00002993,TXN0000994,PROD00028,4,497400.0
TI00002994,TXN0000994,PROD00012,4,744700.0
TI00002995,TXN0000994,PROD00019,4,353800.0
TI00002996,TXN0000994,PROD00091,3,17600.0
TI00002997,TXN0000995,PROD00131,3,2828000.0
TI00002998,TXN0000995,PROD00022,4,1337300.0
TI00002999,TXN0000995,PROD00039,4,1936200.0
TI00003000,TXN0000995,PROD00002,3,1365600.0
TI00003001,TXN0000995,PROD00152,4,170900.0
TI00003002,TXN0000996,PROD00127,4,172600.0
TI00003003,TXN0000996,PROD00088,3,220600.0
TI00003004,TXN0000996,PROD00013,3,1045000.0
TI00003005,TXN0000997,PROD00111,3,5440300.0
TI00003006,TXN0000997,PROD00133,3,521500.0
TI00003007,TXN0000998,PROD00043,3,223400.0
TI00003008,TXN0000998,PROD00031,4,571800.0
TI00003009,TXN0000998,PROD00074,4,99400.0
TI00003010,TXN0000999,PROD00028,1,497400.0
TI00003011,TXN0000999,PROD00060,2,218600.0
TI00003012,TXN0000999,PROD00171,2,9207400.0
TI00003013,TXN0000999,PROD00072,1,470400.0
TI00003014,TXN0000999,PROD00037,1,718700.0
TI00003015,TXN0001000,PROD00002,1,1365600.0
TI00003016,TXN0001000,PROD00126,3,219500.0
TI00003017,TXN0001001,PROD00117,1,188000.0
TI00003018,TXN0001001,PROD00076,1,609300.0
TI00003019,TXN0001002,PROD00068,1,189500.0
TI00003020,TXN0001002,PROD00023,3,225100.0
TI00003021,TXN0001002,PROD00036,1,11966500.0
TI00003022,TXN0001002,PROD00072,2,470400.0
TI00003023,TXN0001003,PROD00130,3,213000.0
TI00003024,TXN0001003,PROD00086,4,8987800.0
TI00003025,TXN0001004,PROD00177,3,228400.0
TI00003026,TXN0001005,PROD00134,3,1383900.0
TI00003027,TXN0001006,PROD00151,2,116700.0
TI00003028,TXN0001006,PROD00097,2,2301200.0
TI00003029,TXN0001007,PROD00073,1,55700.0
TI00003030,TXN0001007,PROD00034,2,1485900.0
TI00003031,TXN0001007,PROD00051,1,752100.0
TI00003032,TXN0001007,PROD00163,4,337100.0
TI00003033,TXN0001008,PROD00157,3,6815900.0
TI00003034,TXN0001008,PROD00054,4,1692000.0
TI00003035,TXN0001008,PROD00046,2,314500.0
TI00003036,TXN0001008,PROD00010,3,675900.0
TI00003037,TXN0001008,PROD00108,4,570800.0
TI00003038,TXN0001009,PROD00077,3,37900.0
TI00003039,TXN0001009,PROD00060,4,218600.0
TI00003040,TXN0001010,PROD00092,2,198900.0
TI00003041,TXN0001010,PROD00140,1,10502400.0
TI00003042,TXN0001010,PROD00124,3,11671600.0
TI00003043,TXN0001010,PROD00076,4,609300.0
TI00003044,TXN0001010,PROD00025,4,57900.0
TI00003045,TXN0001011,PROD00082,4,435600.0
TI00003046,TXN0001011,PROD00170,2,806200.0
TI00003047,TXN0001011,PROD00030,4,10909100.0
TI00003048,TXN0001011,PROD00089,4,11224800.0
TI00003049,TXN0001012,PROD00075,3,382900.0
TI00003050,TXN0001013,PROD00016,3,167400.0
TI00003051,TXN0001013,PROD00144,4,2659900.0
TI00003052,TXN0001013,PROD00083,4,6771700.0
TI00003053,TXN0001013,PROD00067,4,1694500.0
TI00003054,TXN0001014,PROD00014,2,2104400.0
TI00003055,TXN0001014,PROD00069,3,145200.0
TI00003056,TXN0001014,PROD00125,1,716900.0
TI00003057,TXN0001015,PROD00138,1,57200.0
TI00003058,TXN0001015,PROD00053,3,197800.0
TI00003059,TXN0001016,PROD00006,4,1710300.0
TI00003060,TXN0001017,PROD00142,1,324600.0
TI00003061,TXN0001017,PROD00017,2,61400.0
TI00003062,TXN0001017,PROD00168,3,54200.0
TI00003063,TXN0001018,PROD00059,3,3249400.0
TI00003064,TXN0001018,PROD00075,4,382900.0
TI00003065,TXN0001018,PROD00042,2,110400.0
TI00003066,TXN0001018,PROD00096,2,366200.0
TI00003067,TXN0001019,PROD00027,2,124600.0
TI00003068,TXN0001019,PROD00129,3,67800.0
TI00003069,TXN0001019,PROD00102,3,171600.0
TI00003070,TXN0001019,PROD00125,1,716900.0
TI00003071,TXN0001019,PROD00011,2,810900.0
TI00003072,TXN0001020,PROD00032,4,359500.0
TI00003073,TXN0001020,PROD00097,2,2301200.0
TI00003074,TXN0001020,PROD00168,3,54200.0
TI00003075,TXN0001021,PROD00107,2,75800.0
TI00003076,TXN0001021,PROD00006,1,1710300.0
TI00003077,TXN0001021,PROD00004,4,1254300.0
TI00003078,TXN0001021,PROD00139,2,621000.0
TI00003079,TXN0001021,PROD00155,3,277300.0
TI00003080,TXN0001022,PROD00006,1,1710300.0
TI00003081,TXN0001022,PROD00078,3,473100.0
TI00003082,TXN0001022,PROD00071,4,501200.0
TI00003083,TXN0001022,PROD00118,4,97800.0
TI00003084,TXN0001022,PROD00052,3,58000.0
TI00003085,TXN0001023,PROD00072,2,470400.0
TI00003086,TXN0001023,PROD00124,4,11671600.0
TI00003087,TXN0001023,PROD00073,1,55700.0
TI00003088,TXN0001023,PROD00180,4,96700.0
TI00003089,TXN0001023,PROD00137,4,59500.0
TI00003090,TXN0001024,PROD00028,4,497400.0
TI00003091,TXN0001024,PROD00116,2,561100.0
TI00003092,TXN0001024,PROD00058,4,1306500.0
TI00003093,TXN0001024,PROD00148,3,272900.0
TI00003094,TXN0001024,PROD00007,4,456400.0
TI00003095,TXN0001025,PROD00086,1,8987800.0
TI00003096,TXN0001025,PROD00037,1,718700.0
TI00003097,TXN0001025,PROD00162,2,532200.0
TI00003098,TXN0001026,PROD00104,4,179700.0
TI00003099,TXN0001026,PROD00158,2,488300.0
TI00003100,TXN0001027,PROD00087,3,86200.0
TI00003101,TXN0001027,PROD00039,4,1936200.0
TI00003102,TXN0001027,PROD00010,1,675900.0
TI00003103,TXN0001028,PROD00144,4,2659900.0
TI00003104,TXN0001028,PROD00126,3,219500.0
TI00003105,TXN0001029,PROD00124,1,11671600.0
TI00003106,TXN0001029,PROD00132,4,6814300.0
TI00003107,TXN0001029,PROD00143,1,115300.0
TI00003108,TXN0001029,PROD00021,4,423700.0
TI00003109,TXN0001030,PROD00134,2,1383900.0
TI00003110,TXN0001030,PROD00032,2,359500.0
TI00003111,TXN0001031,PROD00127,4,172600.0
TI00003112,TXN0001031,PROD00044,2,2984700.0
TI00003113,TXN0001031,PROD00161,4,231200.0
TI00003114,TXN0001031,PROD00135,4,495100.0
TI00003115,TXN0001032,PROD00112,3,3050100.0
TI00003116,TXN0001033,PROD00158,2,488300.0
TI00003117,TXN0001033,PROD00096,2,366200.0
TI00003118,TXN0001033,PROD00145,3,626300.0
TI00003119,TXN0001034,PROD00096,4,366200.0
TI00003120,TXN0001034,PROD00133,2,521500.0
TI00003121,TXN0001034,PROD00155,3,277300.0
TI00003122,TXN0001034,PROD00065,2,846500.0
TI00003123,TXN0001034,PROD00121,2,190400.0
TI00003124,TXN0001035,PROD00003,2,623300.0
TI00003125,TXN0001035,PROD00082,4,435600.0
TI00003126,TXN0001035,PROD00107,1,75800.0
TI00003127,TXN0001035,PROD00046,1,314500.0
TI00003128,TXN0001036,PROD00118,4,97800.0
TI00003129,TXN0001036,PROD00085,2,262600.0
TI00003130,TXN0001036,PROD00025,1,57900.0
TI00003131,TXN0001036,PROD00016,3,167400.0
TI00003132,TXN0001036,PROD00160,2,297400.0
TI00003133,TXN0001037,PROD00110,3,130700.0
TI00003134,TXN0001037,PROD00150,4,874600.0
TI00003135,TXN0001037,PROD00079,3,31800.0
TI00003136,TXN0001038,PROD00040,3,3685900.0
TI00003137,TXN0001038,PROD00027,1,124600.0
TI00003138,TXN0001038,PROD00056,2,246400.0
TI00003139,TXN0001038,PROD00072,4,470400.0
TI00003140,TXN0001038,PROD00046,3,314500.0
TI00003141,TXN0001039,PROD00155,2,277300.0
TI00003142,TXN0001039,PROD00071,2,501200.0
TI00003143,TXN0001039,PROD00158,1,488300.0
TI00003144,TXN0001039,PROD00172,2,162600.0
TI00003145,TXN0001039,PROD00122,2,2205900.0
TI00003146,TXN0001040,PROD00037,4,718700.0
TI00003147,TXN0001040,PROD00043,1,223400.0
TI00003148,TXN0001041,PROD00036,4,11966500.0
TI00003149,TXN0001042,PROD00129,4,67800.0
TI00003150,TXN0001042,PROD00031,4,571800.0
TI00003151,TXN0001042,PROD00062,4,83600.0
TI00003152,TXN0001043,PROD00134,1,1383900.0
TI00003153,TXN0001043,PROD00082,2,435600.0
TI00003154,TXN0001043,PROD00136,2,787800.0
TI00003155,TXN0001044,PROD00144,3,2659900.0
TI00003156,TXN0001044,PROD00114,1,362300.0
TI00003157,TXN0001044,PROD00126,4,219500.0
TI00003158,TXN0001044,PROD00178,3,55100.0
TI00003159,TXN0001045,PROD00109,2,3001900.0
TI00003160,TXN0001045,PROD00055,4,29300.0
TI00003161,TXN0001045,PROD00158,3,488300.0
TI00003162,TXN0001046,PROD00135,3,495100.0
TI00003163,TXN0001046,PROD00050,3,134700.0
TI00003164,TXN0001046,PROD00002,1,1365600.0
TI00003165,TXN0001047,PROD00156,3,117900.0
TI00003166,TXN0001048,PROD00165,1,242000.0
TI00003167,TXN0001048,PROD00123,3,520300.0
TI00003168,TXN0001048,PROD00102,3,171600.0
TI00003169,TXN0001049,PROD00121,4,190400.0
TI00003170,TXN0001050,PROD00027,2,124600.0
TI00003171,TXN0001050,PROD00010,2,675900.0
TI00003172,TXN0001050,PROD00095,2,428500.0
TI00003173,TXN0001050,PROD00008,1,86100.0
TI00003174,TXN0001050,PROD00157,4,6815900.0
TI00003175,TXN0001051,PROD00164,3,103200.0
TI00003176,TXN0001051,PROD00016,2,167400.0
TI00003177,TXN0001051,PROD00081,1,41700.0
TI00003178,TXN0001051,PROD00025,3,57900.0
TI00003179,TXN0001052,PROD00094,4,365200.0
TI00003180,TXN0001052,PROD00133,1,521500.0
TI00003181,TXN0001052,PROD00004,1,1254300.0
TI00003182,TXN0001052,PROD00171,2,9207400.0
TI00003183,TXN0001052,PROD00104,2,179700.0
TI00003184,TXN0001053,PROD00114,3,362300.0
TI00003185,TXN0001053,PROD00012,2,744700.0
TI00003186,TXN0001054,PROD00163,3,337100.0
TI00003187,TXN0001054,PROD00001,3,179800.0
TI00003188,TXN0001055,PROD00088,4,220600.0
TI00003189,TXN0001056,PROD00145,4,626300.0
TI00003190,TXN0001057,PROD00047,1,165600.0
TI00003191,TXN0001058,PROD00164,4,103200.0
TI00003192,TXN0001058,PROD00096,1,366200.0
TI00003193,TXN0001059,PROD00034,1,1485900.0
TI00003194,TXN0001059,PROD00080,4,204100.0
TI00003195,TXN0001060,PROD00145,4,626300.0
TI00003196,TXN0001060,PROD00081,2,41700.0
TI00003197,TXN0001061,PROD00046,3,314500.0
TI00003198,TXN0001061,PROD00076,4,609300.0
TI00003199,TXN0001062,PROD00090,4,838900.0
TI00003200,TXN0001062,PROD00165,2,242000.0
TI00003201,TXN0001062,PROD00134,1,1383900.0
TI00003202,TXN0001063,PROD00138,2,57200.0
TI00003203,TXN0001063,PROD00146,4,647500.0
TI00003204,TXN0001064,PROD00142,3,324600.0
TI00003205,TXN0001064,PROD00069,2,145200.0
TI00003206,TXN0001064,PROD00024,4,595000.0
TI00003207,TXN0001064,PROD00132,3,6814300.0
TI00003208,TXN0001064,PROD00054,1,1692000.0
TI00003209,TXN0001065,PROD00036,3,11966500.0
TI00003210,TXN0001065,PROD00120,4,283500.0
TI00003211,TXN0001065,PROD00151,1,116700.0
TI00003212,TXN0001065,PROD00083,3,6771700.0
TI00003213,TXN0001066,PROD00108,3,570800.0
TI00003214,TXN0001066,PROD00122,3,2205900.0
TI00003215,TXN0001067,PROD00079,2,31800.0
TI00003216,TXN0001067,PROD00042,1,110400.0
TI00003217,TXN0001067,PROD00120,4,283500.0
TI00003218,TXN0001068,PROD00178,3,55100.0
TI00003219,TXN0001068,PROD00112,3,3050100.0
TI00003220,TXN0001068,PROD00103,3,499800.0
TI00003221,TXN0001068,PROD00122,4,2205900.0
TI00003222,TXN0001068,PROD00063,4,631600.0
TI00003223,TXN0001069,PROD00130,4,213000.0
TI00003224,TXN0001069,PROD00028,4,497400.0
TI00003225,TXN0001070,PROD00008,2,86100.0
TI00003226,TXN0001070,PROD00042,2,110400.0
TI00003227,TXN0001070,PROD00132,2,6814300.0
TI00003228,TXN0001070,PROD00043,3,223400.0
TI00003229,TXN0001070,PROD00077,1,37900.0
TI00003230,TXN0001071,PROD00089,4,11224800.0
TI00003231,TXN0001071,PROD00118,2,97800.0
TI00003232,TXN0001072,PROD00052,3,58000.0
TI00003233,TXN0001072,PROD00045,3,75500.0
TI00003234,TXN0001073,PROD00053,1,197800.0
TI00003235,TXN0001073,PROD00112,2,3050100.0
TI00003236,TXN0001074,PROD00089,4,11224800.0
TI00003237,TXN0001074,PROD00026,4,1447900.0
TI00003238,TXN0001075,PROD00063,3,631600.0
TI00003239,TXN0001075,PROD00025,2,57900.0
TI00003240,TXN0001075,PROD00100,4,546800.0
TI00003241,TXN0001075,PROD00033,3,10971800.0
TI00003242,TXN0001076,PROD00153,3,121800.0
TI00003243,TXN0001076,PROD00101,4,11745100.0
TI00003244,TXN0001076,PROD00137,1,59500.0
TI00003245,TXN0001076,PROD00019,2,353800.0
TI00003246,TXN0001077,PROD00093,1,2689800.0
TI00003247,TXN0001077,PROD00088,4,220600.0
TI00003248,TXN0001077,PROD00129,1,67800.0
TI00003249,TXN0001078,PROD00049,4,244600.0
TI00003250,TXN0001078,PROD00012,1,744700.0
TI00003251,TXN0001078,PROD00055,3,29300.0
TI00003252,TXN0001078,PROD00078,4,473100.0
TI00003253,TXN0001079,PROD00073,4,55700.0
TI00003254,TXN0001079,PROD00080,4,204100.0
TI00003255,TXN0001080,PROD00046,1,314500.0
TI00003256,TXN0001080,PROD00042,4,110400.0
TI00003257,TXN0001080,PROD00102,1,171600.0
TI00003258,TXN0001080,PROD00175,3,99600.0
TI00003259,TXN0001081,PROD00004,4,1254300.0
TI00003260,TXN0001081,PROD00042,4,110400.0
TI00003261,TXN0001081,PROD00082,1,435600.0
TI00003262,TXN0001081,PROD00033,4,10971800.0
TI00003263,TXN0001082,PROD00078,4,473100.0
TI00003264,TXN0001083,PROD00155,4,277300.0
TI00003265,TXN0001084,PROD00086,2,8987800.0
TI00003266,TXN0001084,PROD00137,4,59500.0
TI00003267,TXN0001084,PROD00094,4,365200.0
TI00003268,TXN0001084,PROD00029,1,747300.0
TI00003269,TXN0001085,PROD00152,4,170900.0
TI00003270,TXN0001085,PROD00067,4,1694500.0
TI00003271,TXN0001085,PROD00051,1,752100.0
TI00003272,TXN0001086,PROD00118,3,97800.0
TI00003273,TXN0001086,PROD00094,3,365200.0
TI00003274,TXN0001086,PROD00013,4,1045000.0
TI00003275,TXN0001086,PROD00154,3,192800.0
TI00003276,TXN0001087,PROD00076,4,609300.0
TI00003277,TXN0001087,PROD00092,1,198900.0
TI00003278,TXN0001088,PROD00029,2,747300.0
TI00003279,TXN0001088,PROD00092,2,198900.0
TI00003280,TXN0001088,PROD00010,1,675900.0
TI00003281,TXN0001088,PROD00137,1,59500.0
TI00003282,TXN0001088,PROD00102,2,171600.0
TI00003283,TXN0001089,PROD00089,2,11224800.0
TI00003284,TXN0001089,PROD00118,4,97800.0
TI00003285,TXN0001089,PROD00177,1,228400.0
TI00003286,TXN0001090,PROD00010,1,675900.0
TI00003287,TXN0001090,PROD00038,4,3280700.0
TI00003288,TXN0001090,PROD00156,1,117900.0
TI00003289,TXN0001091,PROD00109,2,3001900.0
TI00003290,TXN0001091,PROD00103,3,499800.0
TI00003291,TXN0001091,PROD00006,1,1710300.0
TI00003292,TXN0001092,PROD00147,3,229500.0
TI00003293,TXN0001092,PROD00067,2,1694500.0
TI00003294,TXN0001093,PROD00122,2,2205900.0
TI00003295,TXN0001093,PROD00056,3,246400.0
TI00003296,TXN0001093,PROD00112,1,3050100.0
TI00003297,TXN0001093,PROD00071,4,501200.0
TI00003298,TXN0001093,PROD00177,2,228400.0
TI00003299,TXN0001094,PROD00105,2,76100.0
TI00003300,TXN0001095,PROD00119,3,3450500.0
TI00003301,TXN0001095,PROD00154,1,192800.0
TI00003302,TXN0001095,PROD00163,2,337100.0
TI00003303,TXN0001096,PROD00074,3,99400.0
TI00003304,TXN0001096,PROD00156,4,117900.0
TI00003305,TXN0001096,PROD00118,4,97800.0
TI00003306,TXN0001096,PROD00151,1,116700.0
TI00003307,TXN0001096,PROD00108,3,570800.0
TI00003308,TXN0001097,PROD00128,2,202200.0
TI00003309,TXN0001097,PROD00054,4,1692000.0
TI00003310,TXN0001097,PROD00137,3,59500.0
TI00003311,TXN0001097,PROD00179,4,1206500.0
TI00003312,TXN0001098,PROD00021,1,423700.0
TI00003313,TXN0001098,PROD00162,2,532200.0
TI00003314,TXN0001098,PROD00125,3,716900.0
TI00003315,TXN0001098,PROD00144,3,2659900.0
TI00003316,TXN0001098,PROD00089,3,11224800.0
TI00003317,TXN0001099,PROD00008,2,86100.0
TI00003318,TXN0001099,PROD00040,3,3685900.0
TI00003319,TXN0001099,PROD00160,4,297400.0
TI00003320,TXN0001099,PROD00150,4,874600.0
TI00003321,TXN0001100,PROD00143,4,115300.0
TI00003322,TXN0001100,PROD00126,2,219500.0
TI00003323,TXN0001100,PROD00061,4,8063300.0
TI00003324,TXN0001101,PROD00056,3,246400.0
TI00003325,TXN0001101,PROD00055,2,29300.0
TI00003326,TXN0001101,PROD00029,2,747300.0
TI00003327,TXN0001101,PROD00147,4,229500.0
TI00003328,TXN0001102,PROD00056,3,246400.0
TI00003329,TXN0001102,PROD00108,3,570800.0
TI00003330,TXN0001102,PROD00154,3,192800.0
TI00003331,TXN0001103,PROD00137,4,59500.0
TI00003332,TXN0001103,PROD00101,3,11745100.0
TI00003333,TXN0001103,PROD00058,4,1306500.0
TI00003334,TXN0001103,PROD00104,2,179700.0
TI00003335,TXN0001103,PROD00127,2,172600.0
TI00003336,TXN0001104,PROD00137,3,59500.0
TI00003337,TXN0001105,PROD00099,4,497200.0
TI00003338,TXN0001106,PROD00159,2,3240200.0
TI00003339,TXN0001107,PROD00129,1,67800.0
TI00003340,TXN0001107,PROD00021,3,423700.0
TI00003341,TXN0001107,PROD00154,2,192800.0
TI00003342,TXN0001107,PROD00147,2,229500.0
TI00003343,TXN0001107,PROD00105,4,76100.0
TI00003344,TXN0001108,PROD00168,2,54200.0
TI00003345,TXN0001108,PROD00100,4,546800.0
TI00003346,TXN0001108,PROD00142,3,324600.0
TI00003347,TXN0001108,PROD00131,2,2828000.0
TI00003348,TXN0001108,PROD00050,2,134700.0
TI00003349,TXN0001109,PROD00034,1,1485900.0
TI00003350,TXN0001109,PROD00076,2,609300.0
TI00003351,TXN0001109,PROD00017,4,61400.0
TI00003352,TXN0001110,PROD00119,1,3450500.0
TI00003353,TXN0001110,PROD00129,3,67800.0
TI00003354,TXN0001111,PROD00018,4,2056700.0
TI00003355,TXN0001111,PROD00002,4,1365600.0
TI00003356,TXN0001111,PROD00009,4,183500.0
TI00003357,TXN0001111,PROD00175,1,99600.0
TI00003358,TXN0001112,PROD00156,1,117900.0
TI00003359,TXN0001113,PROD00011,4,810900.0
TI00003360,TXN0001113,PROD00094,4,365200.0
TI00003361,TXN0001113,PROD00103,1,499800.0
TI00003362,TXN0001113,PROD00131,1,2828000.0
TI00003363,TXN0001114,PROD00094,3,365200.0
TI00003364,TXN0001114,PROD00106,2,610900.0
TI00003365,TXN0001115,PROD00025,1,57900.0
TI00003366,TXN0001115,PROD00085,4,262600.0
TI00003367,TXN0001115,PROD00165,4,242000.0
TI00003368,TXN0001116,PROD00177,4,228400.0
TI00003369,TXN0001116,PROD00114,3,362300.0
TI00003370,TXN0001116,PROD00085,3,262600.0
TI00003371,TXN0001117,PROD00038,3,3280700.0
TI00003372,TXN0001117,PROD00134,1,1383900.0
TI00003373,TXN0001118,PROD00093,3,2689800.0
TI00003374,TXN0001118,PROD00075,4,382900.0
TI00003375,TXN0001118,PROD00079,4,31800.0
TI00003376,TXN0001118,PROD00041,3,792800.0
TI00003377,TXN0001118,PROD00146,2,647500.0
TI00003378,TXN0001119,PROD00075,1,382900.0
TI00003379,TXN0001119,PROD00099,2,497200.0
TI00003380,TXN0001119,PROD00066,3,162000.0
TI00003381,TXN0001119,PROD00164,2,103200.0
TI00003382,TXN0001119,PROD00059,1,3249400.0
TI00003383,TXN0001120,PROD00089,2,11224800.0
TI00003384,TXN0001120,PROD00165,3,242000.0
TI00003385,TXN0001121,PROD00125,4,716900.0
TI00003386,TXN0001121,PROD00166,2,120600.0
TI00003387,TXN0001121,PROD00044,4,2984700.0
TI00003388,TXN0001121,PROD00135,4,495100.0
TI00003389,TXN0001122,PROD00053,3,197800.0
TI00003390,TXN0001122,PROD00058,1,1306500.0
TI00003391,TXN0001122,PROD00039,2,1936200.0
TI00003392,TXN0001123,PROD00146,2,647500.0
TI00003393,TXN0001123,PROD00164,2,103200.0
TI00003394,TXN0001123,PROD00004,3,1254300.0
TI00003395,TXN0001123,PROD00135,1,495100.0
TI00003396,TXN0001124,PROD00085,1,262600.0
TI00003397,TXN0001125,PROD00138,2,57200.0
TI00003398,TXN0001125,PROD00021,2,423700.0
TI00003399,TXN0001125,PROD00015,3,327100.0
TI00003400,TXN0001125,PROD00115,2,1810600.0
TI00003401,TXN0001125,PROD00146,2,647500.0
TI00003402,TXN0001126,PROD00069,1,145200.0
TI00003403,TXN0001126,PROD00142,2,324600.0
TI00003404,TXN0001126,PROD00072,3,470400.0
TI00003405,TXN0001126,PROD00024,1,595000.0
TI00003406,TXN0001126,PROD00049,2,244600.0
TI00003407,TXN0001127,PROD00149,1,370000.0
TI00003408,TXN0001127,PROD00123,3,520300.0
TI00003409,TXN0001127,PROD00119,1,3450500.0
TI00003410,TXN0001127,PROD00026,2,1447900.0
TI00003411,TXN0001127,PROD00138,4,57200.0
TI00003412,TXN0001128,PROD00122,2,2205900.0
TI00003413,TXN0001129,PROD00003,2,623300.0
TI00003414,TXN0001129,PROD00149,4,370000.0
TI00003415,TXN0001129,PROD00111,1,5440300.0
TI00003416,TXN0001129,PROD00029,3,747300.0
TI00003417,TXN0001129,PROD00114,4,362300.0
TI00003418,TXN0001130,PROD00085,4,262600.0
TI00003419,TXN0001130,PROD00130,3,213000.0
TI00003420,TXN0001131,PROD00064,3,1537200.0
TI00003421,TXN0001131,PROD00088,4,220600.0
TI00003422,TXN0001131,PROD00071,1,501200.0
TI00003423,TXN0001131,PROD00174,2,71600.0
TI00003424,TXN0001131,PROD00144,4,2659900.0
TI00003425,TXN0001132,PROD00121,4,190400.0
TI00003426,TXN0001132,PROD00127,3,172600.0
TI00003427,TXN0001132,PROD00042,1,110400.0
TI00003428,TXN0001132,PROD00046,4,314500.0
TI00003429,TXN0001132,PROD00017,3,61400.0
TI00003430,TXN0001133,PROD00028,2,497400.0
TI00003431,TXN0001133,PROD00060,3,218600.0
TI00003432,TXN0001134,PROD00121,2,190400.0
TI00003433,TXN0001134,PROD00027,2,124600.0
TI00003434,TXN0001134,PROD00176,3,168200.0
TI00003435,TXN0001134,PROD00077,2,37900.0
TI00003436,TXN0001134,PROD00157,2,6815900.0
TI00003437,TXN0001135,PROD00157,2,6815900.0
TI00003438,TXN0001135,PROD00170,3,806200.0
TI00003439,TXN0001136,PROD00069,3,145200.0
TI00003440,TXN0001136,PROD00059,3,3249400.0
TI00003441,TXN0001136,PROD00068,2,189500.0
TI00003442,TXN0001136,PROD00121,3,190400.0
TI00003443,TXN0001137,PROD00109,4,3001900.0
TI00003444,TXN0001137,PROD00145,1,626300.0
TI00003445,TXN0001137,PROD00101,4,11745100.0
TI00003446,TXN0001138,PROD00117,1,188000.0
TI00003447,TXN0001138,PROD00071,2,501200.0
TI00003448,TXN0001139,PROD00083,4,6771700.0
TI00003449,TXN0001140,PROD00144,4,2659900.0
TI00003450,TXN0001140,PROD00052,3,58000.0
TI00003451,TXN0001140,PROD00056,1,246400.0
TI00003452,TXN0001140,PROD00159,1,3240200.0
TI00003453,TXN0001140,PROD00129,2,67800.0
TI00003454,TXN0001141,PROD00177,4,228400.0
TI00003455,TXN0001141,PROD00125,1,716900.0
TI00003456,TXN0001141,PROD00064,1,1537200.0
TI00003457,TXN0001141,PROD00072,1,470400.0
TI00003458,TXN0001142,PROD00095,2,428500.0
TI00003459,TXN0001142,PROD00113,1,4916800.0
TI00003460,TXN0001142,PROD00073,3,55700.0
TI00003461,TXN0001142,PROD00029,4,747300.0
TI00003462,TXN0001142,PROD00121,2,190400.0
TI00003463,TXN0001143,PROD00144,4,2659900.0
TI00003464,TXN0001143,PROD00023,2,225100.0
TI00003465,TXN0001144,PROD00170,1,806200.0
TI00003466,TXN0001144,PROD00067,2,1694500.0
TI00003467,TXN0001144,PROD00143,1,115300.0
TI00003468,TXN0001144,PROD00136,3,787800.0
TI00003469,TXN0001144,PROD00075,3,382900.0
TI00003470,TXN0001145,PROD00083,2,6771700.0
TI00003471,TXN0001145,PROD00120,4,283500.0
TI00003472,TXN0001146,PROD00174,3,71600.0
TI00003473,TXN0001146,PROD00067,1,1694500.0
TI00003474,TXN0001147,PROD00110,1,130700.0
TI00003475,TXN0001147,PROD00102,3,171600.0
TI00003476,TXN0001147,PROD00125,1,716900.0
TI00003477,TXN0001147,PROD00013,4,1045000.0
TI00003478,TXN0001148,PROD00138,3,57200.0
TI00003479,TXN0001148,PROD00126,1,219500.0
TI00003480,TXN0001148,PROD00073,1,55700.0
TI00003481,TXN0001149,PROD00041,2,792800.0
TI00003482,TXN0001149,PROD00132,1,6814300.0
TI00003483,TXN0001149,PROD00023,4,225100.0
TI00003484,TXN0001149,PROD00147,3,229500.0
TI00003485,TXN0001149,PROD00120,4,283500.0
TI00003486,TXN0001150,PROD00019,3,353800.0
TI00003487,TXN0001150,PROD00047,4,165600.0
TI00003488,TXN0001150,PROD00166,4,120600.0
TI00003489,TXN0001151,PROD00076,1,609300.0
TI00003490,TXN0001151,PROD00002,2,1365600.0
TI00003491,TXN0001151,PROD00160,3,297400.0
TI00003492,TXN0001151,PROD00100,4,546800.0
TI00003493,TXN0001151,PROD00005,2,613400.0
TI00003494,TXN0001152,PROD00137,2,59500.0
TI00003495,TXN0001152,PROD00118,3,97800.0
TI00003496,TXN0001152,PROD00168,2,54200.0
TI00003497,TXN0001153,PROD00079,1,31800.0
TI00003498,TXN0001153,PROD00047,1,165600.0
TI00003499,TXN0001154,PROD00033,3,10971800.0
TI00003500,TXN0001155,PROD00059,2,3249400.0
TI00003501,TXN0001155,PROD00169,3,6358700.0
TI00003502,TXN0001155,PROD00054,2,1692000.0
TI00003503,TXN0001156,PROD00091,2,17600.0
TI00003504,TXN0001156,PROD00007,4,456400.0
TI00003505,TXN0001157,PROD00098,4,66400.0
TI00003506,TXN0001157,PROD00013,4,1045000.0
TI00003507,TXN0001158,PROD00098,1,66400.0
TI00003508,TXN0001158,PROD00152,1,170900.0
TI00003509,TXN0001159,PROD00133,4,521500.0
TI00003510,TXN0001159,PROD00032,3,359500.0
TI00003511,TXN0001159,PROD00042,3,110400.0
TI00003512,TXN0001159,PROD00054,4,1692000.0
TI00003513,TXN0001159,PROD00031,2,571800.0
TI00003514,TXN0001160,PROD00130,3,213000.0
TI00003515,TXN0001161,PROD00029,4,747300.0
TI00003516,TXN0001161,PROD00117,4,188000.0
TI00003517,TXN0001161,PROD00005,1,613400.0
TI00003518,TXN0001161,PROD00002,3,1365600.0
TI00003519,TXN0001161,PROD00098,3,66400.0
TI00003520,TXN0001162,PROD00059,4,3249400.0
TI00003521,TXN0001162,PROD00180,4,96700.0
TI00003522,TXN0001162,PROD00022,1,1337300.0
TI00003523,TXN0001163,PROD00012,2,744700.0
TI00003524,TXN0001163,PROD00037,1,718700.0
TI00003525,TXN0001163,PROD00064,2,1537200.0
TI00003526,TXN0001164,PROD00016,2,167400.0
TI00003527,TXN0001165,PROD00107,2,75800.0
TI00003528,TXN0001165,PROD00041,2,792800.0
TI00003529,TXN0001165,PROD00108,3,570800.0
TI00003530,TXN0001165,PROD00045,1,75500.0
TI00003531,TXN0001165,PROD00133,2,521500.0
TI00003532,TXN0001166,PROD00068,1,189500.0
TI00003533,TXN0001166,PROD00160,1,297400.0
TI00003534,TXN0001166,PROD00083,3,6771700.0
TI00003535,TXN0001167,PROD00012,2,744700.0
TI00003536,TXN0001167,PROD00139,2,621000.0
TI00003537,TXN0001167,PROD00097,1,2301200.0
TI00003538,TXN0001167,PROD00154,1,192800.0
TI00003539,TXN0001168,PROD00108,1,570800.0
TI00003540,TXN0001169,PROD00113,3,4916800.0
TI00003541,TXN0001169,PROD00035,4,3271400.0
TI00003542,TXN0001169,PROD00155,4,277300.0
TI00003543,TXN0001169,PROD00164,3,103200.0
TI00003544,TXN0001169,PROD00001,2,179800.0
TI00003545,TXN0001170,PROD00094,4,365200.0
TI00003546,TXN0001170,PROD00158,2,488300.0
TI00003547,TXN0001170,PROD00172,2,162600.0
TI00003548,TXN0001170,PROD00025,2,57900.0
TI00003549,TXN0001170,PROD00123,2,520300.0
TI00003550,TXN0001171,PROD00025,4,57900.0
TI00003551,TXN0001172,PROD00048,3,88700.0
TI00003552,TXN0001172,PROD00169,4,6358700.0
TI00003553,TXN0001172,PROD00078,3,473100.0
TI00003554,TXN0001173,PROD00096,1,366200.0
TI00003555,TXN0001173,PROD00170,4,806200.0
TI00003556,TXN0001173,PROD00038,1,3280700.0
TI00003557,TXN0001173,PROD00149,2,370000.0
TI00003558,TXN0001174,PROD00163,2,337100.0
TI00003559,TXN0001174,PROD00009,2,183500.0
TI00003560,TXN0001175,PROD00089,4,11224800.0
TI00003561,TXN0001175,PROD00049,4,244600.0
TI00003562,TXN0001175,PROD00161,2,231200.0
TI00003563,TXN0001175,PROD00148,4,272900.0
TI00003564,TXN0001176,PROD00072,3,470400.0
TI00003565,TXN0001177,PROD00088,4,220600.0
TI00003566,TXN0001177,PROD00125,1,716900.0
TI00003567,TXN0001177,PROD00141,3,527900.0
TI00003568,TXN0001178,PROD00110,2,130700.0
TI00003569,TXN0001178,PROD00165,1,242000.0
TI00003570,TXN0001178,PROD00007,2,456400.0
TI00003571,TXN0001179,PROD00076,4,609300.0
TI00003572,TXN0001179,PROD00033,1,10971800.0
TI00003573,TXN0001179,PROD00089,2,11224800.0
TI00003574,TXN0001179,PROD00079,4,31800.0
TI00003575,TXN0001179,PROD00116,2,561100.0
TI00003576,TXN0001180,PROD00051,3,752100.0
TI00003577,TXN0001181,PROD00135,2,495100.0
TI00003578,TXN0001181,PROD00013,2,1045000.0
TI00003579,TXN0001181,PROD00137,3,59500.0
TI00003580,TXN0001181,PROD00093,2,2689800.0
TI00003581,TXN0001181,PROD00139,1,621000.0
TI00003582,TXN0001182,PROD00139,4,621000.0
TI00003583,TXN0001182,PROD00157,2,6815900.0
TI00003584,TXN0001183,PROD00108,3,570800.0
TI00003585,TXN0001183,PROD00122,1,2205900.0
TI00003586,TXN0001183,PROD00120,1,283500.0
TI00003587,TXN0001183,PROD00083,3,6771700.0
TI00003588,TXN0001183,PROD00035,3,3271400.0
TI00003589,TXN0001184,PROD00037,2,718700.0
TI00003590,TXN0001184,PROD00124,2,11671600.0
TI00003591,TXN0001185,PROD00050,3,134700.0
TI00003592,TXN0001185,PROD00064,2,1537200.0
TI00003593,TXN0001185,PROD00090,4,838900.0
TI00003594,TXN0001185,PROD00019,1,353800.0
TI00003595,TXN0001185,PROD00058,2,1306500.0
TI00003596,TXN0001186,PROD00173,3,67500.0
TI00003597,TXN0001186,PROD00071,1,501200.0
TI00003598,TXN0001187,PROD00135,4,495100.0
TI00003599,TXN0001187,PROD00027,2,124600.0
TI00003600,TXN0001187,PROD00161,4,231200.0
TI00003601,TXN0001188,PROD00139,4,621000.0
TI00003602,TXN0001189,PROD00070,3,191800.0
TI00003603,TXN0001189,PROD00011,1,810900.0
TI00003604,TXN0001189,PROD00098,4,66400.0
TI00003605,TXN0001190,PROD00058,1,1306500.0
TI00003606,TXN0001190,PROD00134,3,1383900.0
TI00003607,TXN0001190,PROD00027,2,124600.0
TI00003608,TXN0001191,PROD00015,3,327100.0
TI00003609,TXN0001191,PROD00164,3,103200.0
TI00003610,TXN0001191,PROD00027,3,124600.0
TI00003611,TXN0001191,PROD00072,4,470400.0
TI00003612,TXN0001192,PROD00004,1,1254300.0
TI00003613,TXN0001193,PROD00127,3,172600.0
TI00003614,TXN0001193,PROD00057,1,2101600.0
TI00003615,TXN0001193,PROD00152,4,170900.0
TI00003616,TXN0001193,PROD00112,4,3050100.0
TI00003617,TXN0001193,PROD00171,4,9207400.0
TI00003618,TXN0001194,PROD00152,1,170900.0
TI00003619,TXN0001195,PROD00149,4,370000.0
TI00003620,TXN0001195,PROD00173,4,67500.0
TI00003621,TXN0001195,PROD00155,1,277300.0
TI00003622,TXN0001196,PROD00147,4,229500.0
TI00003623,TXN0001196,PROD00134,1,1383900.0
TI00003624,TXN0001196,PROD00010,2,675900.0
TI00003625,TXN0001196,PROD00103,2,499800.0
TI00003626,TXN0001197,PROD00026,1,1447900.0
TI00003627,TXN0001197,PROD00075,4,382900.0
TI00003628,TXN0001197,PROD00106,3,610900.0
TI00003629,TXN0001198,PROD00064,1,1537200.0
TI00003630,TXN0001198,PROD00071,3,501200.0
TI00003631,TXN0001198,PROD00115,4,1810600.0
TI00003632,TXN0001199,PROD00054,3,1692000.0
TI00003633,TXN0001199,PROD00143,4,115300.0
TI00003634,TXN0001200,PROD00086,3,8987800.0
TI00003635,TXN0001201,PROD00026,4,1447900.0
TI00003636,TXN0001201,PROD00024,3,595000.0
TI00003637,TXN0001201,PROD00164,4,103200.0
TI00003638,TXN0001202,PROD00125,4,716900.0
TI00003639,TXN0001202,PROD00090,3,838900.0
TI00003640,TXN0001202,PROD00087,2,86200.0
TI00003641,TXN0001203,PROD00029,2,747300.0
TI00003642,TXN0001204,PROD00138,1,57200.0
TI00003643,TXN0001204,PROD00046,2,314500.0
TI00003644,TXN0001204,PROD00102,1,171600.0
TI00003645,TXN0001204,PROD00159,1,3240200.0
TI00003646,TXN0001204,PROD00179,4,1206500.0
TI00003647,TXN0001205,PROD00137,2,59500.0
TI00003648,TXN0001205,PROD00091,4,17600.0
TI00003649,TXN0001205,PROD00102,1,171600.0
TI00003650,TXN0001206,PROD00022,2,1337300.0
TI00003651,TXN0001206,PROD00083,2,6771700.0
TI00003652,TXN0001206,PROD00058,3,1306500.0
TI00003653,TXN0001206,PROD00114,1,362300.0
TI00003654,TXN0001206,PROD00011,4,810900.0
TI00003655,TXN0001207,PROD00166,3,120600.0
TI00003656,TXN0001207,PROD00056,2,246400.0
TI00003657,TXN0001207,PROD00038,1,3280700.0
TI00003658,TXN0001207,PROD00004,4,1254300.0
TI00003659,TXN0001208,PROD00142,4,324600.0
TI00003660,TXN0001208,PROD00146,4,647500.0
TI00003661,TXN0001208,PROD00050,3,134700.0
TI00003662,TXN0001208,PROD00106,3,610900.0
TI00003663,TXN0001208,PROD00048,3,88700.0
TI00003664,TXN0001209,PROD00139,2,621000.0
TI00003665,TXN0001209,PROD00092,3,198900.0
TI00003666,TXN0001209,PROD00020,2,176500.0
TI00003667,TXN0001210,PROD00130,4,213000.0
TI00003668,TXN0001211,PROD00059,2,3249400.0
TI00003669,TXN0001211,PROD00090,4,838900.0
TI00003670,TXN0001211,PROD00180,3,96700.0
TI00003671,TXN0001211,PROD00166,1,120600.0
TI00003672,TXN0001211,PROD00142,4,324600.0
TI00003673,TXN0001212,PROD00017,4,61400.0
TI00003674,TXN0001212,PROD00044,1,2984700.0
TI00003675,TXN0001212,PROD00006,3,1710300.0
TI00003676,TXN0001212,PROD00144,4,2659900.0
TI00003677,TXN0001213,PROD00017,3,61400.0
TI00003678,TXN0001213,PROD00071,1,501200.0
TI00003679,TXN0001213,PROD00146,4,647500.0
TI00003680,TXN0001214,PROD00170,3,806200.0
TI00003681,TXN0001214,PROD00116,3,561100.0
TI00003682,TXN0001215,PROD00157,1,6815900.0
TI00003683,TXN0001216,PROD00019,1,353800.0
TI00003684,TXN0001217,PROD00050,2,134700.0
TI00003685,TXN0001217,PROD00064,2,1537200.0
TI00003686,TXN0001218,PROD00025,4,57900.0
TI00003687,TXN0001219,PROD00105,2,76100.0
TI00003688,TXN0001219,PROD00098,3,66400.0
TI00003689,TXN0001219,PROD00179,2,1206500.0
TI00003690,TXN0001219,PROD00122,1,2205900.0
TI00003691,TXN0001220,PROD00111,4,5440300.0
TI00003692,TXN0001220,PROD00065,1,846500.0
TI00003693,TXN0001221,PROD00166,3,120600.0
TI00003694,TXN0001221,PROD00163,4,337100.0
TI00003695,TXN0001221,PROD00021,1,423700.0
TI00003696,TXN0001222,PROD00156,1,117900.0
TI00003697,TXN0001223,PROD00025,1,57900.0
TI00003698,TXN0001223,PROD00044,1,2984700.0
TI00003699,TXN0001223,PROD00001,3,179800.0
TI00003700,TXN0001224,PROD00018,4,2056700.0
TI00003701,TXN0001224,PROD00045,2,75500.0
TI00003702,TXN0001224,PROD00049,2,244600.0
TI00003703,TXN0001225,PROD00096,2,366200.0
TI00003704,TXN0001225,PROD00147,4,229500.0
TI00003705,TXN0001225,PROD00046,1,314500.0
TI00003706,TXN0001225,PROD00113,1,4916800.0
TI00003707,TXN0001225,PROD00130,1,213000.0
TI00003708,TXN0001226,PROD00090,2,838900.0
TI00003709,TXN0001227,PROD00050,3,134700.0
TI00003710,TXN0001227,PROD00155,4,277300.0
TI00003711,TXN0001227,PROD00040,4,3685900.0
TI00003712,TXN0001227,PROD00157,4,6815900.0
TI00003713,TXN0001228,PROD00064,2,1537200.0
TI00003714,TXN0001228,PROD00094,4,365200.0
TI00003715,TXN0001228,PROD00037,2,718700.0
TI00003716,TXN0001229,PROD00016,1,167400.0
TI00003717,TXN0001229,PROD00123,1,520300.0
TI00003718,TXN0001229,PROD00169,3,6358700.0
TI00003719,TXN0001230,PROD00180,2,96700.0
TI00003720,TXN0001230,PROD00137,3,59500.0
TI00003721,TXN0001230,PROD00134,3,1383900.0
TI00003722,TXN0001230,PROD00101,2,11745100.0
TI00003723,TXN0001230,PROD00140,4,10502400.0
TI00003724,TXN0001231,PROD00104,4,179700.0
TI00003725,TXN0001231,PROD00112,1,3050100.0
TI00003726,TXN0001231,PROD00097,4,2301200.0
TI00003727,TXN0001231,PROD00022,1,1337300.0
TI00003728,TXN0001232,PROD00157,3,6815900.0
TI00003729,TXN0001232,PROD00100,1,546800.0
TI00003730,TXN0001232,PROD00079,1,31800.0
TI00003731,TXN0001232,PROD00128,2,202200.0
TI00003732,TXN0001233,PROD00147,1,229500.0
TI00003733,TXN0001233,PROD00139,1,621000.0
TI00003734,TXN0001233,PROD00045,1,75500.0
TI00003735,TXN0001233,PROD00165,3,242000.0
TI00003736,TXN0001233,PROD00081,4,41700.0
TI00003737,TXN0001234,PROD00014,2,2104400.0
TI00003738,TXN0001234,PROD00176,3,168200.0
TI00003739,TXN0001234,PROD00112,1,3050100.0
TI00003740,TXN0001234,PROD00131,2,2828000.0
TI00003741,TXN0001234,PROD00135,1,495100.0
TI00003742,TXN0001235,PROD00082,2,435600.0
TI00003743,TXN0001235,PROD00019,4,353800.0
TI00003744,TXN0001236,PROD00177,3,228400.0
TI00003745,TXN0001236,PROD00030,1,10909100.0
TI00003746,TXN0001237,PROD00100,3,546800.0
TI00003747,TXN0001237,PROD00059,4,3249400.0
TI00003748,TXN0001238,PROD00154,3,192800.0
TI00003749,TXN0001238,PROD00064,4,1537200.0
TI00003750,TXN0001239,PROD00053,4,197800.0
TI00003751,TXN0001239,PROD00168,1,54200.0
TI00003752,TXN0001239,PROD00070,4,191800.0
TI00003753,TXN0001240,PROD00125,1,716900.0
TI00003754,TXN0001240,PROD00065,4,846500.0
TI00003755,TXN0001241,PROD00164,1,103200.0
TI00003756,TXN0001242,PROD00084,4,1607800.0
TI00003757,TXN0001242,PROD00043,3,223400.0
TI00003758,TXN0001242,PROD00066,3,162000.0
TI00003759,TXN0001242,PROD00175,3,99600.0
TI00003760,TXN0001242,PROD00178,3,55100.0
TI00003761,TXN0001243,PROD00102,2,171600.0
TI00003762,TXN0001244,PROD00052,4,58000.0
TI00003763,TXN0001244,PROD00033,4,10971800.0
TI00003764,TXN0001244,PROD00133,1,521500.0
TI00003765,TXN0001244,PROD00010,1,675900.0
TI00003766,TXN0001245,PROD00062,4,83600.0
TI00003767,TXN0001246,PROD00153,2,121800.0
TI00003768,TXN0001246,PROD00011,2,810900.0
TI00003769,TXN0001246,PROD00170,3,806200.0
TI00003770,TXN0001246,PROD00129,1,67800.0
TI00003771,TXN0001247,PROD00045,2,75500.0
TI00003772,TXN0001247,PROD00090,1,838900.0
TI00003773,TXN0001247,PROD00119,4,3450500.0
TI00003774,TXN0001248,PROD00048,2,88700.0
TI00003775,TXN0001248,PROD00161,3,231200.0
TI00003776,TXN0001249,PROD00018,3,2056700.0
TI00003777,TXN0001249,PROD00063,2,631600.0
TI00003778,TXN0001249,PROD00155,2,277300.0
TI00003779,TXN0001249,PROD00136,3,787800.0
TI00003780,TXN0001250,PROD00005,1,613400.0
TI00003781,TXN0001250,PROD00159,2,3240200.0
TI00003782,TXN0001250,PROD00044,1,2984700.0
TI00003783,TXN0001250,PROD00083,2,6771700.0
TI00003784,TXN0001250,PROD00095,1,428500.0
TI00003785,TXN0001251,PROD00015,1,327100.0
TI00003786,TXN0001251,PROD00100,1,546800.0
TI00003787,TXN0001251,PROD00146,1,647500.0
TI00003788,TXN0001251,PROD00031,4,571800.0
TI00003789,TXN0001251,PROD00058,4,1306500.0
TI00003790,TXN0001252,PROD00175,3,99600.0
TI00003791,TXN0001252,PROD00126,3,219500.0
TI00003792,TXN0001253,PROD00117,3,188000.0
TI00003793,TXN0001253,PROD00138,2,57200.0
TI00003794,TXN0001254,PROD00095,4,428500.0
TI00003795,TXN0001254,PROD00006,3,1710300.0
TI00003796,TXN0001255,PROD00106,2,610900.0
TI00003797,TXN0001255,PROD00139,3,621000.0
TI00003798,TXN0001255,PROD00059,2,3249400.0
TI00003799,TXN0001255,PROD00103,4,499800.0
TI00003800,TXN0001256,PROD00114,3,362300.0
TI00003801,TXN0001256,PROD00100,3,546800.0
TI00003802,TXN0001256,PROD00119,4,3450500.0
TI00003803,TXN0001256,PROD00094,2,365200.0
TI00003804,TXN0001257,PROD00056,2,246400.0
TI00003805,TXN0001257,PROD00049,3,244600.0
TI00003806,TXN0001258,PROD00096,4,366200.0
TI00003807,TXN0001258,PROD00165,2,242000.0
TI00003808,TXN0001258,PROD00079,4,31800.0
TI00003809,TXN0001258,PROD00055,1,29300.0
TI00003810,TXN0001259,PROD00106,2,610900.0
TI00003811,TXN0001259,PROD00014,4,2104400.0
TI00003812,TXN0001259,PROD00052,4,58000.0
TI00003813,TXN0001259,PROD00056,2,246400.0
TI00003814,TXN0001259,PROD00087,4,86200.0
TI00003815,TXN0001260,PROD00070,2,191800.0
TI00003816,TXN0001260,PROD00175,4,99600.0
TI00003817,TXN0001261,PROD00082,4,435600.0
TI00003818,TXN0001261,PROD00120,3,283500.0
TI00003819,TXN0001261,PROD00063,1,631600.0
TI00003820,TXN0001261,PROD00034,1,1485900.0
TI00003821,TXN0001262,PROD00003,1,623300.0
TI00003822,TXN0001263,PROD00092,2,198900.0
TI00003823,TXN0001263,PROD00052,3,58000.0
TI00003824,TXN0001263,PROD00039,1,1936200.0
TI00003825,TXN0001264,PROD00087,1,86200.0
TI00003826,TXN0001264,PROD00045,2,75500.0
TI00003827,TXN0001264,PROD00075,2,382900.0
TI00003828,TXN0001264,PROD00078,2,473100.0
TI00003829,TXN0001265,PROD00159,4,3240200.0
TI00003830,TXN0001265,PROD00105,3,76100.0
TI00003831,TXN0001265,PROD00041,2,792800.0
TI00003832,TXN0001265,PROD00144,1,2659900.0
TI00003833,TXN0001265,PROD00142,2,324600.0
TI00003834,TXN0001266,PROD00098,4,66400.0
TI00003835,TXN0001266,PROD00122,4,2205900.0
TI00003836,TXN0001267,PROD00147,3,229500.0
TI00003837,TXN0001267,PROD00047,3,165600.0
TI00003838,TXN0001267,PROD00115,1,1810600.0
TI00003839,TXN0001267,PROD00006,3,1710300.0
TI00003840,TXN0001267,PROD00126,1,219500.0
TI00003841,TXN0001268,PROD00172,2,162600.0
TI00003842,TXN0001269,PROD00091,4,17600.0
TI00003843,TXN0001270,PROD00050,1,134700.0
TI00003844,TXN0001270,PROD00132,4,6814300.0
TI00003845,TXN0001270,PROD00072,3,470400.0
TI00003846,TXN0001271,PROD00068,3,189500.0
TI00003847,TXN0001271,PROD00115,1,1810600.0
TI00003848,TXN0001271,PROD00111,3,5440300.0
TI00003849,TXN0001272,PROD00142,1,324600.0
TI00003850,TXN0001272,PROD00009,1,183500.0
TI00003851,TXN0001272,PROD00034,3,1485900.0
TI00003852,TXN0001273,PROD00178,3,55100.0
TI00003853,TXN0001274,PROD00132,3,6814300.0
TI00003854,TXN0001274,PROD00109,2,3001900.0
TI00003855,TXN0001274,PROD00105,3,76100.0
TI00003856,TXN0001275,PROD00126,3,219500.0
TI00003857,TXN0001275,PROD00073,1,55700.0
TI00003858,TXN0001276,PROD00171,3,9207400.0
TI00003859,TXN0001277,PROD00033,1,10971800.0
TI00003860,TXN0001278,PROD00147,1,229500.0
TI00003861,TXN0001278,PROD00061,1,8063300.0
TI00003862,TXN0001279,PROD00019,3,353800.0
TI00003863,TXN0001279,PROD00040,1,3685900.0
TI00003864,TXN0001279,PROD00150,1,874600.0
TI00003865,TXN0001279,PROD00161,1,231200.0
TI00003866,TXN0001279,PROD00118,2,97800.0
TI00003867,TXN0001280,PROD00024,4,595000.0
TI00003868,TXN0001280,PROD00001,2,179800.0
TI00003869,TXN0001281,PROD00050,2,134700.0
TI00003870,TXN0001281,PROD00122,4,2205900.0
TI00003871,TXN0001281,PROD00051,3,752100.0
TI00003872,TXN0001281,PROD00127,1,172600.0
TI00003873,TXN0001281,PROD00155,4,277300.0
TI00003874,TXN0001282,PROD00068,2,189500.0
TI00003875,TXN0001282,PROD00037,1,718700.0
TI00003876,TXN0001283,PROD00083,2,6771700.0
TI00003877,TXN0001283,PROD00059,4,3249400.0
TI00003878,TXN0001284,PROD00130,4,213000.0
TI00003879,TXN0001284,PROD00164,3,103200.0
TI00003880,TXN0001284,PROD00074,3,99400.0
TI00003881,TXN0001284,PROD00056,2,246400.0
TI00003882,TXN0001285,PROD00073,1,55700.0
TI00003883,TXN0001285,PROD00042,1,110400.0
TI00003884,TXN0001285,PROD00017,4,61400.0
TI00003885,TXN0001286,PROD00004,3,1254300.0
TI00003886,TXN0001286,PROD00173,1,67500.0
TI00003887,TXN0001286,PROD00023,3,225100.0
TI00003888,TXN0001286,PROD00082,3,435600.0
TI00003889,TXN0001287,PROD00095,3,428500.0
TI00003890,TXN0001287,PROD00128,2,202200.0
TI00003891,TXN0001287,PROD00077,2,37900.0
TI00003892,TXN0001287,PROD00126,2,219500.0
TI00003893,TXN0001288,PROD00084,2,1607800.0
TI00003894,TXN0001288,PROD00104,2,179700.0
TI00003895,TXN0001288,PROD00119,4,3450500.0
TI00003896,TXN0001288,PROD00116,4,561100.0
TI00003897,TXN0001289,PROD00162,1,532200.0
TI00003898,TXN0001289,PROD00039,4,1936200.0
TI00003899,TXN0001289,PROD00103,2,499800.0
TI00003900,TXN0001289,PROD00094,2,365200.0
TI00003901,TXN0001290,PROD00005,4,613400.0
TI00003902,TXN0001291,PROD00006,4,1710300.0
TI00003903,TXN0001291,PROD00128,2,202200.0
TI00003904,TXN0001292,PROD00156,2,117900.0
TI00003905,TXN0001292,PROD00128,4,202200.0
TI00003906,TXN0001292,PROD00111,1,5440300.0
TI00003907,TXN0001292,PROD00112,3,3050100.0
TI00003908,TXN0001293,PROD00156,4,117900.0
TI00003909,TXN0001293,PROD00075,2,382900.0
TI00003910,TXN0001293,PROD00037,4,718700.0
TI00003911,TXN0001293,PROD00061,4,8063300.0
TI00003912,TXN0001294,PROD00176,1,168200.0
TI00003913,TXN0001294,PROD00159,2,3240200.0
TI00003914,TXN0001294,PROD00110,3,130700.0
TI00003915,TXN0001295,PROD00177,4,228400.0
TI00003916,TXN0001295,PROD00033,1,10971800.0
TI00003917,TXN0001295,PROD00095,1,428500.0
TI00003918,TXN0001296,PROD00084,2,1607800.0
TI00003919,TXN0001296,PROD00177,3,228400.0
TI00003920,TXN0001297,PROD00088,2,220600.0
TI00003921,TXN0001297,PROD00148,3,272900.0
TI00003922,TXN0001297,PROD00085,2,262600.0
TI00003923,TXN0001297,PROD00179,2,1206500.0
TI00003924,TXN0001297,PROD00050,2,134700.0
TI00003925,TXN0001298,PROD00005,4,613400.0
TI00003926,TXN0001298,PROD00081,2,41700.0
TI00003927,TXN0001298,PROD00131,3,2828000.0
TI00003928,TXN0001298,PROD00025,1,57900.0
TI00003929,TXN0001299,PROD00155,4,277300.0
TI00003930,TXN0001299,PROD00069,2,145200.0
TI00003931,TXN0001299,PROD00018,3,2056700.0
TI00003932,TXN0001299,PROD00116,2,561100.0
TI00003933,TXN0001300,PROD00064,3,1537200.0
TI00003934,TXN0001300,PROD00058,3,1306500.0
TI00003935,TXN0001300,PROD00163,4,337100.0
TI00003936,TXN0001300,PROD00001,2,179800.0
TI00003937,TXN0001301,PROD00155,2,277300.0
TI00003938,TXN0001301,PROD00138,1,57200.0
TI00003939,TXN0001301,PROD00052,3,58000.0
TI00003940,TXN0001302,PROD00135,3,495100.0
TI00003941,TXN0001302,PROD00130,2,213000.0
TI00003942,TXN0001303,PROD00077,3,37900.0
TI00003943,TXN0001304,PROD00021,4,423700.0
TI00003944,TXN0001304,PROD00095,4,428500.0
TI00003945,TXN0001304,PROD00120,2,283500.0
TI00003946,TXN0001304,PROD00038,4,3280700.0
TI00003947,TXN0001305,PROD00071,3,501200.0
TI00003948,TXN0001305,PROD00051,2,752100.0
TI00003949,TXN0001305,PROD00156,2,117900.0
TI00003950,TXN0001305,PROD00117,3,188000.0
TI00003951,TXN0001306,PROD00084,4,1607800.0
TI00003952,TXN0001307,PROD00161,4,231200.0
TI00003953,TXN0001308,PROD00084,1,1607800.0
TI00003954,TXN0001308,PROD00157,3,6815900.0
TI00003955,TXN0001309,PROD00011,1,810900.0
TI00003956,TXN0001309,PROD00131,1,2828000.0
TI00003957,TXN0001309,PROD00015,2,327100.0
TI00003958,TXN0001309,PROD00034,2,1485900.0
TI00003959,TXN0001309,PROD00128,1,202200.0
TI00003960,TXN0001310,PROD00024,3,595000.0
TI00003961,TXN0001310,PROD00093,3,2689800.0
TI00003962,TXN0001311,PROD00018,1,2056700.0
TI00003963,TXN0001311,PROD00127,4,172600.0
TI00003964,TXN0001311,PROD00103,4,499800.0
TI00003965,TXN0001312,PROD00115,1,1810600.0
TI00003966,TXN0001312,PROD00041,3,792800.0
TI00003967,TXN0001313,PROD00165,2,242000.0
TI00003968,TXN0001314,PROD00040,3,3685900.0
TI00003969,TXN0001314,PROD00036,3,11966500.0
TI00003970,TXN0001315,PROD00005,1,613400.0
TI00003971,TXN0001315,PROD00131,4,2828000.0
TI00003972,TXN0001315,PROD00075,1,382900.0
TI00003973,TXN0001315,PROD00127,1,172600.0
TI00003974,TXN0001316,PROD00126,3,219500.0
TI00003975,TXN0001316,PROD00002,2,1365600.0
TI00003976,TXN0001316,PROD00090,4,838900.0
TI00003977,TXN0001316,PROD00180,2,96700.0
TI00003978,TXN0001316,PROD00021,2,423700.0
TI00003979,TXN0001317,PROD00096,3,366200.0
TI00003980,TXN0001317,PROD00131,3,2828000.0
TI00003981,TXN0001317,PROD00100,2,546800.0
TI00003982,TXN0001317,PROD00041,3,792800.0
TI00003983,TXN0001317,PROD00052,3,58000.0
TI00003984,TXN0001318,PROD00116,4,561100.0
TI00003985,TXN0001318,PROD00008,2,86100.0
TI00003986,TXN0001318,PROD00115,2,1810600.0
TI00003987,TXN0001319,PROD00146,2,647500.0
TI00003988,TXN0001319,PROD00077,3,37900.0
TI00003989,TXN0001320,PROD00056,3,246400.0
TI00003990,TXN0001320,PROD00131,1,2828000.0
TI00003991,TXN0001320,PROD00007,2,456400.0
TI00003992,TXN0001321,PROD00100,2,546800.0
TI00003993,TXN0001321,PROD00084,4,1607800.0
TI00003994,TXN0001321,PROD00118,4,97800.0
TI00003995,TXN0001321,PROD00101,3,11745100.0
TI00003996,TXN0001322,PROD00028,1,497400.0
TI00003997,TXN0001322,PROD00001,3,179800.0
TI00003998,TXN0001322,PROD00008,1,86100.0
TI00003999,TXN0001322,PROD00159,3,3240200.0
TI00004000,TXN0001322,PROD00013,4,1045000.0
TI00004001,TXN0001323,PROD00056,4,246400.0
TI00004002,TXN0001323,PROD00166,3,120600.0
TI00004003,TXN0001323,PROD00049,1,244600.0
TI00004004,TXN0001324,PROD00078,2,473100.0
TI00004005,TXN0001325,PROD00045,2,75500.0
TI00004006,TXN0001325,PROD00004,4,1254300.0
TI00004007,TXN0001325,PROD00029,3,747300.0
TI00004008,TXN0001325,PROD00023,3,225100.0
TI00004009,TXN0001326,PROD00123,1,520300.0
TI00004010,TXN0001326,PROD00017,4,61400.0
TI00004011,TXN0001326,PROD00178,4,55100.0
TI00004012,TXN0001326,PROD00040,1,3685900.0
TI00004013,TXN0001326,PROD00056,1,246400.0
TI00004014,TXN0001327,PROD00106,1,610900.0
TI00004015,TXN0001327,PROD00045,1,75500.0
TI00004016,TXN0001327,PROD00004,3,1254300.0
TI00004017,TXN0001327,PROD00148,3,272900.0
TI00004018,TXN0001328,PROD00172,3,162600.0
TI00004019,TXN0001329,PROD00001,4,179800.0
TI00004020,TXN0001329,PROD00167,4,79900.0
TI00004021,TXN0001329,PROD00012,2,744700.0
TI00004022,TXN0001329,PROD00145,1,626300.0
TI00004023,TXN0001330,PROD00154,3,192800.0
TI00004024,TXN0001331,PROD00042,2,110400.0
TI00004025,TXN0001331,PROD00096,3,366200.0
TI00004026,TXN0001331,PROD00169,3,6358700.0
TI00004027,TXN0001331,PROD00142,4,324600.0
TI00004028,TXN0001331,PROD00139,2,621000.0
TI00004029,TXN0001332,PROD00120,2,283500.0
TI00004030,TXN0001332,PROD00089,4,11224800.0
TI00004031,TXN0001332,PROD00075,4,382900.0
TI00004032,TXN0001333,PROD00036,4,11966500.0
TI00004033,TXN0001333,PROD00086,4,8987800.0
TI00004034,TXN0001333,PROD00092,2,198900.0
TI00004035,TXN0001334,PROD00161,2,231200.0
TI00004036,TXN0001334,PROD00038,2,3280700.0
TI00004037,TXN0001334,PROD00154,2,192800.0
TI00004038,TXN0001334,PROD00088,4,220600.0
TI00004039,TXN0001334,PROD00139,1,621000.0
TI00004040,TXN0001335,PROD00011,3,810900.0
TI00004041,TXN0001335,PROD00134,2,1383900.0
TI00004042,TXN0001335,PROD00027,2,124600.0
TI00004043,TXN0001335,PROD00148,3,272900.0
TI00004044,TXN0001335,PROD00002,4,1365600.0
TI00004045,TXN0001336,PROD00141,4,527900.0
TI00004046,TXN0001336,PROD00102,2,171600.0
TI00004047,TXN0001336,PROD00134,3,1383900.0
TI00004048,TXN0001337,PROD00164,4,103200.0
TI00004049,TXN0001337,PROD00165,2,242000.0
TI00004050,TXN0001338,PROD00028,3,497400.0
TI00004051,TXN0001338,PROD00127,2,172600.0
TI00004052,TXN0001338,PROD00037,4,718700.0
TI00004053,TXN0001338,PROD00019,3,353800.0
TI00004054,TXN0001338,PROD00178,2,55100.0
TI00004055,TXN0001339,PROD00049,1,244600.0
TI00004056,TXN0001340,PROD00031,1,571800.0
TI00004057,TXN0001340,PROD00054,1,1692000.0
TI00004058,TXN0001340,PROD00048,3,88700.0
TI00004059,TXN0001341,PROD00092,3,198900.0
TI00004060,TXN0001341,PROD00170,3,806200.0
TI00004061,TXN0001341,PROD00104,4,179700.0
TI00004062,TXN0001341,PROD00003,3,623300.0
TI00004063,TXN0001342,PROD00009,1,183500.0
TI00004064,TXN0001342,PROD00128,3,202200.0
TI00004065,TXN0001342,PROD00082,4,435600.0
TI00004066,TXN0001342,PROD00090,4,838900.0
TI00004067,TXN0001343,PROD00159,4,3240200.0
TI00004068,TXN0001343,PROD00090,1,838900.0
TI00004069,TXN0001343,PROD00176,4,168200.0
TI00004070,TXN0001343,PROD00126,1,219500.0
TI00004071,TXN0001343,PROD00007,4,456400.0
TI00004072,TXN0001344,PROD00022,2,1337300.0
TI00004073,TXN0001345,PROD00087,1,86200.0
TI00004074,TXN0001345,PROD00062,3,83600.0
TI00004075,TXN0001345,PROD00155,3,277300.0
TI00004076,TXN0001345,PROD00121,4,190400.0
TI00004077,TXN0001346,PROD00025,1,57900.0
TI00004078,TXN0001346,PROD00003,4,623300.0
TI00004079,TXN0001346,PROD00176,1,168200.0
TI00004080,TXN0001346,PROD00033,2,10971800.0
TI00004081,TXN0001347,PROD00168,4,54200.0
TI00004082,TXN0001347,PROD00013,2,1045000.0
TI00004083,TXN0001347,PROD00065,4,846500.0
TI00004084,TXN0001347,PROD00150,3,874600.0
TI00004085,TXN0001347,PROD00031,2,571800.0
TI00004086,TXN0001348,PROD00085,1,262600.0
TI00004087,TXN0001348,PROD00110,2,130700.0
TI00004088,TXN0001348,PROD00029,4,747300.0
TI00004089,TXN0001348,PROD00176,4,168200.0
TI00004090,TXN0001348,PROD00040,2,3685900.0
TI00004091,TXN0001349,PROD00097,3,2301200.0
TI00004092,TXN0001349,PROD00012,2,744700.0
TI00004093,TXN0001350,PROD00127,1,172600.0
TI00004094,TXN0001350,PROD00059,2,3249400.0
TI00004095,TXN0001350,PROD00114,2,362300.0
TI00004096,TXN0001350,PROD00180,2,96700.0
TI00004097,TXN0001350,PROD00030,1,10909100.0
TI00004098,TXN0001351,PROD00179,3,1206500.0
TI00004099,TXN0001351,PROD00111,1,5440300.0
TI00004100,TXN0001351,PROD00006,4,1710300.0
TI00004101,TXN0001352,PROD00180,3,96700.0
TI00004102,TXN0001352,PROD00109,3,3001900.0
TI00004103,TXN0001352,PROD00018,4,2056700.0
TI00004104,TXN0001352,PROD00017,4,61400.0
TI00004105,TXN0001352,PROD00023,2,225100.0
TI00004106,TXN0001353,PROD00042,1,110400.0
TI00004107,TXN0001354,PROD00115,3,1810600.0
TI00004108,TXN0001354,PROD00169,3,6358700.0
TI00004109,TXN0001355,PROD00150,1,874600.0
TI00004110,TXN0001355,PROD00106,1,610900.0
TI00004111,TXN0001356,PROD00003,1,623300.0
TI00004112,TXN0001356,PROD00096,1,366200.0
TI00004113,TXN0001356,PROD00016,3,167400.0
TI00004114,TXN0001356,PROD00131,1,2828000.0
TI00004115,TXN0001357,PROD00055,4,29300.0
TI00004116,TXN0001357,PROD00049,4,244600.0
TI00004117,TXN0001357,PROD00170,2,806200.0
TI00004118,TXN0001357,PROD00122,1,2205900.0
TI00004119,TXN0001358,PROD00038,2,3280700.0
TI00004120,TXN0001358,PROD00018,2,2056700.0
TI00004121,TXN0001358,PROD00123,4,520300.0
TI00004122,TXN0001358,PROD00132,3,6814300.0
TI00004123,TXN0001358,PROD00019,2,353800.0
TI00004124,TXN0001359,PROD00011,2,810900.0
TI00004125,TXN0001359,PROD00083,3,6771700.0
TI00004126,TXN0001359,PROD00102,4,171600.0
TI00004127,TXN0001359,PROD00008,4,86100.0
TI00004128,TXN0001360,PROD00123,4,520300.0
TI00004129,TXN0001360,PROD00158,2,488300.0
TI00004130,TXN0001361,PROD00074,1,99400.0
TI00004131,TXN0001361,PROD00128,4,202200.0
TI00004132,TXN0001361,PROD00020,1,176500.0
TI00004133,TXN0001361,PROD00111,1,5440300.0
TI00004134,TXN0001361,PROD00154,2,192800.0
TI00004135,TXN0001362,PROD00101,3,11745100.0
TI00004136,TXN0001362,PROD00072,3,470400.0
TI00004137,TXN0001362,PROD00119,3,3450500.0
TI00004138,TXN0001363,PROD00099,2,497200.0
TI00004139,TXN0001363,PROD00177,4,228400.0
TI00004140,TXN0001363,PROD00151,3,116700.0
TI00004141,TXN0001363,PROD00178,1,55100.0
TI00004142,TXN0001364,PROD00133,3,521500.0
TI00004143,TXN0001364,PROD00158,3,488300.0
TI00004144,TXN0001364,PROD00162,3,532200.0
TI00004145,TXN0001364,PROD00017,2,61400.0
TI00004146,TXN0001364,PROD00065,3,846500.0
TI00004147,TXN0001365,PROD00049,4,244600.0
TI00004148,TXN0001365,PROD00090,3,838900.0
TI00004149,TXN0001365,PROD00079,3,31800.0
TI00004150,TXN0001365,PROD00050,4,134700.0
TI00004151,TXN0001365,PROD00086,2,8987800.0
TI00004152,TXN0001366,PROD00176,3,168200.0
TI00004153,TXN0001366,PROD00093,2,2689800.0
TI00004154,TXN0001367,PROD00031,2,571800.0
TI00004155,TXN0001367,PROD00075,2,382900.0
TI00004156,TXN0001368,PROD00096,3,366200.0
TI00004157,TXN0001368,PROD00063,4,631600.0
TI00004158,TXN0001368,PROD00101,3,11745100.0
TI00004159,TXN0001368,PROD00124,2,11671600.0
TI00004160,TXN0001369,PROD00141,2,527900.0
TI00004161,TXN0001369,PROD00101,3,11745100.0
TI00004162,TXN0001369,PROD00001,4,179800.0
TI00004163,TXN0001369,PROD00018,4,2056700.0
TI00004164,TXN0001370,PROD00131,2,2828000.0
TI00004165,TXN0001370,PROD00146,3,647500.0
TI00004166,TXN0001370,PROD00108,1,570800.0
TI00004167,TXN0001371,PROD00153,4,121800.0
TI00004168,TXN0001371,PROD00028,3,497400.0
TI00004169,TXN0001371,PROD00122,1,2205900.0
TI00004170,TXN0001371,PROD00112,2,3050100.0
TI00004171,TXN0001372,PROD00014,3,2104400.0
TI00004172,TXN0001372,PROD00011,1,810900.0
TI00004173,TXN0001372,PROD00018,3,2056700.0
TI00004174,TXN0001373,PROD00170,1,806200.0
TI00004175,TXN0001374,PROD00160,4,297400.0
TI00004176,TXN0001374,PROD00071,2,501200.0
TI00004177,TXN0001374,PROD00073,2,55700.0
TI00004178,TXN0001375,PROD00039,3,1936200.0
TI00004179,TXN0001375,PROD00006,2,1710300.0
TI00004180,TXN0001376,PROD00139,1,621000.0
TI00004181,TXN0001376,PROD00158,2,488300.0
TI00004182,TXN0001377,PROD00070,4,191800.0
TI00004183,TXN0001377,PROD00125,2,716900.0
TI00004184,TXN0001377,PROD00032,2,359500.0
TI00004185,TXN0001377,PROD00025,4,57900.0
TI00004186,TXN0001377,PROD00064,2,1537200.0
TI00004187,TXN0001378,PROD00072,1,470400.0
TI00004188,TXN0001378,PROD00028,2,497400.0
TI00004189,TXN0001379,PROD00154,1,192800.0
TI00004190,TXN0001379,PROD00099,1,497200.0
TI00004191,TXN0001379,PROD00115,4,1810600.0
TI00004192,TXN0001379,PROD00055,4,29300.0
TI00004193,TXN0001379,PROD00060,4,218600.0
TI00004194,TXN0001380,PROD00070,3,191800.0
TI00004195,TXN0001380,PROD00053,3,197800.0
TI00004196,TXN0001380,PROD00173,1,67500.0
TI00004197,TXN0001380,PROD00126,4,219500.0
TI00004198,TXN0001380,PROD00112,4,3050100.0
TI00004199,TXN0001381,PROD00020,4,176500.0
TI00004200,TXN0001381,PROD00154,2,192800.0
TI00004201,TXN0001382,PROD00091,2,17600.0
TI00004202,TXN0001382,PROD00104,3,179700.0
TI00004203,TXN0001382,PROD00071,2,501200.0
TI00004204,TXN0001383,PROD00007,1,456400.0
TI00004205,TXN0001383,PROD00176,4,168200.0
TI00004206,TXN0001383,PROD00145,1,626300.0
TI00004207,TXN0001383,PROD00063,4,631600.0
TI00004208,TXN0001384,PROD00126,4,219500.0
TI00004209,TXN0001385,PROD00066,3,162000.0
TI00004210,TXN0001385,PROD00090,3,838900.0
TI00004211,TXN0001385,PROD00059,4,3249400.0
TI00004212,TXN0001385,PROD00069,2,145200.0
TI00004213,TXN0001386,PROD00166,1,120600.0
TI00004214,TXN0001386,PROD00133,4,521500.0
TI00004215,TXN0001386,PROD00154,3,192800.0
TI00004216,TXN0001386,PROD00136,1,787800.0
TI00004217,TXN0001386,PROD00051,2,752100.0
TI00004218,TXN0001387,PROD00158,1,488300.0
TI00004219,TXN0001388,PROD00066,4,162000.0
TI00004220,TXN0001388,PROD00116,3,561100.0
TI00004221,TXN0001388,PROD00039,2,1936200.0
TI00004222,TXN0001388,PROD00076,2,609300.0
TI00004223,TXN0001388,PROD00037,4,718700.0
TI00004224,TXN0001389,PROD00014,4,2104400.0
TI00004225,TXN0001389,PROD00147,4,229500.0
TI00004226,TXN0001389,PROD00168,2,54200.0
TI00004227,TXN0001389,PROD00046,2,314500.0
TI00004228,TXN0001389,PROD00074,1,99400.0
TI00004229,TXN0001390,PROD00018,1,2056700.0
TI00004230,TXN0001391,PROD00142,2,324600.0
TI00004231,TXN0001391,PROD00095,2,428500.0
TI00004232,TXN0001391,PROD00046,1,314500.0
TI00004233,TXN0001391,PROD00040,3,3685900.0
TI00004234,TXN0001392,PROD00006,2,1710300.0
TI00004235,TXN0001392,PROD00129,2,67800.0
TI00004236,TXN0001392,PROD00130,1,213000.0
TI00004237,TXN0001392,PROD00015,4,327100.0
TI00004238,TXN0001392,PROD00101,2,11745100.0
TI00004239,TXN0001393,PROD00095,4,428500.0
TI00004240,TXN0001393,PROD00147,2,229500.0
TI00004241,TXN0001393,PROD00072,1,470400.0
TI00004242,TXN0001393,PROD00119,2,3450500.0
TI00004243,TXN0001393,PROD00063,2,631600.0
TI00004244,TXN0001394,PROD00035,4,3271400.0
TI00004245,TXN0001394,PROD00001,4,179800.0
TI00004246,TXN0001394,PROD00074,4,99400.0
TI00004247,TXN0001394,PROD00118,4,97800.0
TI00004248,TXN0001395,PROD00148,2,272900.0
TI00004249,TXN0001395,PROD00104,4,179700.0
TI00004250,TXN0001395,PROD00065,2,846500.0
TI00004251,TXN0001395,PROD00135,1,495100.0
TI00004252,TXN0001395,PROD00105,2,76100.0
TI00004253,TXN0001396,PROD00077,4,37900.0
TI00004254,TXN0001396,PROD00030,4,10909100.0
TI00004255,TXN0001396,PROD00155,4,277300.0
TI00004256,TXN0001397,PROD00005,4,613400.0
TI00004257,TXN0001397,PROD00056,2,246400.0
TI00004258,TXN0001398,PROD00102,1,171600.0
TI00004259,TXN0001398,PROD00063,2,631600.0
TI00004260,TXN0001398,PROD00037,4,718700.0
TI00004261,TXN0001399,PROD00120,2,283500.0
TI00004262,TXN0001399,PROD00096,4,366200.0
TI00004263,TXN0001399,PROD00053,1,197800.0
TI00004264,TXN0001399,PROD00119,2,3450500.0
TI00004265,TXN0001400,PROD00076,3,609300.0
TI00004266,TXN0001401,PROD00099,3,497200.0
TI00004267,TXN0001401,PROD00168,3,54200.0
TI00004268,TXN0001401,PROD00111,4,5440300.0
TI00004269,TXN0001401,PROD00020,1,176500.0
TI00004270,TXN0001402,PROD00085,2,262600.0
TI00004271,TXN0001402,PROD00050,1,134700.0
TI00004272,TXN0001402,PROD00080,1,204100.0
TI00004273,TXN0001403,PROD00070,3,191800.0
TI00004274,TXN0001403,PROD00016,1,167400.0
TI00004275,TXN0001403,PROD00007,4,456400.0
TI00004276,TXN0001403,PROD00131,4,2828000.0
TI00004277,TXN0001403,PROD00056,3,246400.0
TI00004278,TXN0001404,PROD00084,1,1607800.0
TI00004279,TXN0001404,PROD00073,4,55700.0
TI00004280,TXN0001404,PROD00095,4,428500.0
TI00004281,TXN0001404,PROD00014,4,2104400.0
TI00004282,TXN0001404,PROD00133,1,521500.0
TI00004283,TXN0001405,PROD00040,4,3685900.0
TI00004284,TXN0001406,PROD00037,4,718700.0
TI00004285,TXN0001406,PROD00051,3,752100.0
TI00004286,TXN0001406,PROD00024,4,595000.0
TI00004287,TXN0001407,PROD00050,2,134700.0
TI00004288,TXN0001407,PROD00108,4,570800.0
TI00004289,TXN0001408,PROD00146,2,647500.0
TI00004290,TXN0001408,PROD00066,1,162000.0
TI00004291,TXN0001408,PROD00054,3,1692000.0
TI00004292,TXN0001408,PROD00001,4,179800.0
TI00004293,TXN0001408,PROD00017,1,61400.0
TI00004294,TXN0001409,PROD00173,1,67500.0
TI00004295,TXN0001409,PROD00127,1,172600.0
TI00004296,TXN0001410,PROD00121,3,190400.0
TI00004297,TXN0001410,PROD00067,3,1694500.0
TI00004298,TXN0001410,PROD00148,2,272900.0
TI00004299,TXN0001411,PROD00063,3,631600.0
TI00004300,TXN0001411,PROD00058,3,1306500.0
TI00004301,TXN0001411,PROD00006,3,1710300.0
TI00004302,TXN0001411,PROD00112,4,3050100.0
TI00004303,TXN0001411,PROD00124,4,11671600.0
TI00004304,TXN0001412,PROD00066,2,162000.0
TI00004305,TXN0001412,PROD00028,2,497400.0
TI00004306,TXN0001412,PROD00038,2,3280700.0
TI00004307,TXN0001413,PROD00179,3,1206500.0
TI00004308,TXN0001414,PROD00108,1,570800.0
TI00004309,TXN0001414,PROD00146,2,647500.0
TI00004310,TXN0001414,PROD00085,2,262600.0
TI00004311,TXN0001414,PROD00077,4,37900.0
TI00004312,TXN0001415,PROD00112,4,3050100.0
TI00004313,TXN0001416,PROD00008,3,86100.0
TI00004314,TXN0001416,PROD00086,2,8987800.0
TI00004315,TXN0001416,PROD00095,4,428500.0
TI00004316,TXN0001416,PROD00031,4,571800.0
TI00004317,TXN0001417,PROD00104,2,179700.0
TI00004318,TXN0001417,PROD00111,3,5440300.0
TI00004319,TXN0001418,PROD00087,3,86200.0
TI00004320,TXN0001418,PROD00041,4,792800.0
TI00004321,TXN0001419,PROD00022,1,1337300.0
TI00004322,TXN0001420,PROD00014,4,2104400.0
TI00004323,TXN0001420,PROD00001,2,179800.0
TI00004324,TXN0001421,PROD00094,3,365200.0
TI00004325,TXN0001421,PROD00174,1,71600.0
TI00004326,TXN0001421,PROD00176,1,168200.0
TI00004327,TXN0001422,PROD00150,1,874600.0
TI00004328,TXN0001423,PROD00050,2,134700.0
TI00004329,TXN0001424,PROD00069,3,145200.0
TI00004330,TXN0001425,PROD00073,3,55700.0
TI00004331,TXN0001425,PROD00036,2,11966500.0
TI00004332,TXN0001425,PROD00017,1,61400.0
TI00004333,TXN0001425,PROD00119,4,3450500.0
TI00004334,TXN0001425,PROD00156,2,117900.0
TI00004335,TXN0001426,PROD00171,4,9207400.0
TI00004336,TXN0001426,PROD00042,4,110400.0
TI00004337,TXN0001426,PROD00178,3,55100.0
TI00004338,TXN0001427,PROD00168,2,54200.0
TI00004339,TXN0001427,PROD00103,3,499800.0
TI00004340,TXN0001427,PROD00108,3,570800.0
TI00004341,TXN0001428,PROD00010,1,675900.0
TI00004342,TXN0001428,PROD00021,1,423700.0
TI00004343,TXN0001429,PROD00033,3,10971800.0
TI00004344,TXN0001429,PROD00039,3,1936200.0
TI00004345,TXN0001429,PROD00019,2,353800.0
TI00004346,TXN0001429,PROD00073,4,55700.0
TI00004347,TXN0001430,PROD00078,3,473100.0
TI00004348,TXN0001430,PROD00054,2,1692000.0
TI00004349,TXN0001430,PROD00122,4,2205900.0
TI00004350,TXN0001430,PROD00168,2,54200.0
TI00004351,TXN0001430,PROD00009,3,183500.0
TI00004352,TXN0001431,PROD00065,4,846500.0
TI00004353,TXN0001432,PROD00169,2,6358700.0
TI00004354,TXN0001432,PROD00102,3,171600.0
TI00004355,TXN0001432,PROD00083,4,6771700.0
TI00004356,TXN0001432,PROD00116,3,561100.0
TI00004357,TXN0001433,PROD00002,3,1365600.0
TI00004358,TXN0001433,PROD00043,4,223400.0
TI00004359,TXN0001434,PROD00062,4,83600.0
TI00004360,TXN0001434,PROD00132,3,6814300.0
TI00004361,TXN0001435,PROD00107,1,75800.0
TI00004362,TXN0001435,PROD00010,3,675900.0
TI00004363,TXN0001436,PROD00027,4,124600.0
TI00004364,TXN0001437,PROD00038,3,3280700.0
TI00004365,TXN0001437,PROD00086,4,8987800.0
TI00004366,TXN0001438,PROD00157,3,6815900.0
TI00004367,TXN0001438,PROD00051,4,752100.0
TI00004368,TXN0001438,PROD00112,1,3050100.0
TI00004369,TXN0001438,PROD00011,3,810900.0
TI00004370,TXN0001438,PROD00117,3,188000.0
TI00004371,TXN0001439,PROD00161,2,231200.0
TI00004372,TXN0001439,PROD00017,3,61400.0
TI00004373,TXN0001439,PROD00122,2,2205900.0
TI00004374,TXN0001439,PROD00107,4,75800.0
TI00004375,TXN0001439,PROD00119,3,3450500.0
TI00004376,TXN0001440,PROD00059,3,3249400.0
TI00004377,TXN0001441,PROD00136,2,787800.0
TI00004378,TXN0001442,PROD00062,1,83600.0
TI00004379,TXN0001442,PROD00102,1,171600.0
TI00004380,TXN0001442,PROD00001,3,179800.0
TI00004381,TXN0001442,PROD00111,4,5440300.0
TI00004382,TXN0001443,PROD00055,1,29300.0
TI00004383,TXN0001443,PROD00137,2,59500.0
TI00004384,TXN0001443,PROD00170,4,806200.0
TI00004385,TXN0001443,PROD00142,3,324600.0
TI00004386,TXN0001443,PROD00074,2,99400.0
TI00004387,TXN0001444,PROD00021,4,423700.0
TI00004388,TXN0001444,PROD00085,1,262600.0
TI00004389,TXN0001444,PROD00166,1,120600.0
TI00004390,TXN0001444,PROD00063,2,631600.0
TI00004391,TXN0001445,PROD00172,2,162600.0
TI00004392,TXN0001445,PROD00066,4,162000.0
TI00004393,TXN0001445,PROD00107,2,75800.0
TI00004394,TXN0001446,PROD00074,3,99400.0
TI00004395,TXN0001447,PROD00164,1,103200.0
TI00004396,TXN0001447,PROD00018,2,2056700.0
TI00004397,TXN0001447,PROD00020,1,176500.0
TI00004398,TXN0001447,PROD00040,3,3685900.0
TI00004399,TXN0001447,PROD00032,2,359500.0
TI00004400,TXN0001448,PROD00137,3,59500.0
TI00004401,TXN0001448,PROD00120,1,283500.0
TI00004402,TXN0001448,PROD00131,3,2828000.0
TI00004403,TXN0001448,PROD00032,1,359500.0
TI00004404,TXN0001448,PROD00124,3,11671600.0
TI00004405,TXN0001449,PROD00140,1,10502400.0
TI00004406,TXN0001449,PROD00065,1,846500.0
TI00004407,TXN0001450,PROD00042,2,110400.0
TI00004408,TXN0001450,PROD00134,4,1383900.0
TI00004409,TXN0001450,PROD00177,3,228400.0
TI00004410,TXN0001451,PROD00111,2,5440300.0
TI00004411,TXN0001451,PROD00027,2,124600.0
TI00004412,TXN0001451,PROD00132,2,6814300.0
TI00004413,TXN0001451,PROD00104,4,179700.0
TI00004414,TXN0001452,PROD00143,3,115300.0
TI00004415,TXN0001452,PROD00118,2,97800.0
TI00004416,TXN0001452,PROD00100,1,546800.0
TI00004417,TXN0001452,PROD00083,1,6771700.0
TI00004418,TXN0001453,PROD00005,3,613400.0
TI00004419,TXN0001453,PROD00171,4,9207400.0
TI00004420,TXN0001453,PROD00096,1,366200.0
TI00004421,TXN0001454,PROD00035,1,3271400.0
TI00004422,TXN0001455,PROD00152,2,170900.0
TI00004423,TXN0001456,PROD00142,3,324600.0
TI00004424,TXN0001456,PROD00088,2,220600.0
TI00004425,TXN0001456,PROD00031,3,571800.0
TI00004426,TXN0001456,PROD00160,4,297400.0
TI00004427,TXN0001456,PROD00009,3,183500.0
TI00004428,TXN0001457,PROD00179,4,1206500.0
TI00004429,TXN0001457,PROD00067,2,1694500.0
TI00004430,TXN0001458,PROD00020,3,176500.0
TI00004431,TXN0001458,PROD00128,4,202200.0
TI00004432,TXN0001458,PROD00079,1,31800.0
TI00004433,TXN0001459,PROD00048,1,88700.0
TI00004434,TXN0001459,PROD00024,3,595000.0
TI00004435,TXN0001459,PROD00036,1,11966500.0
TI00004436,TXN0001460,PROD00047,2,165600.0
TI00004437,TXN0001461,PROD00060,1,218600.0
TI00004438,TXN0001462,PROD00139,3,621000.0
TI00004439,TXN0001462,PROD00021,3,423700.0
TI00004440,TXN0001462,PROD00141,1,527900.0
TI00004441,TXN0001462,PROD00148,4,272900.0
TI00004442,TXN0001462,PROD00177,1,228400.0
TI00004443,TXN0001463,PROD00024,1,595000.0
TI00004444,TXN0001463,PROD00169,2,6358700.0
TI00004445,TXN0001463,PROD00086,1,8987800.0
TI00004446,TXN0001463,PROD00069,1,145200.0
TI00004447,TXN0001464,PROD00011,1,810900.0
TI00004448,TXN0001464,PROD00121,3,190400.0
TI00004449,TXN0001464,PROD00093,2,2689800.0
TI00004450,TXN0001464,PROD00104,2,179700.0
TI00004451,TXN0001465,PROD00048,1,88700.0
TI00004452,TXN0001465,PROD00167,1,79900.0
TI00004453,TXN0001466,PROD00044,2,2984700.0
TI00004454,TXN0001466,PROD00175,4,99600.0
TI00004455,TXN0001467,PROD00127,2,172600.0
TI00004456,TXN0001467,PROD00141,1,527900.0
TI00004457,TXN0001468,PROD00171,3,9207400.0
TI00004458,TXN0001468,PROD00100,2,546800.0
TI00004459,TXN0001468,PROD00050,4,134700.0
TI00004460,TXN0001468,PROD00136,4,787800.0
TI00004461,TXN0001468,PROD00075,3,382900.0
TI00004462,TXN0001469,PROD00032,4,359500.0
TI00004463,TXN0001469,PROD00108,1,570800.0
TI00004464,TXN0001469,PROD00066,1,162000.0
TI00004465,TXN0001469,PROD00166,4,120600.0
TI00004466,TXN0001469,PROD00155,2,277300.0
TI00004467,TXN0001470,PROD00048,2,88700.0
TI00004468,TXN0001470,PROD00165,2,242000.0
TI00004469,TXN0001470,PROD00149,1,370000.0
TI00004470,TXN0001470,PROD00031,2,571800.0
TI00004471,TXN0001470,PROD00172,2,162600.0
TI00004472,TXN0001471,PROD00056,1,246400.0
TI00004473,TXN0001471,PROD00071,1,501200.0
TI00004474,TXN0001472,PROD00028,2,497400.0
TI00004475,TXN0001472,PROD00088,2,220600.0
TI00004476,TXN0001472,PROD00053,1,197800.0
TI00004477,TXN0001472,PROD00115,3,1810600.0
TI00004478,TXN0001473,PROD00169,4,6358700.0
TI00004479,TXN0001473,PROD00133,2,521500.0
TI00004480,TXN0001473,PROD00175,2,99600.0
TI00004481,TXN0001473,PROD00071,2,501200.0
TI00004482,TXN0001474,PROD00071,1,501200.0
TI00004483,TXN0001474,PROD00112,4,3050100.0
TI00004484,TXN0001474,PROD00013,4,1045000.0
TI00004485,TXN0001474,PROD00065,2,846500.0
TI00004486,TXN0001475,PROD00135,1,495100.0
TI00004487,TXN0001475,PROD00075,3,382900.0
TI00004488,TXN0001475,PROD00053,2,197800.0
TI00004489,TXN0001475,PROD00106,3,610900.0
TI00004490,TXN0001476,PROD00004,4,1254300.0
TI00004491,TXN0001476,PROD00122,3,2205900.0
TI00004492,TXN0001476,PROD00136,3,787800.0
TI00004493,TXN0001476,PROD00017,2,61400.0
TI00004494,TXN0001477,PROD00070,4,191800.0
TI00004495,TXN0001477,PROD00042,2,110400.0
TI00004496,TXN0001477,PROD00123,1,520300.0
TI00004497,TXN0001477,PROD00057,2,2101600.0
TI00004498,TXN0001478,PROD00142,2,324600.0
TI00004499,TXN0001478,PROD00131,1,2828000.0
TI00004500,TXN0001479,PROD00070,3,191800.0
TI00004501,TXN0001480,PROD00146,1,647500.0
TI00004502,TXN0001481,PROD00063,2,631600.0
TI00004503,TXN0001481,PROD00172,4,162600.0
TI00004504,TXN0001481,PROD00143,1,115300.0
TI00004505,TXN0001482,PROD00177,3,228400.0
TI00004506,TXN0001482,PROD00142,1,324600.0
TI00004507,TXN0001482,PROD00108,4,570800.0
TI00004508,TXN0001483,PROD00079,4,31800.0
TI00004509,TXN0001484,PROD00172,1,162600.0
TI00004510,TXN0001484,PROD00155,4,277300.0
TI00004511,TXN0001484,PROD00145,4,626300.0
TI00004512,TXN0001484,PROD00092,2,198900.0
TI00004513,TXN0001485,PROD00087,3,86200.0
TI00004514,TXN0001486,PROD00086,1,8987800.0
TI00004515,TXN0001486,PROD00127,1,172600.0
TI00004516,TXN0001486,PROD00059,1,3249400.0
TI00004517,TXN0001486,PROD00111,2,5440300.0
TI00004518,TXN0001486,PROD00144,2,2659900.0
TI00004519,TXN0001487,PROD00120,1,283500.0
TI00004520,TXN0001487,PROD00106,1,610900.0
TI00004521,TXN0001488,PROD00057,2,2101600.0
TI00004522,TXN0001488,PROD00055,3,29300.0
TI00004523,TXN0001489,PROD00072,4,470400.0
TI00004524,TXN0001490,PROD00061,1,8063300.0
TI00004525,TXN0001490,PROD00157,3,6815900.0
TI00004526,TXN0001490,PROD00031,2,571800.0
TI00004527,TXN0001491,PROD00139,1,621000.0
TI00004528,TXN0001491,PROD00043,4,223400.0
TI00004529,TXN0001491,PROD00169,2,6358700.0
TI00004530,TXN0001492,PROD00023,2,225100.0
TI00004531,TXN0001493,PROD00179,2,1206500.0
TI00004532,TXN0001493,PROD00090,1,838900.0
TI00004533,TXN0001493,PROD00092,1,198900.0
TI00004534,TXN0001493,PROD00116,1,561100.0
TI00004535,TXN0001494,PROD00060,2,218600.0
TI00004536,TXN0001494,PROD00012,2,744700.0
TI00004537,TXN0001495,PROD00118,4,97800.0
TI00004538,TXN0001495,PROD00016,2,167400.0
TI00004539,TXN0001495,PROD00170,2,806200.0
TI00004540,TXN0001496,PROD00094,3,365200.0
TI00004541,TXN0001496,PROD00161,4,231200.0
TI00004542,TXN0001497,PROD00002,2,1365600.0
TI00004543,TXN0001497,PROD00044,4,2984700.0
TI00004544,TXN0001497,PROD00096,1,366200.0
TI00004545,TXN0001497,PROD00009,1,183500.0
TI00004546,TXN0001498,PROD00107,4,75800.0
TI00004547,TXN0001498,PROD00028,2,497400.0
TI00004548,TXN0001499,PROD00143,3,115300.0
TI00004549,TXN0001499,PROD00174,4,71600.0
TI00004550,TXN0001499,PROD00136,2,787800.0
TI00004551,TXN0001499,PROD00152,2,170900.0
TI00004552,TXN0001499,PROD00150,4,874600.0
TI00004553,TXN0001500,PROD00114,2,362300.0
TI00004554,TXN0001500,PROD00072,1,470400.0
TI00004555,TXN0001500,PROD00081,2,41700.0
TI00004556,TXN0001500,PROD00067,4,1694500.0
TI00004557,TXN0001500,PROD00156,3,117900.0
TI00004558,TXN0001501,PROD00178,2,55100.0
TI00004559,TXN0001502,PROD00029,2,747300.0
TI00004560,TXN0001502,PROD00144,1,2659900.0
TI00004561,TXN0001502,PROD00123,2,520300.0
TI00004562,TXN0001502,PROD00102,2,171600.0
TI00004563,TXN0001502,PROD00167,2,79900.0
TI00004564,TXN0001503,PROD00156,1,117900.0
TI00004565,TXN0001503,PROD00140,3,10502400.0
TI00004566,TXN0001503,PROD00019,1,353800.0
TI00004567,TXN0001503,PROD00062,3,83600.0
TI00004568,TXN0001503,PROD00138,3,57200.0
TI00004569,TXN0001504,PROD00126,1,219500.0
TI00004570,TXN0001504,PROD00053,2,197800.0
TI00004571,TXN0001504,PROD00036,4,11966500.0
TI00004572,TXN0001504,PROD00057,1,2101600.0
TI00004573,TXN0001505,PROD00118,3,97800.0
TI00004574,TXN0001505,PROD00043,3,223400.0
TI00004575,TXN0001505,PROD00175,1,99600.0
TI00004576,TXN0001506,PROD00008,1,86100.0
TI00004577,TXN0001507,PROD00124,4,11671600.0
TI00004578,TXN0001507,PROD00026,3,1447900.0
TI00004579,TXN0001508,PROD00098,3,66400.0
TI00004580,TXN0001508,PROD00173,3,67500.0
TI00004581,TXN0001508,PROD00030,3,10909100.0
TI00004582,TXN0001509,PROD00074,2,99400.0
TI00004583,TXN0001509,PROD00126,2,219500.0
TI00004584,TXN0001509,PROD00134,3,1383900.0
TI00004585,TXN0001509,PROD00020,1,176500.0
TI00004586,TXN0001510,PROD00011,1,810900.0
TI00004587,TXN0001510,PROD00130,1,213000.0
TI00004588,TXN0001510,PROD00112,1,3050100.0
TI00004589,TXN0001510,PROD00120,1,283500.0
TI00004590,TXN0001511,PROD00089,3,11224800.0
TI00004591,TXN0001511,PROD00163,3,337100.0
TI00004592,TXN0001511,PROD00088,2,220600.0
TI00004593,TXN0001511,PROD00023,4,225100.0
TI00004594,TXN0001512,PROD00069,2,145200.0
TI00004595,TXN0001512,PROD00131,3,2828000.0
TI00004596,TXN0001513,PROD00080,4,204100.0
TI00004597,TXN0001513,PROD00044,1,2984700.0
TI00004598,TXN0001513,PROD00148,1,272900.0
TI00004599,TXN0001514,PROD00062,4,83600.0
TI00004600,TXN0001514,PROD00106,3,610900.0
TI00004601,TXN0001515,PROD00048,1,88700.0
TI00004602,TXN0001515,PROD00033,1,10971800.0
TI00004603,TXN0001515,PROD00017,4,61400.0
TI00004604,TXN0001515,PROD00016,3,167400.0
TI00004605,TXN0001515,PROD00069,1,145200.0
TI00004606,TXN0001516,PROD00067,3,1694500.0
TI00004607,TXN0001517,PROD00128,4,202200.0
TI00004608,TXN0001517,PROD00064,2,1537200.0
TI00004609,TXN0001517,PROD00133,1,521500.0
TI00004610,TXN0001517,PROD00050,4,134700.0
TI00004611,TXN0001518,PROD00173,2,67500.0
TI00004612,TXN0001518,PROD00017,4,61400.0
TI00004613,TXN0001519,PROD00134,3,1383900.0
TI00004614,TXN0001519,PROD00147,4,229500.0
TI00004615,TXN0001520,PROD00095,4,428500.0
TI00004616,TXN0001520,PROD00136,2,787800.0
TI00004617,TXN0001521,PROD00022,4,1337300.0
TI00004618,TXN0001521,PROD00119,3,3450500.0
TI00004619,TXN0001521,PROD00011,4,810900.0
TI00004620,TXN0001522,PROD00075,4,382900.0
TI00004621,TXN0001522,PROD00011,2,810900.0
TI00004622,TXN0001522,PROD00048,3,88700.0
TI00004623,TXN0001523,PROD00172,1,162600.0
TI00004624,TXN0001524,PROD00106,1,610900.0
TI00004625,TXN0001524,PROD00072,2,470400.0
TI00004626,TXN0001524,PROD00075,1,382900.0
TI00004627,TXN0001525,PROD00120,1,283500.0
TI00004628,TXN0001525,PROD00157,3,6815900.0
TI00004629,TXN0001526,PROD00075,2,382900.0
TI00004630,TXN0001527,PROD00091,3,17600.0
TI00004631,TXN0001527,PROD00050,3,134700.0
TI00004632,TXN0001528,PROD00037,1,718700.0
TI00004633,TXN0001528,PROD00027,1,124600.0
TI00004634,TXN0001529,PROD00032,2,359500.0
TI00004635,TXN0001529,PROD00140,2,10502400.0
TI00004636,TXN0001529,PROD00013,1,1045000.0
TI00004637,TXN0001529,PROD00156,2,117900.0
TI00004638,TXN0001530,PROD00104,3,179700.0
TI00004639,TXN0001530,PROD00165,2,242000.0
TI00004640,TXN0001531,PROD00020,1,176500.0
TI00004641,TXN0001532,PROD00100,4,546800.0
TI00004642,TXN0001532,PROD00025,1,57900.0
TI00004643,TXN0001532,PROD00119,1,3450500.0
TI00004644,TXN0001533,PROD00008,1,86100.0
TI00004645,TXN0001534,PROD00029,1,747300.0
TI00004646,TXN0001534,PROD00141,2,527900.0
TI00004647,TXN0001534,PROD00033,4,10971800.0
TI00004648,TXN0001534,PROD00153,3,121800.0
TI00004649,TXN0001535,PROD00068,4,189500.0
TI00004650,TXN0001535,PROD00073,1,55700.0
TI00004651,TXN0001535,PROD00153,2,121800.0
TI00004652,TXN0001535,PROD00031,4,571800.0
TI00004653,TXN0001536,PROD00015,3,327100.0
TI00004654,TXN0001536,PROD00020,1,176500.0
TI00004655,TXN0001537,PROD00074,2,99400.0
TI00004656,TXN0001537,PROD00028,4,497400.0
TI00004657,TXN0001537,PROD00139,4,621000.0
TI00004658,TXN0001537,PROD00075,3,382900.0
TI00004659,TXN0001537,PROD00058,1,1306500.0
TI00004660,TXN0001538,PROD00041,2,792800.0
TI00004661,TXN0001538,PROD00056,1,246400.0
TI00004662,TXN0001539,PROD00086,1,8987800.0
TI00004663,TXN0001539,PROD00087,1,86200.0
TI00004664,TXN0001539,PROD00108,3,570800.0
TI00004665,TXN0001540,PROD00138,1,57200.0
TI00004666,TXN0001540,PROD00105,3,76100.0
TI00004667,TXN0001540,PROD00011,2,810900.0
TI00004668,TXN0001540,PROD00094,4,365200.0
TI00004669,TXN0001540,PROD00162,4,532200.0
TI00004670,TXN0001541,PROD00030,2,10909100.0
TI00004671,TXN0001542,PROD00015,2,327100.0
TI00004672,TXN0001542,PROD00134,3,1383900.0
TI00004673,TXN0001543,PROD00023,4,225100.0
TI00004674,TXN0001543,PROD00007,1,456400.0
TI00004675,TXN0001543,PROD00099,3,497200.0
TI00004676,TXN0001543,PROD00040,2,3685900.0
TI00004677,TXN0001543,PROD00176,1,168200.0
TI00004678,TXN0001544,PROD00088,4,220600.0
TI00004679,TXN0001544,PROD00092,2,198900.0
TI00004680,TXN0001544,PROD00014,4,2104400.0
TI00004681,TXN0001545,PROD00109,2,3001900.0
TI00004682,TXN0001545,PROD00144,3,2659900.0
TI00004683,TXN0001545,PROD00165,3,242000.0
TI00004684,TXN0001545,PROD00037,1,718700.0
TI00004685,TXN0001546,PROD00142,4,324600.0
TI00004686,TXN0001546,PROD00002,2,1365600.0
TI00004687,TXN0001546,PROD00136,3,787800.0
TI00004688,TXN0001547,PROD00035,3,3271400.0
TI00004689,TXN0001547,PROD00105,1,76100.0
TI00004690,TXN0001547,PROD00012,1,744700.0
TI00004691,TXN0001547,PROD00055,1,29300.0
TI00004692,TXN0001547,PROD00060,3,218600.0
TI00004693,TXN0001548,PROD00095,3,428500.0
TI00004694,TXN0001548,PROD00145,2,626300.0
TI00004695,TXN0001548,PROD00149,1,370000.0
TI00004696,TXN0001548,PROD00017,4,61400.0
TI00004697,TXN0001548,PROD00075,3,382900.0
TI00004698,TXN0001549,PROD00154,4,192800.0
TI00004699,TXN0001549,PROD00147,4,229500.0
TI00004700,TXN0001549,PROD00160,3,297400.0
TI00004701,TXN0001549,PROD00161,4,231200.0
TI00004702,TXN0001550,PROD00149,2,370000.0
TI00004703,TXN0001550,PROD00099,2,497200.0
TI00004704,TXN0001550,PROD00164,3,103200.0
TI00004705,TXN0001551,PROD00006,2,1710300.0
TI00004706,TXN0001551,PROD00129,2,67800.0
TI00004707,TXN0001551,PROD00080,2,204100.0
TI00004708,TXN0001552,PROD00076,4,609300.0
TI00004709,TXN0001552,PROD00037,4,718700.0
TI00004710,TXN0001553,PROD00180,4,96700.0
TI00004711,TXN0001553,PROD00006,1,1710300.0
TI00004712,TXN0001553,PROD00143,4,115300.0
TI00004713,TXN0001553,PROD00122,4,2205900.0
TI00004714,TXN0001553,PROD00040,1,3685900.0
TI00004715,TXN0001554,PROD00144,2,2659900.0
TI00004716,TXN0001554,PROD00059,3,3249400.0
TI00004717,TXN0001554,PROD00134,3,1383900.0
TI00004718,TXN0001555,PROD00169,1,6358700.0
TI00004719,TXN0001555,PROD00144,3,2659900.0
TI00004720,TXN0001556,PROD00170,4,806200.0
TI00004721,TXN0001556,PROD00031,3,571800.0
TI00004722,TXN0001556,PROD00037,1,718700.0
TI00004723,TXN0001556,PROD00178,2,55100.0
TI00004724,TXN0001557,PROD00174,1,71600.0
TI00004725,TXN0001557,PROD00038,4,3280700.0
TI00004726,TXN0001557,PROD00112,4,3050100.0
TI00004727,TXN0001557,PROD00170,3,806200.0
TI00004728,TXN0001557,PROD00069,4,145200.0
TI00004729,TXN0001558,PROD00124,2,11671600.0
TI00004730,TXN0001558,PROD00110,2,130700.0
TI00004731,TXN0001558,PROD00026,3,1447900.0
TI00004732,TXN0001558,PROD00173,3,67500.0
TI00004733,TXN0001558,PROD00176,1,168200.0
TI00004734,TXN0001559,PROD00069,2,145200.0
TI00004735,TXN0001559,PROD00103,2,499800.0
TI00004736,TXN0001560,PROD00161,2,231200.0
TI00004737,TXN0001560,PROD00011,4,810900.0
TI00004738,TXN0001560,PROD00008,2,86100.0
TI00004739,TXN0001561,PROD00015,1,327100.0
TI00004740,TXN0001562,PROD00020,2,176500.0
TI00004741,TXN0001562,PROD00021,3,423700.0
TI00004742,TXN0001563,PROD00097,1,2301200.0
TI00004743,TXN0001564,PROD00162,3,532200.0
TI00004744,TXN0001564,PROD00156,1,117900.0
TI00004745,TXN0001564,PROD00019,4,353800.0
TI00004746,TXN0001565,PROD00150,4,874600.0
TI00004747,TXN0001565,PROD00114,2,362300.0
TI00004748,TXN0001566,PROD00070,4,191800.0
TI00004749,TXN0001566,PROD00005,4,613400.0
TI00004750,TXN0001566,PROD00127,3,172600.0
TI00004751,TXN0001567,PROD00106,2,610900.0
TI00004752,TXN0001567,PROD00172,3,162600.0
TI00004753,TXN0001567,PROD00034,1,1485900.0
TI00004754,TXN0001567,PROD00153,1,121800.0
TI00004755,TXN0001568,PROD00013,1,1045000.0
TI00004756,TXN0001568,PROD00042,3,110400.0
TI00004757,TXN0001568,PROD00145,1,626300.0
TI00004758,TXN0001568,PROD00180,4,96700.0
TI00004759,TXN0001569,PROD00050,2,134700.0
TI00004760,TXN0001570,PROD00023,3,225100.0
TI00004761,TXN0001570,PROD00034,3,1485900.0
TI00004762,TXN0001571,PROD00103,1,499800.0
TI00004763,TXN0001571,PROD00028,4,497400.0
TI00004764,TXN0001571,PROD00120,1,283500.0
TI00004765,TXN0001572,PROD00042,4,110400.0
TI00004766,TXN0001572,PROD00001,2,179800.0
TI00004767,TXN0001572,PROD00098,3,66400.0
TI00004768,TXN0001572,PROD00029,2,747300.0
TI00004769,TXN0001572,PROD00057,4,2101600.0
TI00004770,TXN0001573,PROD00032,1,359500.0
TI00004771,TXN0001573,PROD00049,3,244600.0
TI00004772,TXN0001573,PROD00056,3,246400.0
TI00004773,TXN0001573,PROD00115,3,1810600.0
TI00004774,TXN0001574,PROD00149,1,370000.0
TI00004775,TXN0001574,PROD00083,2,6771700.0
TI00004776,TXN0001575,PROD00012,1,744700.0
TI00004777,TXN0001575,PROD00025,2,57900.0
TI00004778,TXN0001575,PROD00111,4,5440300.0
TI00004779,TXN0001575,PROD00071,2,501200.0
TI00004780,TXN0001575,PROD00073,3,55700.0
TI00004781,TXN0001576,PROD00028,2,497400.0
TI00004782,TXN0001576,PROD00037,2,718700.0
TI00004783,TXN0001576,PROD00119,1,3450500.0
TI00004784,TXN0001576,PROD00128,1,202200.0
TI00004785,TXN0001576,PROD00171,2,9207400.0
TI00004786,TXN0001577,PROD00138,3,57200.0
TI00004787,TXN0001577,PROD00047,4,165600.0
TI00004788,TXN0001577,PROD00027,2,124600.0
TI00004789,TXN0001577,PROD00161,3,231200.0
TI00004790,TXN0001577,PROD00050,4,134700.0
TI00004791,TXN0001578,PROD00060,2,218600.0
TI00004792,TXN0001578,PROD00139,3,621000.0
TI00004793,TXN0001578,PROD00063,4,631600.0
TI00004794,TXN0001578,PROD00030,1,10909100.0
TI00004795,TXN0001579,PROD00116,4,561100.0
TI00004796,TXN0001579,PROD00006,4,1710300.0
TI00004797,TXN0001579,PROD00127,1,172600.0
TI00004798,TXN0001579,PROD00180,4,96700.0
TI00004799,TXN0001579,PROD00151,4,116700.0
TI00004800,TXN0001580,PROD00104,2,179700.0
TI00004801,TXN0001580,PROD00133,1,521500.0
TI00004802,TXN0001581,PROD00139,2,621000.0
TI00004803,TXN0001581,PROD00037,2,718700.0
TI00004804,TXN0001581,PROD00022,2,1337300.0
TI00004805,TXN0001581,PROD00169,3,6358700.0
TI00004806,TXN0001582,PROD00004,4,1254300.0
TI00004807,TXN0001582,PROD00086,1,8987800.0
TI00004808,TXN0001582,PROD00139,3,621000.0
TI00004809,TXN0001583,PROD00019,2,353800.0
TI00004810,TXN0001583,PROD00134,1,1383900.0
TI00004811,TXN0001584,PROD00102,3,171600.0
TI00004812,TXN0001584,PROD00117,2,188000.0
TI00004813,TXN0001584,PROD00153,4,121800.0
TI00004814,TXN0001584,PROD00011,3,810900.0
TI00004815,TXN0001584,PROD00143,1,115300.0
TI00004816,TXN0001585,PROD00009,2,183500.0
TI00004817,TXN0001585,PROD00155,4,277300.0
TI00004818,TXN0001585,PROD00178,3,55100.0
TI00004819,TXN0001586,PROD00077,3,37900.0
TI00004820,TXN0001586,PROD00156,1,117900.0
TI00004821,TXN0001587,PROD00116,4,561100.0
TI00004822,TXN0001587,PROD00161,1,231200.0
TI00004823,TXN0001587,PROD00140,4,10502400.0
TI00004824,TXN0001588,PROD00115,2,1810600.0
TI00004825,TXN0001588,PROD00100,1,546800.0
TI00004826,TXN0001588,PROD00123,4,520300.0
TI00004827,TXN0001588,PROD00051,3,752100.0
TI00004828,TXN0001589,PROD00157,2,6815900.0
TI00004829,TXN0001589,PROD00137,4,59500.0
TI00004830,TXN0001589,PROD00127,4,172600.0
TI00004831,TXN0001589,PROD00099,2,497200.0
TI00004832,TXN0001590,PROD00148,3,272900.0
TI00004833,TXN0001590,PROD00051,1,752100.0
TI00004834,TXN0001590,PROD00127,4,172600.0
TI00004835,TXN0001590,PROD00010,2,675900.0
TI00004836,TXN0001590,PROD00165,2,242000.0
TI00004837,TXN0001591,PROD00100,3,546800.0
TI00004838,TXN0001591,PROD00098,4,66400.0
TI00004839,TXN0001591,PROD00159,1,3240200.0
TI00004840,TXN0001592,PROD00072,2,470400.0
TI00004841,TXN0001592,PROD00139,3,621000.0
TI00004842,TXN0001593,PROD00047,4,165600.0
TI00004843,TXN0001593,PROD00135,4,495100.0
TI00004844,TXN0001593,PROD00101,2,11745100.0
TI00004845,TXN0001594,PROD00175,3,99600.0
TI00004846,TXN0001594,PROD00137,4,59500.0
TI00004847,TXN0001595,PROD00147,3,229500.0
TI00004848,TXN0001595,PROD00027,1,124600.0
TI00004849,TXN0001595,PROD00088,3,220600.0
TI00004850,TXN0001595,PROD00104,2,179700.0
TI00004851,TXN0001595,PROD00043,3,223400.0
TI00004852,TXN0001596,PROD00100,2,546800.0
TI00004853,TXN0001596,PROD00043,4,223400.0
TI00004854,TXN0001596,PROD00148,2,272900.0
TI00004855,TXN0001597,PROD00156,1,117900.0
TI00004856,TXN0001597,PROD00176,4,168200.0
TI00004857,TXN0001597,PROD00095,3,428500.0
TI00004858,TXN0001597,PROD00027,3,124600.0
TI00004859,TXN0001597,PROD00058,1,1306500.0
TI00004860,TXN0001598,PROD00099,1,497200.0
TI00004861,TXN0001598,PROD00144,3,2659900.0
TI00004862,TXN0001598,PROD00084,4,1607800.0
TI00004863,TXN0001599,PROD00002,3,1365600.0
TI00004864,TXN0001599,PROD00050,1,134700.0
TI00004865,TXN0001600,PROD00029,4,747300.0
TI00004866,TXN0001601,PROD00051,3,752100.0
TI00004867,TXN0001602,PROD00010,2,675900.0
TI00004868,TXN0001602,PROD00023,4,225100.0
TI00004869,TXN0001602,PROD00094,3,365200.0
TI00004870,TXN0001603,PROD00084,2,1607800.0
TI00004871,TXN0001603,PROD00052,2,58000.0
TI00004872,TXN0001603,PROD00028,3,497400.0
TI00004873,TXN0001604,PROD00122,4,2205900.0
TI00004874,TXN0001604,PROD00135,4,495100.0
TI00004875,TXN0001604,PROD00025,3,57900.0
TI00004876,TXN0001604,PROD00061,1,8063300.0
TI00004877,TXN0001605,PROD00179,1,1206500.0
TI00004878,TXN0001605,PROD00165,3,242000.0
TI00004879,TXN0001606,PROD00046,1,314500.0
TI00004880,TXN0001606,PROD00117,4,188000.0
TI00004881,TXN0001606,PROD00099,1,497200.0
TI00004882,TXN0001607,PROD00002,2,1365600.0
TI00004883,TXN0001607,PROD00070,3,191800.0
TI00004884,TXN0001607,PROD00093,4,2689800.0
TI00004885,TXN0001607,PROD00034,2,1485900.0
TI00004886,TXN0001608,PROD00110,4,130700.0
TI00004887,TXN0001608,PROD00107,4,75800.0
TI00004888,TXN0001608,PROD00015,4,327100.0
TI00004889,TXN0001608,PROD00084,3,1607800.0
TI00004890,TXN0001608,PROD00150,3,874600.0
TI00004891,TXN0001609,PROD00087,3,86200.0
TI00004892,TXN0001609,PROD00131,4,2828000.0
TI00004893,TXN0001609,PROD00172,3,162600.0
TI00004894,TXN0001609,PROD00072,3,470400.0
TI00004895,TXN0001610,PROD00033,4,10971800.0
TI00004896,TXN0001610,PROD00078,3,473100.0
TI00004897,TXN0001610,PROD00158,1,488300.0
TI00004898,TXN0001610,PROD00031,2,571800.0
TI00004899,TXN0001610,PROD00022,1,1337300.0
TI00004900,TXN0001611,PROD00079,2,31800.0
TI00004901,TXN0001611,PROD00096,2,366200.0
TI00004902,TXN0001612,PROD00082,1,435600.0
TI00004903,TXN0001612,PROD00018,3,2056700.0
TI00004904,TXN0001612,PROD00054,3,1692000.0
TI00004905,TXN0001613,PROD00053,1,197800.0
TI00004906,TXN0001613,PROD00163,3,337100.0
TI00004907,TXN0001613,PROD00109,3,3001900.0
TI00004908,TXN0001613,PROD00143,3,115300.0
TI00004909,TXN0001613,PROD00047,4,165600.0
TI00004910,TXN0001614,PROD00109,4,3001900.0
TI00004911,TXN0001614,PROD00115,3,1810600.0
TI00004912,TXN0001615,PROD00034,3,1485900.0
TI00004913,TXN0001616,PROD00074,2,99400.0
TI00004914,TXN0001616,PROD00054,2,1692000.0
TI00004915,TXN0001616,PROD00018,1,2056700.0
TI00004916,TXN0001617,PROD00033,2,10971800.0
TI00004917,TXN0001618,PROD00161,3,231200.0
TI00004918,TXN0001619,PROD00003,4,623300.0
TI00004919,TXN0001619,PROD00024,3,595000.0
TI00004920,TXN0001619,PROD00134,4,1383900.0
TI00004921,TXN0001619,PROD00063,2,631600.0
TI00004922,TXN0001620,PROD00119,4,3450500.0
TI00004923,TXN0001620,PROD00089,4,11224800.0
TI00004924,TXN0001620,PROD00007,1,456400.0
TI00004925,TXN0001620,PROD00137,4,59500.0
TI00004926,TXN0001620,PROD00043,2,223400.0
TI00004927,TXN0001621,PROD00123,3,520300.0
TI00004928,TXN0001621,PROD00119,3,3450500.0
TI00004929,TXN0001621,PROD00083,3,6771700.0
TI00004930,TXN0001622,PROD00040,2,3685900.0
TI00004931,TXN0001622,PROD00147,1,229500.0
TI00004932,TXN0001622,PROD00009,4,183500.0
TI00004933,TXN0001622,PROD00084,4,1607800.0
TI00004934,TXN0001623,PROD00101,1,11745100.0
TI00004935,TXN0001624,PROD00031,1,571800.0
TI00004936,TXN0001624,PROD00166,4,120600.0
TI00004937,TXN0001624,PROD00121,2,190400.0
TI00004938,TXN0001624,PROD00045,2,75500.0
TI00004939,TXN0001625,PROD00168,2,54200.0
TI00004940,TXN0001625,PROD00150,2,874600.0
TI00004941,TXN0001625,PROD00048,2,88700.0
TI00004942,TXN0001625,PROD00008,2,86100.0
TI00004943,TXN0001625,PROD00084,4,1607800.0
TI00004944,TXN0001626,PROD00084,3,1607800.0
TI00004945,TXN0001626,PROD00169,2,6358700.0
TI00004946,TXN0001626,PROD00150,2,874600.0
TI00004947,TXN0001626,PROD00020,2,176500.0
TI00004948,TXN0001627,PROD00180,2,96700.0
TI00004949,TXN0001627,PROD00063,3,631600.0
TI00004950,TXN0001627,PROD00148,3,272900.0
TI00004951,TXN0001628,PROD00126,4,219500.0
TI00004952,TXN0001629,PROD00101,2,11745100.0
TI00004953,TXN0001629,PROD00075,1,382900.0
TI00004954,TXN0001630,PROD00065,1,846500.0
TI00004955,TXN0001630,PROD00148,2,272900.0
TI00004956,TXN0001630,PROD00128,4,202200.0
TI00004957,TXN0001631,PROD00048,2,88700.0
TI00004958,TXN0001632,PROD00015,2,327100.0
TI00004959,TXN0001632,PROD00085,4,262600.0
TI00004960,TXN0001633,PROD00055,4,29300.0
TI00004961,TXN0001634,PROD00143,1,115300.0
TI00004962,TXN0001634,PROD00133,1,521500.0
TI00004963,TXN0001634,PROD00063,2,631600.0
TI00004964,TXN0001634,PROD00034,3,1485900.0
TI00004965,TXN0001634,PROD00039,4,1936200.0
TI00004966,TXN0001635,PROD00045,1,75500.0
TI00004967,TXN0001635,PROD00010,3,675900.0
TI00004968,TXN0001636,PROD00176,4,168200.0
TI00004969,TXN0001636,PROD00120,3,283500.0
TI00004970,TXN0001636,PROD00133,2,521500.0
TI00004971,TXN0001636,PROD00129,3,67800.0
TI00004972,TXN0001636,PROD00130,3,213000.0
TI00004973,TXN0001637,PROD00052,1,58000.0
TI00004974,TXN0001638,PROD00100,1,546800.0
TI00004975,TXN0001638,PROD00166,3,120600.0
TI00004976,TXN0001639,PROD00147,1,229500.0
TI00004977,TXN0001639,PROD00024,2,595000.0
TI00004978,TXN0001640,PROD00024,3,595000.0
TI00004979,TXN0001641,PROD00168,1,54200.0
TI00004980,TXN0001641,PROD00131,2,2828000.0
TI00004981,TXN0001641,PROD00050,1,134700.0
TI00004982,TXN0001642,PROD00022,4,1337300.0
TI00004983,TXN0001642,PROD00054,1,1692000.0
TI00004984,TXN0001642,PROD00176,1,168200.0
TI00004985,TXN0001642,PROD00152,2,170900.0
TI00004986,TXN0001643,PROD00039,2,1936200.0
TI00004987,TXN0001643,PROD00030,2,10909100.0
TI00004988,TXN0001644,PROD00014,1,2104400.0
TI00004989,TXN0001644,PROD00030,1,10909100.0
TI00004990,TXN0001645,PROD00011,1,810900.0
TI00004991,TXN0001645,PROD00031,4,571800.0
TI00004992,TXN0001646,PROD00051,2,752100.0
TI00004993,TXN0001646,PROD00160,1,297400.0
TI00004994,TXN0001647,PROD00054,2,1692000.0
TI00004995,TXN0001647,PROD00138,4,57200.0
TI00004996,TXN0001647,PROD00004,3,1254300.0
TI00004997,TXN0001648,PROD00046,3,314500.0
TI00004998,TXN0001648,PROD00026,1,1447900.0
TI00004999,TXN0001648,PROD00024,4,595000.0
TI00005000,TXN0001649,PROD00003,3,623300.0
TI00005001,TXN0001649,PROD00148,2,272900.0
TI00005002,TXN0001649,PROD00171,2,9207400.0
TI00005003,TXN0001650,PROD00152,2,170900.0
TI00005004,TXN0001651,PROD00017,3,61400.0
TI00005005,TXN0001651,PROD00168,2,54200.0
TI00005006,TXN0001651,PROD00001,4,179800.0
TI00005007,TXN0001651,PROD00055,1,29300.0
TI00005008,TXN0001652,PROD00031,4,571800.0
TI00005009,TXN0001652,PROD00037,3,718700.0
TI00005010,TXN0001652,PROD00071,3,501200.0
TI00005011,TXN0001652,PROD00049,3,244600.0
TI00005012,TXN0001653,PROD00020,2,176500.0
TI00005013,TXN0001653,PROD00040,4,3685900.0
TI00005014,TXN0001653,PROD00007,1,456400.0
TI00005015,TXN0001654,PROD00158,2,488300.0
TI00005016,TXN0001654,PROD00042,4,110400.0
TI00005017,TXN0001654,PROD00123,3,520300.0
TI00005018,TXN0001655,PROD00159,4,3240200.0
TI00005019,TXN0001655,PROD00016,1,167400.0
TI00005020,TXN0001655,PROD00114,4,362300.0
TI00005021,TXN0001655,PROD00022,2,1337300.0
TI00005022,TXN0001655,PROD00111,2,5440300.0
TI00005023,TXN0001656,PROD00082,1,435600.0
TI00005024,TXN0001656,PROD00067,2,1694500.0
TI00005025,TXN0001656,PROD00041,3,792800.0
TI00005026,TXN0001657,PROD00093,4,2689800.0
TI00005027,TXN0001657,PROD00104,3,179700.0
TI00005028,TXN0001657,PROD00128,4,202200.0
TI00005029,TXN0001657,PROD00145,3,626300.0
TI00005030,TXN0001657,PROD00164,1,103200.0
TI00005031,TXN0001658,PROD00045,1,75500.0
TI00005032,TXN0001658,PROD00064,2,1537200.0
TI00005033,TXN0001658,PROD00065,3,846500.0
TI00005034,TXN0001658,PROD00123,4,520300.0
TI00005035,TXN0001659,PROD00012,1,744700.0
TI00005036,TXN0001660,PROD00010,2,675900.0
TI00005037,TXN0001661,PROD00116,4,561100.0
TI00005038,TXN0001662,PROD00133,1,521500.0
TI00005039,TXN0001662,PROD00011,3,810900.0
TI00005040,TXN0001662,PROD00140,4,10502400.0
TI00005041,TXN0001662,PROD00004,1,1254300.0
TI00005042,TXN0001663,PROD00028,3,497400.0
TI00005043,TXN0001664,PROD00131,4,2828000.0
TI00005044,TXN0001664,PROD00011,4,810900.0
TI00005045,TXN0001665,PROD00119,2,3450500.0
TI00005046,TXN0001666,PROD00074,3,99400.0
TI00005047,TXN0001667,PROD00052,1,58000.0
TI00005048,TXN0001667,PROD00103,2,499800.0
TI00005049,TXN0001667,PROD00045,1,75500.0
TI00005050,TXN0001668,PROD00047,3,165600.0
TI00005051,TXN0001668,PROD00090,4,838900.0
TI00005052,TXN0001668,PROD00137,4,59500.0
TI00005053,TXN0001668,PROD00136,4,787800.0
TI00005054,TXN0001669,PROD00031,1,571800.0
TI00005055,TXN0001669,PROD00144,3,2659900.0
TI00005056,TXN0001670,PROD00104,4,179700.0
TI00005057,TXN0001670,PROD00041,4,792800.0
TI00005058,TXN0001670,PROD00113,2,4916800.0
TI00005059,TXN0001670,PROD00066,1,162000.0
TI00005060,TXN0001670,PROD00112,3,3050100.0
TI00005061,TXN0001671,PROD00180,1,96700.0
TI00005062,TXN0001671,PROD00122,1,2205900.0
TI00005063,TXN0001672,PROD00026,1,1447900.0
TI00005064,TXN0001672,PROD00080,1,204100.0
TI00005065,TXN0001672,PROD00085,1,262600.0
TI00005066,TXN0001672,PROD00161,1,231200.0
TI00005067,TXN0001673,PROD00032,3,359500.0
TI00005068,TXN0001673,PROD00065,2,846500.0
TI00005069,TXN0001673,PROD00010,1,675900.0
TI00005070,TXN0001673,PROD00006,3,1710300.0
TI00005071,TXN0001674,PROD00064,3,1537200.0
TI00005072,TXN0001674,PROD00171,2,9207400.0
TI00005073,TXN0001674,PROD00017,1,61400.0
TI00005074,TXN0001675,PROD00151,3,116700.0
TI00005075,TXN0001676,PROD00136,1,787800.0
TI00005076,TXN0001676,PROD00127,2,172600.0
TI00005077,TXN0001676,PROD00164,4,103200.0
TI00005078,TXN0001676,PROD00058,4,1306500.0
TI00005079,TXN0001676,PROD00166,1,120600.0
TI00005080,TXN0001677,PROD00075,2,382900.0
TI00005081,TXN0001677,PROD00027,2,124600.0
TI00005082,TXN0001677,PROD00106,4,610900.0
TI00005083,TXN0001677,PROD00098,3,66400.0
TI00005084,TXN0001677,PROD00026,1,1447900.0
TI00005085,TXN0001678,PROD00060,3,218600.0
TI00005086,TXN0001678,PROD00045,4,75500.0
TI00005087,TXN0001679,PROD00172,1,162600.0
TI00005088,TXN0001679,PROD00152,4,170900.0
TI00005089,TXN0001679,PROD00153,1,121800.0
TI00005090,TXN0001679,PROD00075,1,382900.0
TI00005091,TXN0001679,PROD00150,3,874600.0
TI00005092,TXN0001680,PROD00120,4,283500.0
TI00005093,TXN0001680,PROD00014,2,2104400.0
TI00005094,TXN0001681,PROD00015,1,327100.0
TI00005095,TXN0001681,PROD00041,3,792800.0
TI00005096,TXN0001681,PROD00170,1,806200.0
TI00005097,TXN0001681,PROD00171,1,9207400.0
TI00005098,TXN0001682,PROD00147,4,229500.0
TI00005099,TXN0001682,PROD00132,2,6814300.0
TI00005100,TXN0001682,PROD00153,1,121800.0
TI00005101,TXN0001682,PROD00130,1,213000.0
TI00005102,TXN0001682,PROD00150,4,874600.0
TI00005103,TXN0001683,PROD00075,4,382900.0
TI00005104,TXN0001683,PROD00170,3,806200.0
TI00005105,TXN0001683,PROD00131,3,2828000.0
TI00005106,TXN0001683,PROD00008,2,86100.0
TI00005107,TXN0001683,PROD00019,2,353800.0
TI00005108,TXN0001684,PROD00134,4,1383900.0
TI00005109,TXN0001684,PROD00132,3,6814300.0
TI00005110,TXN0001684,PROD00060,4,218600.0
TI00005111,TXN0001685,PROD00007,3,456400.0
TI00005112,TXN0001686,PROD00122,2,2205900.0
TI00005113,TXN0001686,PROD00082,2,435600.0
TI00005114,TXN0001686,PROD00171,4,9207400.0
TI00005115,TXN0001686,PROD00024,1,595000.0
TI00005116,TXN0001687,PROD00131,3,2828000.0
TI00005117,TXN0001687,PROD00128,2,202200.0
TI00005118,TXN0001688,PROD00119,4,3450500.0
TI00005119,TXN0001688,PROD00101,1,11745100.0
TI00005120,TXN0001689,PROD00023,1,225100.0
TI00005121,TXN0001689,PROD00149,3,370000.0
TI00005122,TXN0001689,PROD00109,4,3001900.0
TI00005123,TXN0001690,PROD00173,2,67500.0
TI00005124,TXN0001690,PROD00177,3,228400.0
TI00005125,TXN0001690,PROD00142,4,324600.0
TI00005126,TXN0001691,PROD00075,1,382900.0
TI00005127,TXN0001691,PROD00164,4,103200.0
TI00005128,TXN0001692,PROD00097,4,2301200.0
TI00005129,TXN0001692,PROD00099,1,497200.0
TI00005130,TXN0001692,PROD00140,3,10502400.0
TI00005131,TXN0001692,PROD00064,4,1537200.0
TI00005132,TXN0001692,PROD00068,3,189500.0
TI00005133,TXN0001693,PROD00003,1,623300.0
TI00005134,TXN0001693,PROD00040,4,3685900.0
TI00005135,TXN0001693,PROD00144,2,2659900.0
TI00005136,TXN0001693,PROD00087,2,86200.0
TI00005137,TXN0001694,PROD00162,3,532200.0
TI00005138,TXN0001694,PROD00105,2,76100.0
TI00005139,TXN0001695,PROD00057,2,2101600.0
TI00005140,TXN0001695,PROD00069,1,145200.0
TI00005141,TXN0001695,PROD00137,4,59500.0
TI00005142,TXN0001695,PROD00103,2,499800.0
TI00005143,TXN0001695,PROD00179,3,1206500.0
TI00005144,TXN0001696,PROD00135,1,495100.0
TI00005145,TXN0001696,PROD00114,4,362300.0
TI00005146,TXN0001697,PROD00023,3,225100.0
TI00005147,TXN0001698,PROD00164,2,103200.0
TI00005148,TXN0001698,PROD00042,2,110400.0
TI00005149,TXN0001698,PROD00053,4,197800.0
TI00005150,TXN0001698,PROD00105,4,76100.0
TI00005151,TXN0001698,PROD00028,1,497400.0
TI00005152,TXN0001699,PROD00012,3,744700.0
TI00005153,TXN0001699,PROD00066,1,162000.0
TI00005154,TXN0001700,PROD00072,2,470400.0
TI00005155,TXN0001700,PROD00078,3,473100.0
TI00005156,TXN0001700,PROD00127,1,172600.0
TI00005157,TXN0001701,PROD00167,3,79900.0
TI00005158,TXN0001701,PROD00009,3,183500.0
TI00005159,TXN0001701,PROD00050,1,134700.0
TI00005160,TXN0001702,PROD00121,4,190400.0
TI00005161,TXN0001703,PROD00033,1,10971800.0
TI00005162,TXN0001703,PROD00180,1,96700.0
TI00005163,TXN0001703,PROD00067,4,1694500.0
TI00005164,TXN0001703,PROD00153,4,121800.0
TI00005165,TXN0001703,PROD00138,2,57200.0
TI00005166,TXN0001704,PROD00114,3,362300.0
TI00005167,TXN0001705,PROD00058,3,1306500.0
TI00005168,TXN0001706,PROD00068,2,189500.0
TI00005169,TXN0001706,PROD00140,4,10502400.0
TI00005170,TXN0001706,PROD00109,4,3001900.0
TI00005171,TXN0001706,PROD00158,3,488300.0
TI00005172,TXN0001707,PROD00084,3,1607800.0
TI00005173,TXN0001708,PROD00032,2,359500.0
TI00005174,TXN0001709,PROD00093,1,2689800.0
TI00005175,TXN0001709,PROD00064,3,1537200.0
TI00005176,TXN0001709,PROD00179,1,1206500.0
TI00005177,TXN0001709,PROD00098,1,66400.0
TI00005178,TXN0001710,PROD00175,4,99600.0
TI00005179,TXN0001710,PROD00016,2,167400.0
TI00005180,TXN0001710,PROD00059,4,3249400.0
TI00005181,TXN0001710,PROD00153,3,121800.0
TI00005182,TXN0001711,PROD00026,3,1447900.0
TI00005183,TXN0001711,PROD00132,3,6814300.0
TI00005184,TXN0001712,PROD00013,1,1045000.0
TI00005185,TXN0001713,PROD00077,3,37900.0
TI00005186,TXN0001713,PROD00136,2,787800.0
TI00005187,TXN0001714,PROD00158,1,488300.0
TI00005188,TXN0001714,PROD00112,3,3050100.0
TI00005189,TXN0001714,PROD00111,4,5440300.0
TI00005190,TXN0001714,PROD00128,3,202200.0
TI00005191,TXN0001714,PROD00106,2,610900.0
TI00005192,TXN0001715,PROD00109,4,3001900.0
TI00005193,TXN0001715,PROD00094,3,365200.0
TI00005194,TXN0001715,PROD00126,1,219500.0
TI00005195,TXN0001716,PROD00082,1,435600.0
TI00005196,TXN0001716,PROD00057,4,2101600.0
TI00005197,TXN0001716,PROD00050,2,134700.0
TI00005198,TXN0001717,PROD00034,3,1485900.0
TI00005199,TXN0001717,PROD00163,3,337100.0
TI00005200,TXN0001717,PROD00048,1,88700.0
TI00005201,TXN0001717,PROD00108,1,570800.0
TI00005202,TXN0001718,PROD00156,4,117900.0
TI00005203,TXN0001718,PROD00089,2,11224800.0
TI00005204,TXN0001718,PROD00059,2,3249400.0
TI00005205,TXN0001718,PROD00014,1,2104400.0
TI00005206,TXN0001718,PROD00003,2,623300.0
TI00005207,TXN0001719,PROD00116,4,561100.0
TI00005208,TXN0001719,PROD00110,4,130700.0
TI00005209,TXN0001720,PROD00081,1,41700.0
TI00005210,TXN0001720,PROD00157,4,6815900.0
TI00005211,TXN0001721,PROD00046,3,314500.0
TI00005212,TXN0001722,PROD00129,4,67800.0
TI00005213,TXN0001722,PROD00065,1,846500.0
TI00005214,TXN0001722,PROD00137,1,59500.0
TI00005215,TXN0001723,PROD00122,4,2205900.0
TI00005216,TXN0001724,PROD00021,3,423700.0
TI00005217,TXN0001724,PROD00045,4,75500.0
TI00005218,TXN0001725,PROD00035,4,3271400.0
TI00005219,TXN0001725,PROD00105,1,76100.0
TI00005220,TXN0001725,PROD00068,2,189500.0
TI00005221,TXN0001725,PROD00043,1,223400.0
TI00005222,TXN0001726,PROD00065,3,846500.0
TI00005223,TXN0001726,PROD00059,4,3249400.0
TI00005224,TXN0001726,PROD00123,1,520300.0
TI00005225,TXN0001726,PROD00088,4,220600.0
TI00005226,TXN0001726,PROD00111,3,5440300.0
TI00005227,TXN0001727,PROD00132,2,6814300.0
TI00005228,TXN0001727,PROD00045,1,75500.0
TI00005229,TXN0001727,PROD00080,2,204100.0
TI00005230,TXN0001728,PROD00093,1,2689800.0
TI00005231,TXN0001728,PROD00069,4,145200.0
TI00005232,TXN0001728,PROD00013,3,1045000.0
TI00005233,TXN0001729,PROD00074,3,99400.0
TI00005234,TXN0001729,PROD00167,2,79900.0
TI00005235,TXN0001729,PROD00120,2,283500.0
TI00005236,TXN0001730,PROD00050,4,134700.0
TI00005237,TXN0001730,PROD00040,3,3685900.0
TI00005238,TXN0001731,PROD00175,4,99600.0
TI00005239,TXN0001731,PROD00159,4,3240200.0
TI00005240,TXN0001731,PROD00022,2,1337300.0
TI00005241,TXN0001731,PROD00116,2,561100.0
TI00005242,TXN0001732,PROD00126,1,219500.0
TI00005243,TXN0001732,PROD00044,2,2984700.0
TI00005244,TXN0001733,PROD00176,3,168200.0
TI00005245,TXN0001733,PROD00044,1,2984700.0
TI00005246,TXN0001733,PROD00019,1,353800.0
TI00005247,TXN0001733,PROD00122,1,2205900.0
TI00005248,TXN0001734,PROD00066,3,162000.0
TI00005249,TXN0001735,PROD00156,2,117900.0
TI00005250,TXN0001735,PROD00059,3,3249400.0
TI00005251,TXN0001735,PROD00084,2,1607800.0
TI00005252,TXN0001735,PROD00140,3,10502400.0
TI00005253,TXN0001736,PROD00010,1,675900.0
TI00005254,TXN0001737,PROD00130,4,213000.0
TI00005255,TXN0001737,PROD00074,3,99400.0
TI00005256,TXN0001737,PROD00132,2,6814300.0
TI00005257,TXN0001737,PROD00018,3,2056700.0
TI00005258,TXN0001738,PROD00014,1,2104400.0
TI00005259,TXN0001738,PROD00137,4,59500.0
TI00005260,TXN0001738,PROD00054,2,1692000.0
TI00005261,TXN0001738,PROD00093,4,2689800.0
TI00005262,TXN0001739,PROD00165,3,242000.0
TI00005263,TXN0001740,PROD00129,4,67800.0
TI00005264,TXN0001740,PROD00132,4,6814300.0
TI00005265,TXN0001740,PROD00170,2,806200.0
TI00005266,TXN0001740,PROD00066,1,162000.0
TI00005267,TXN0001741,PROD00123,3,520300.0
TI00005268,TXN0001741,PROD00027,4,124600.0
TI00005269,TXN0001742,PROD00060,4,218600.0
TI00005270,TXN0001742,PROD00010,3,675900.0
TI00005271,TXN0001742,PROD00023,2,225100.0
TI00005272,TXN0001742,PROD00154,3,192800.0
TI00005273,TXN0001743,PROD00167,2,79900.0
TI00005274,TXN0001743,PROD00058,2,1306500.0
TI00005275,TXN0001743,PROD00152,1,170900.0
TI00005276,TXN0001743,PROD00116,2,561100.0
TI00005277,TXN0001743,PROD00042,1,110400.0
TI00005278,TXN0001744,PROD00101,2,11745100.0
TI00005279,TXN0001745,PROD00133,1,521500.0
TI00005280,TXN0001745,PROD00132,2,6814300.0
TI00005281,TXN0001746,PROD00004,2,1254300.0
TI00005282,TXN0001747,PROD00099,1,497200.0
TI00005283,TXN0001747,PROD00119,1,3450500.0
TI00005284,TXN0001747,PROD00112,4,3050100.0
TI00005285,TXN0001747,PROD00098,4,66400.0
TI00005286,TXN0001747,PROD00030,1,10909100.0
TI00005287,TXN0001748,PROD00099,1,497200.0
TI00005288,TXN0001748,PROD00024,2,595000.0
TI00005289,TXN0001748,PROD00074,3,99400.0
TI00005290,TXN0001749,PROD00151,1,116700.0
TI00005291,TXN0001750,PROD00141,3,527900.0
TI00005292,TXN0001750,PROD00165,3,242000.0
TI00005293,TXN0001750,PROD00036,4,11966500.0
TI00005294,TXN0001750,PROD00050,3,134700.0
TI00005295,TXN0001751,PROD00051,1,752100.0
TI00005296,TXN0001752,PROD00047,3,165600.0
TI00005297,TXN0001752,PROD00001,4,179800.0
TI00005298,TXN0001752,PROD00095,4,428500.0
TI00005299,TXN0001752,PROD00072,1,470400.0
TI00005300,TXN0001753,PROD00109,1,3001900.0
TI00005301,TXN0001753,PROD00069,4,145200.0
TI00005302,TXN0001753,PROD00024,3,595000.0
TI00005303,TXN0001753,PROD00019,3,353800.0
TI00005304,TXN0001754,PROD00001,3,179800.0
TI00005305,TXN0001754,PROD00115,1,1810600.0
TI00005306,TXN0001754,PROD00139,4,621000.0
TI00005307,TXN0001755,PROD00134,1,1383900.0
TI00005308,TXN0001756,PROD00108,2,570800.0
TI00005309,TXN0001756,PROD00141,4,527900.0
TI00005310,TXN0001756,PROD00052,4,58000.0
TI00005311,TXN0001756,PROD00076,2,609300.0
TI00005312,TXN0001757,PROD00139,1,621000.0
TI00005313,TXN0001757,PROD00111,4,5440300.0
TI00005314,TXN0001758,PROD00094,1,365200.0
TI00005315,TXN0001759,PROD00093,1,2689800.0
TI00005316,TXN0001759,PROD00117,4,188000.0
TI00005317,TXN0001760,PROD00061,4,8063300.0
TI00005318,TXN0001760,PROD00033,3,10971800.0
TI00005319,TXN0001760,PROD00006,4,1710300.0
TI00005320,TXN0001760,PROD00023,2,225100.0
TI00005321,TXN0001760,PROD00034,4,1485900.0
TI00005322,TXN0001761,PROD00147,3,229500.0
TI00005323,TXN0001762,PROD00093,1,2689800.0
TI00005324,TXN0001762,PROD00086,4,8987800.0
TI00005325,TXN0001762,PROD00131,4,2828000.0
TI00005326,TXN0001762,PROD00081,4,41700.0
TI00005327,TXN0001763,PROD00099,1,497200.0
TI00005328,TXN0001763,PROD00155,1,277300.0
TI00005329,TXN0001763,PROD00048,2,88700.0
TI00005330,TXN0001764,PROD00152,2,170900.0
TI00005331,TXN0001764,PROD00104,2,179700.0
TI00005332,TXN0001764,PROD00036,2,11966500.0
TI00005333,TXN0001764,PROD00112,4,3050100.0
TI00005334,TXN0001764,PROD00069,3,145200.0
TI00005335,TXN0001765,PROD00116,1,561100.0
TI00005336,TXN0001766,PROD00034,3,1485900.0
TI00005337,TXN0001766,PROD00027,3,124600.0
TI00005338,TXN0001766,PROD00142,3,324600.0
TI00005339,TXN0001767,PROD00112,1,3050100.0
TI00005340,TXN0001767,PROD00130,2,213000.0
TI00005341,TXN0001767,PROD00033,2,10971800.0
TI00005342,TXN0001768,PROD00148,1,272900.0
TI00005343,TXN0001769,PROD00057,1,2101600.0
TI00005344,TXN0001769,PROD00088,4,220600.0
TI00005345,TXN0001769,PROD00105,2,76100.0
TI00005346,TXN0001769,PROD00071,2,501200.0
TI00005347,TXN0001770,PROD00046,3,314500.0
TI00005348,TXN0001770,PROD00129,3,67800.0
TI00005349,TXN0001770,PROD00042,1,110400.0
TI00005350,TXN0001770,PROD00144,1,2659900.0
TI00005351,TXN0001771,PROD00167,3,79900.0
TI00005352,TXN0001771,PROD00133,4,521500.0
TI00005353,TXN0001771,PROD00047,2,165600.0
TI00005354,TXN0001771,PROD00042,1,110400.0
TI00005355,TXN0001771,PROD00177,2,228400.0
TI00005356,TXN0001772,PROD00139,1,621000.0
TI00005357,TXN0001772,PROD00096,1,366200.0
TI00005358,TXN0001772,PROD00002,3,1365600.0
TI00005359,TXN0001772,PROD00124,1,11671600.0
TI00005360,TXN0001773,PROD00096,1,366200.0
TI00005361,TXN0001773,PROD00001,1,179800.0
TI00005362,TXN0001773,PROD00157,3,6815900.0
TI00005363,TXN0001773,PROD00046,2,314500.0
TI00005364,TXN0001773,PROD00119,4,3450500.0
TI00005365,TXN0001774,PROD00093,2,2689800.0
TI00005366,TXN0001775,PROD00035,1,3271400.0
TI00005367,TXN0001775,PROD00052,4,58000.0
TI00005368,TXN0001775,PROD00012,3,744700.0
TI00005369,TXN0001775,PROD00009,1,183500.0
TI00005370,TXN0001775,PROD00119,1,3450500.0
TI00005371,TXN0001776,PROD00130,3,213000.0
TI00005372,TXN0001777,PROD00059,4,3249400.0
TI00005373,TXN0001777,PROD00166,4,120600.0
TI00005374,TXN0001777,PROD00037,2,718700.0
TI00005375,TXN0001778,PROD00153,3,121800.0
TI00005376,TXN0001778,PROD00066,4,162000.0
TI00005377,TXN0001779,PROD00160,2,297400.0
TI00005378,TXN0001780,PROD00138,1,57200.0
TI00005379,TXN0001780,PROD00022,1,1337300.0
TI00005380,TXN0001780,PROD00055,3,29300.0
TI00005381,TXN0001781,PROD00170,2,806200.0
TI00005382,TXN0001781,PROD00157,1,6815900.0
TI00005383,TXN0001781,PROD00104,4,179700.0
TI00005384,TXN0001781,PROD00057,3,2101600.0
TI00005385,TXN0001781,PROD00176,2,168200.0
TI00005386,TXN0001782,PROD00135,2,495100.0
TI00005387,TXN0001782,PROD00062,4,83600.0
TI00005388,TXN0001782,PROD00087,1,86200.0
TI00005389,TXN0001783,PROD00112,2,3050100.0
TI00005390,TXN0001783,PROD00010,3,675900.0
TI00005391,TXN0001783,PROD00110,3,130700.0
TI00005392,TXN0001783,PROD00115,2,1810600.0
TI00005393,TXN0001783,PROD00050,3,134700.0
TI00005394,TXN0001784,PROD00098,3,66400.0
TI00005395,TXN0001784,PROD00162,4,532200.0
TI00005396,TXN0001785,PROD00085,3,262600.0
TI00005397,TXN0001786,PROD00101,3,11745100.0
TI00005398,TXN0001787,PROD00091,4,17600.0
TI00005399,TXN0001787,PROD00021,2,423700.0
TI00005400,TXN0001787,PROD00094,2,365200.0
TI00005401,TXN0001788,PROD00139,3,621000.0
TI00005402,TXN0001789,PROD00127,3,172600.0
TI00005403,TXN0001790,PROD00022,1,1337300.0
TI00005404,TXN0001791,PROD00025,2,57900.0
TI00005405,TXN0001791,PROD00154,3,192800.0
TI00005406,TXN0001791,PROD00176,3,168200.0
TI00005407,TXN0001791,PROD00005,4,613400.0
TI00005408,TXN0001792,PROD00044,1,2984700.0
TI00005409,TXN0001792,PROD00163,4,337100.0
TI00005410,TXN0001793,PROD00069,2,145200.0
TI00005411,TXN0001793,PROD00179,1,1206500.0
TI00005412,TXN0001793,PROD00022,1,1337300.0
TI00005413,TXN0001794,PROD00081,1,41700.0
TI00005414,TXN0001794,PROD00145,2,626300.0
TI00005415,TXN0001794,PROD00092,4,198900.0
TI00005416,TXN0001794,PROD00016,1,167400.0
TI00005417,TXN0001795,PROD00089,3,11224800.0
TI00005418,TXN0001795,PROD00168,4,54200.0
TI00005419,TXN0001796,PROD00073,4,55700.0
TI00005420,TXN0001796,PROD00012,2,744700.0
TI00005421,TXN0001796,PROD00127,2,172600.0
TI00005422,TXN0001796,PROD00026,4,1447900.0
TI00005423,TXN0001797,PROD00173,1,67500.0
TI00005424,TXN0001797,PROD00094,1,365200.0
TI00005425,TXN0001797,PROD00165,1,242000.0
TI00005426,TXN0001797,PROD00008,4,86100.0
TI00005427,TXN0001797,PROD00060,3,218600.0
TI00005428,TXN0001798,PROD00053,1,197800.0
TI00005429,TXN0001799,PROD00110,3,130700.0
TI00005430,TXN0001799,PROD00012,1,744700.0
TI00005431,TXN0001800,PROD00158,3,488300.0
TI00005432,TXN0001800,PROD00045,3,75500.0
TI00005433,TXN0001800,PROD00140,2,10502400.0
TI00005434,TXN0001801,PROD00088,1,220600.0
TI00005435,TXN0001801,PROD00038,1,3280700.0
TI00005436,TXN0001801,PROD00012,1,744700.0
TI00005437,TXN0001801,PROD00093,4,2689800.0
TI00005438,TXN0001801,PROD00100,4,546800.0
TI00005439,TXN0001802,PROD00102,4,171600.0
TI00005440,TXN0001803,PROD00140,4,10502400.0
TI00005441,TXN0001804,PROD00179,2,1206500.0
TI00005442,TXN0001805,PROD00056,2,246400.0
TI00005443,TXN0001805,PROD00170,3,806200.0
TI00005444,TXN0001806,PROD00101,4,11745100.0
TI00005445,TXN0001807,PROD00003,3,623300.0
TI00005446,TXN0001807,PROD00056,1,246400.0
TI00005447,TXN0001807,PROD00042,1,110400.0
TI00005448,TXN0001808,PROD00081,2,41700.0
TI00005449,TXN0001808,PROD00066,3,162000.0
TI00005450,TXN0001808,PROD00034,1,1485900.0
TI00005451,TXN0001808,PROD00101,4,11745100.0
TI00005452,TXN0001809,PROD00150,2,874600.0
TI00005453,TXN0001809,PROD00016,2,167400.0
TI00005454,TXN0001810,PROD00085,1,262600.0
TI00005455,TXN0001810,PROD00025,1,57900.0
TI00005456,TXN0001810,PROD00018,1,2056700.0
TI00005457,TXN0001811,PROD00063,4,631600.0
TI00005458,TXN0001811,PROD00002,3,1365600.0
TI00005459,TXN0001811,PROD00164,2,103200.0
TI00005460,TXN0001812,PROD00023,4,225100.0
TI00005461,TXN0001813,PROD00035,1,3271400.0
TI00005462,TXN0001813,PROD00158,3,488300.0
TI00005463,TXN0001814,PROD00086,4,8987800.0
TI00005464,TXN0001814,PROD00145,3,626300.0
TI00005465,TXN0001814,PROD00143,2,115300.0
TI00005466,TXN0001814,PROD00140,1,10502400.0
TI00005467,TXN0001815,PROD00109,2,3001900.0
TI00005468,TXN0001815,PROD00080,2,204100.0
TI00005469,TXN0001815,PROD00043,4,223400.0
TI00005470,TXN0001815,PROD00102,2,171600.0
TI00005471,TXN0001815,PROD00012,1,744700.0
TI00005472,TXN0001816,PROD00091,1,17600.0
TI00005473,TXN0001816,PROD00134,3,1383900.0
TI00005474,TXN0001816,PROD00048,4,88700.0
TI00005475,TXN0001817,PROD00033,3,10971800.0
TI00005476,TXN0001817,PROD00001,2,179800.0
TI00005477,TXN0001817,PROD00114,2,362300.0
TI00005478,TXN0001817,PROD00030,1,10909100.0
TI00005479,TXN0001817,PROD00024,2,595000.0
TI00005480,TXN0001818,PROD00091,1,17600.0
TI00005481,TXN0001819,PROD00002,1,1365600.0
TI00005482,TXN0001819,PROD00176,4,168200.0
TI00005483,TXN0001819,PROD00094,1,365200.0
TI00005484,TXN0001819,PROD00145,1,626300.0
TI00005485,TXN0001820,PROD00138,3,57200.0
TI00005486,TXN0001820,PROD00096,1,366200.0
TI00005487,TXN0001821,PROD00177,4,228400.0
TI00005488,TXN0001821,PROD00121,1,190400.0
TI00005489,TXN0001821,PROD00043,1,223400.0
TI00005490,TXN0001821,PROD00025,3,57900.0
TI00005491,TXN0001822,PROD00056,2,246400.0
TI00005492,TXN0001822,PROD00018,4,2056700.0
TI00005493,TXN0001822,PROD00141,2,527900.0
TI00005494,TXN0001822,PROD00097,3,2301200.0
TI00005495,TXN0001822,PROD00156,3,117900.0
TI00005496,TXN0001823,PROD00132,2,6814300.0
TI00005497,TXN0001824,PROD00001,2,179800.0
TI00005498,TXN0001824,PROD00014,2,2104400.0
TI00005499,TXN0001825,PROD00035,2,3271400.0
TI00005500,TXN0001825,PROD00170,1,806200.0
TI00005501,TXN0001826,PROD00168,1,54200.0
TI00005502,TXN0001826,PROD00055,1,29300.0
TI00005503,TXN0001826,PROD00034,4,1485900.0
TI00005504,TXN0001827,PROD00173,2,67500.0
TI00005505,TXN0001828,PROD00163,2,337100.0
TI00005506,TXN0001829,PROD00057,2,2101600.0
TI00005507,TXN0001829,PROD00034,4,1485900.0
TI00005508,TXN0001830,PROD00096,1,366200.0
TI00005509,TXN0001830,PROD00050,2,134700.0
TI00005510,TXN0001831,PROD00086,4,8987800.0
TI00005511,TXN0001831,PROD00013,2,1045000.0
TI00005512,TXN0001831,PROD00105,1,76100.0
TI00005513,TXN0001831,PROD00065,1,846500.0
TI00005514,TXN0001832,PROD00117,1,188000.0
TI00005515,TXN0001832,PROD00118,2,97800.0
TI00005516,TXN0001832,PROD00092,2,198900.0
TI00005517,TXN0001832,PROD00102,1,171600.0
TI00005518,TXN0001833,PROD00175,3,99600.0
TI00005519,TXN0001833,PROD00176,4,168200.0
TI00005520,TXN0001833,PROD00019,1,353800.0
TI00005521,TXN0001833,PROD00121,2,190400.0
TI00005522,TXN0001834,PROD00008,3,86100.0
TI00005523,TXN0001835,PROD00018,4,2056700.0
TI00005524,TXN0001835,PROD00159,2,3240200.0
TI00005525,TXN0001835,PROD00100,2,546800.0
TI00005526,TXN0001836,PROD00031,4,571800.0
TI00005527,TXN0001836,PROD00108,1,570800.0
TI00005528,TXN0001837,PROD00095,4,428500.0
TI00005529,TXN0001837,PROD00107,2,75800.0
TI00005530,TXN0001837,PROD00101,4,11745100.0
TI00005531,TXN0001837,PROD00118,2,97800.0
TI00005532,TXN0001837,PROD00011,1,810900.0
TI00005533,TXN0001838,PROD00093,3,2689800.0
TI00005534,TXN0001838,PROD00016,3,167400.0
TI00005535,TXN0001838,PROD00078,3,473100.0
TI00005536,TXN0001838,PROD00149,1,370000.0
TI00005537,TXN0001839,PROD00051,2,752100.0
TI00005538,TXN0001839,PROD00176,2,168200.0
TI00005539,TXN0001839,PROD00079,4,31800.0
TI00005540,TXN0001839,PROD00155,3,277300.0
TI00005541,TXN0001840,PROD00034,4,1485900.0
TI00005542,TXN0001840,PROD00044,2,2984700.0
TI00005543,TXN0001841,PROD00038,4,3280700.0
TI00005544,TXN0001841,PROD00066,2,162000.0
TI00005545,TXN0001841,PROD00056,3,246400.0
TI00005546,TXN0001842,PROD00069,1,145200.0
TI00005547,TXN0001842,PROD00173,1,67500.0
TI00005548,TXN0001842,PROD00039,4,1936200.0
TI00005549,TXN0001843,PROD00105,1,76100.0
TI00005550,TXN0001843,PROD00038,4,3280700.0
TI00005551,TXN0001843,PROD00164,3,103200.0
TI00005552,TXN0001843,PROD00062,2,83600.0
TI00005553,TXN0001843,PROD00080,2,204100.0
TI00005554,TXN0001844,PROD00035,4,3271400.0
TI00005555,TXN0001844,PROD00073,2,55700.0
TI00005556,TXN0001845,PROD00137,2,59500.0
TI00005557,TXN0001845,PROD00061,3,8063300.0
TI00005558,TXN0001845,PROD00058,2,1306500.0
TI00005559,TXN0001846,PROD00020,3,176500.0
TI00005560,TXN0001846,PROD00021,4,423700.0
TI00005561,TXN0001847,PROD00069,4,145200.0
TI00005562,TXN0001847,PROD00095,3,428500.0
TI00005563,TXN0001847,PROD00120,4,283500.0
TI00005564,TXN0001848,PROD00163,3,337100.0
TI00005565,TXN0001848,PROD00086,2,8987800.0
TI00005566,TXN0001848,PROD00052,4,58000.0
TI00005567,TXN0001849,PROD00070,4,191800.0
TI00005568,TXN0001849,PROD00101,1,11745100.0
TI00005569,TXN0001849,PROD00099,4,497200.0
TI00005570,TXN0001849,PROD00153,2,121800.0
TI00005571,TXN0001850,PROD00046,3,314500.0
TI00005572,TXN0001851,PROD00086,3,8987800.0
TI00005573,TXN0001851,PROD00159,2,3240200.0
TI00005574,TXN0001851,PROD00079,4,31800.0
TI00005575,TXN0001851,PROD00131,2,2828000.0
TI00005576,TXN0001851,PROD00023,3,225100.0
TI00005577,TXN0001852,PROD00102,1,171600.0
TI00005578,TXN0001852,PROD00078,2,473100.0
TI00005579,TXN0001852,PROD00115,1,1810600.0
TI00005580,TXN0001852,PROD00047,4,165600.0
TI00005581,TXN0001853,PROD00095,1,428500.0
TI00005582,TXN0001853,PROD00151,3,116700.0
TI00005583,TXN0001854,PROD00074,1,99400.0
TI00005584,TXN0001855,PROD00150,1,874600.0
TI00005585,TXN0001855,PROD00051,3,752100.0
TI00005586,TXN0001855,PROD00064,3,1537200.0
TI00005587,TXN0001855,PROD00041,3,792800.0
TI00005588,TXN0001855,PROD00107,2,75800.0
TI00005589,TXN0001856,PROD00106,1,610900.0
TI00005590,TXN0001856,PROD00057,1,2101600.0
TI00005591,TXN0001856,PROD00169,1,6358700.0
TI00005592,TXN0001856,PROD00118,1,97800.0
TI00005593,TXN0001856,PROD00058,4,1306500.0
TI00005594,TXN0001857,PROD00037,1,718700.0
TI00005595,TXN0001857,PROD00031,3,571800.0
TI00005596,TXN0001858,PROD00143,3,115300.0
TI00005597,TXN0001859,PROD00046,4,314500.0
TI00005598,TXN0001859,PROD00111,3,5440300.0
TI00005599,TXN0001859,PROD00130,3,213000.0
TI00005600,TXN0001860,PROD00128,2,202200.0
TI00005601,TXN0001861,PROD00106,4,610900.0
TI00005602,TXN0001861,PROD00088,4,220600.0
TI00005603,TXN0001861,PROD00038,2,3280700.0
TI00005604,TXN0001861,PROD00057,4,2101600.0
TI00005605,TXN0001861,PROD00114,4,362300.0
TI00005606,TXN0001862,PROD00050,1,134700.0
TI00005607,TXN0001862,PROD00120,1,283500.0
TI00005608,TXN0001863,PROD00113,1,4916800.0
TI00005609,TXN0001863,PROD00138,1,57200.0
TI00005610,TXN0001864,PROD00169,4,6358700.0
TI00005611,TXN0001864,PROD00012,2,744700.0
TI00005612,TXN0001864,PROD00010,2,675900.0
TI00005613,TXN0001864,PROD00007,1,456400.0
TI00005614,TXN0001864,PROD00039,3,1936200.0
TI00005615,TXN0001865,PROD00170,1,806200.0
TI00005616,TXN0001865,PROD00050,3,134700.0
TI00005617,TXN0001865,PROD00031,2,571800.0
TI00005618,TXN0001865,PROD00109,1,3001900.0
TI00005619,TXN0001866,PROD00161,1,231200.0
TI00005620,TXN0001866,PROD00178,2,55100.0
TI00005621,TXN0001866,PROD00023,1,225100.0
TI00005622,TXN0001866,PROD00127,2,172600.0
TI00005623,TXN0001866,PROD00043,4,223400.0
TI00005624,TXN0001867,PROD00133,2,521500.0
TI00005625,TXN0001867,PROD00101,1,11745100.0
TI00005626,TXN0001868,PROD00064,3,1537200.0
TI00005627,TXN0001868,PROD00089,2,11224800.0
TI00005628,TXN0001868,PROD00033,2,10971800.0
TI00005629,TXN0001868,PROD00096,2,366200.0
TI00005630,TXN0001869,PROD00155,3,277300.0
TI00005631,TXN0001869,PROD00156,4,117900.0
TI00005632,TXN0001869,PROD00045,2,75500.0
TI00005633,TXN0001869,PROD00001,3,179800.0
TI00005634,TXN0001869,PROD00074,2,99400.0
TI00005635,TXN0001870,PROD00110,1,130700.0
TI00005636,TXN0001870,PROD00023,4,225100.0
TI00005637,TXN0001870,PROD00130,4,213000.0
TI00005638,TXN0001870,PROD00090,1,838900.0
TI00005639,TXN0001871,PROD00131,2,2828000.0
TI00005640,TXN0001872,PROD00031,4,571800.0
TI00005641,TXN0001872,PROD00130,1,213000.0
TI00005642,TXN0001872,PROD00041,1,792800.0
TI00005643,TXN0001872,PROD00052,1,58000.0
TI00005644,TXN0001873,PROD00102,3,171600.0
TI00005645,TXN0001873,PROD00026,2,1447900.0
TI00005646,TXN0001874,PROD00127,4,172600.0
TI00005647,TXN0001875,PROD00104,3,179700.0
TI00005648,TXN0001875,PROD00123,4,520300.0
TI00005649,TXN0001875,PROD00052,3,58000.0
TI00005650,TXN0001876,PROD00037,1,718700.0
TI00005651,TXN0001876,PROD00042,1,110400.0
TI00005652,TXN0001877,PROD00089,2,11224800.0
TI00005653,TXN0001877,PROD00144,2,2659900.0
TI00005654,TXN0001878,PROD00104,2,179700.0
TI00005655,TXN0001878,PROD00015,3,327100.0
TI00005656,TXN0001878,PROD00097,2,2301200.0
TI00005657,TXN0001879,PROD00063,1,631600.0
TI00005658,TXN0001879,PROD00163,1,337100.0
TI00005659,TXN0001879,PROD00123,3,520300.0
TI00005660,TXN0001879,PROD00018,4,2056700.0
TI00005661,TXN0001880,PROD00061,1,8063300.0
TI00005662,TXN0001881,PROD00059,1,3249400.0
TI00005663,TXN0001881,PROD00144,3,2659900.0
TI00005664,TXN0001881,PROD00079,2,31800.0
TI00005665,TXN0001882,PROD00057,4,2101600.0
TI00005666,TXN0001883,PROD00131,3,2828000.0
TI00005667,TXN0001884,PROD00122,3,2205900.0
TI00005668,TXN0001884,PROD00169,3,6358700.0
TI00005669,TXN0001884,PROD00094,4,365200.0
TI00005670,TXN0001884,PROD00099,1,497200.0
TI00005671,TXN0001884,PROD00017,3,61400.0
TI00005672,TXN0001885,PROD00095,1,428500.0
TI00005673,TXN0001886,PROD00020,3,176500.0
TI00005674,TXN0001887,PROD00148,4,272900.0
TI00005675,TXN0001888,PROD00116,3,561100.0
TI00005676,TXN0001888,PROD00141,2,527900.0
TI00005677,TXN0001888,PROD00128,1,202200.0
TI00005678,TXN0001889,PROD00005,2,613400.0
TI00005679,TXN0001889,PROD00065,4,846500.0
TI00005680,TXN0001890,PROD00167,1,79900.0
TI00005681,TXN0001890,PROD00128,2,202200.0
TI00005682,TXN0001890,PROD00025,3,57900.0
TI00005683,TXN0001890,PROD00035,1,3271400.0
TI00005684,TXN0001890,PROD00170,2,806200.0
TI00005685,TXN0001891,PROD00159,4,3240200.0
TI00005686,TXN0001891,PROD00104,4,179700.0
TI00005687,TXN0001891,PROD00119,1,3450500.0
TI00005688,TXN0001891,PROD00137,4,59500.0
TI00005689,TXN0001892,PROD00060,2,218600.0
TI00005690,TXN0001892,PROD00021,4,423700.0
TI00005691,TXN0001892,PROD00155,4,277300.0
TI00005692,TXN0001892,PROD00048,1,88700.0
TI00005693,TXN0001893,PROD00136,4,787800.0
TI00005694,TXN0001893,PROD00137,3,59500.0
TI00005695,TXN0001893,PROD00160,2,297400.0
TI00005696,TXN0001893,PROD00122,2,2205900.0
TI00005697,TXN0001893,PROD00167,3,79900.0
TI00005698,TXN0001894,PROD00049,3,244600.0
TI00005699,TXN0001894,PROD00008,2,86100.0
TI00005700,TXN0001894,PROD00132,2,6814300.0
TI00005701,TXN0001895,PROD00041,1,792800.0
TI00005702,TXN0001896,PROD00090,4,838900.0
TI00005703,TXN0001897,PROD00164,1,103200.0
TI00005704,TXN0001897,PROD00117,1,188000.0
TI00005705,TXN0001897,PROD00073,2,55700.0
TI00005706,TXN0001897,PROD00123,4,520300.0
TI00005707,TXN0001897,PROD00002,4,1365600.0
TI00005708,TXN0001898,PROD00103,4,499800.0
TI00005709,TXN0001898,PROD00077,3,37900.0
TI00005710,TXN0001898,PROD00147,1,229500.0
TI00005711,TXN0001898,PROD00115,4,1810600.0
TI00005712,TXN0001899,PROD00110,3,130700.0
TI00005713,TXN0001899,PROD00177,3,228400.0
TI00005714,TXN0001899,PROD00009,1,183500.0
TI00005715,TXN0001900,PROD00091,2,17600.0
TI00005716,TXN0001900,PROD00081,4,41700.0
TI00005717,TXN0001901,PROD00048,3,88700.0
TI00005718,TXN0001901,PROD00119,2,3450500.0
TI00005719,TXN0001901,PROD00113,4,4916800.0
TI00005720,TXN0001901,PROD00021,2,423700.0
TI00005721,TXN0001901,PROD00029,3,747300.0
TI00005722,TXN0001902,PROD00152,2,170900.0
TI00005723,TXN0001902,PROD00120,3,283500.0
TI00005724,TXN0001902,PROD00003,3,623300.0
TI00005725,TXN0001903,PROD00110,2,130700.0
TI00005726,TXN0001903,PROD00077,1,37900.0
TI00005727,TXN0001904,PROD00135,3,495100.0
TI00005728,TXN0001904,PROD00159,4,3240200.0
TI00005729,TXN0001904,PROD00144,3,2659900.0
TI00005730,TXN0001905,PROD00064,3,1537200.0
TI00005731,TXN0001905,PROD00077,2,37900.0
TI00005732,TXN0001905,PROD00085,3,262600.0
TI00005733,TXN0001905,PROD00068,3,189500.0
TI00005734,TXN0001906,PROD00032,2,359500.0
TI00005735,TXN0001906,PROD00102,2,171600.0
TI00005736,TXN0001906,PROD00146,3,647500.0
TI00005737,TXN0001906,PROD00155,3,277300.0
TI00005738,TXN0001906,PROD00151,4,116700.0
TI00005739,TXN0001907,PROD00070,2,191800.0
TI00005740,TXN0001907,PROD00105,2,76100.0
TI00005741,TXN0001907,PROD00068,2,189500.0
TI00005742,TXN0001907,PROD00005,1,613400.0
TI00005743,TXN0001907,PROD00135,3,495100.0
TI00005744,TXN0001908,PROD00056,3,246400.0
TI00005745,TXN0001908,PROD00148,1,272900.0
TI00005746,TXN0001908,PROD00172,2,162600.0
TI00005747,TXN0001908,PROD00137,2,59500.0
TI00005748,TXN0001909,PROD00016,2,167400.0
TI00005749,TXN0001909,PROD00177,1,228400.0
TI00005750,TXN0001910,PROD00078,2,473100.0
TI00005751,TXN0001910,PROD00133,3,521500.0
TI00005752,TXN0001910,PROD00090,4,838900.0
TI00005753,TXN0001911,PROD00010,1,675900.0
TI00005754,TXN0001911,PROD00063,1,631600.0
TI00005755,TXN0001912,PROD00038,2,3280700.0
TI00005756,TXN0001913,PROD00028,2,497400.0
TI00005757,TXN0001913,PROD00035,4,3271400.0
TI00005758,TXN0001913,PROD00030,3,10909100.0
TI00005759,TXN0001914,PROD00101,4,11745100.0
TI00005760,TXN0001914,PROD00049,1,244600.0
TI00005761,TXN0001914,PROD00085,4,262600.0
TI00005762,TXN0001914,PROD00150,1,874600.0
TI00005763,TXN0001914,PROD00087,2,86200.0
TI00005764,TXN0001915,PROD00077,4,37900.0
TI00005765,TXN0001915,PROD00049,4,244600.0
TI00005766,TXN0001915,PROD00067,2,1694500.0
TI00005767,TXN0001915,PROD00179,1,1206500.0
TI00005768,TXN0001915,PROD00084,1,1607800.0
TI00005769,TXN0001916,PROD00047,2,165600.0
TI00005770,TXN0001916,PROD00049,2,244600.0
TI00005771,TXN0001916,PROD00105,1,76100.0
TI00005772,TXN0001917,PROD00118,3,97800.0
TI00005773,TXN0001917,PROD00075,4,382900.0
TI00005774,TXN0001917,PROD00047,2,165600.0
TI00005775,TXN0001918,PROD00060,4,218600.0
TI00005776,TXN0001918,PROD00170,4,806200.0
TI00005777,TXN0001918,PROD00116,1,561100.0
TI00005778,TXN0001919,PROD00150,1,874600.0
TI00005779,TXN0001919,PROD00013,4,1045000.0
TI00005780,TXN0001919,PROD00040,4,3685900.0
TI00005781,TXN0001919,PROD00168,3,54200.0
TI00005782,TXN0001920,PROD00049,2,244600.0
TI00005783,TXN0001920,PROD00010,3,675900.0
TI00005784,TXN0001920,PROD00078,1,473100.0
TI00005785,TXN0001921,PROD00144,3,2659900.0
TI00005786,TXN0001921,PROD00157,4,6815900.0
TI00005787,TXN0001922,PROD00051,2,752100.0
TI00005788,TXN0001922,PROD00052,2,58000.0
TI00005789,TXN0001923,PROD00005,3,613400.0
TI00005790,TXN0001923,PROD00035,4,3271400.0
TI00005791,TXN0001924,PROD00053,2,197800.0
TI00005792,TXN0001924,PROD00003,1,623300.0
TI00005793,TXN0001925,PROD00105,1,76100.0
TI00005794,TXN0001925,PROD00120,1,283500.0
TI00005795,TXN0001925,PROD00113,4,4916800.0
TI00005796,TXN0001926,PROD00110,3,130700.0
TI00005797,TXN0001926,PROD00037,3,718700.0
TI00005798,TXN0001926,PROD00123,2,520300.0
TI00005799,TXN0001926,PROD00157,1,6815900.0
TI00005800,TXN0001927,PROD00045,2,75500.0
TI00005801,TXN0001928,PROD00044,3,2984700.0
TI00005802,TXN0001928,PROD00061,2,8063300.0
TI00005803,TXN0001928,PROD00008,1,86100.0
TI00005804,TXN0001928,PROD00056,2,246400.0
TI00005805,TXN0001929,PROD00005,2,613400.0
TI00005806,TXN0001929,PROD00024,3,595000.0
TI00005807,TXN0001929,PROD00117,1,188000.0
TI00005808,TXN0001929,PROD00042,3,110400.0
TI00005809,TXN0001929,PROD00170,1,806200.0
TI00005810,TXN0001930,PROD00170,1,806200.0
TI00005811,TXN0001930,PROD00140,4,10502400.0
TI00005812,TXN0001930,PROD00119,4,3450500.0
TI00005813,TXN0001931,PROD00106,2,610900.0
TI00005814,TXN0001931,PROD00028,3,497400.0
TI00005815,TXN0001931,PROD00160,1,297400.0
TI00005816,TXN0001932,PROD00059,4,3249400.0
TI00005817,TXN0001932,PROD00138,2,57200.0
TI00005818,TXN0001932,PROD00113,3,4916800.0
TI00005819,TXN0001932,PROD00040,1,3685900.0
TI00005820,TXN0001932,PROD00174,2,71600.0
TI00005821,TXN0001933,PROD00011,4,810900.0
TI00005822,TXN0001933,PROD00150,3,874600.0
TI00005823,TXN0001933,PROD00177,3,228400.0
TI00005824,TXN0001933,PROD00088,2,220600.0
TI00005825,TXN0001933,PROD00099,2,497200.0
TI00005826,TXN0001934,PROD00116,1,561100.0
TI00005827,TXN0001934,PROD00147,2,229500.0
TI00005828,TXN0001935,PROD00023,1,225100.0
TI00005829,TXN0001936,PROD00179,4,1206500.0
TI00005830,TXN0001936,PROD00089,1,11224800.0
TI00005831,TXN0001937,PROD00125,3,716900.0
TI00005832,TXN0001938,PROD00027,3,124600.0
TI00005833,TXN0001938,PROD00151,3,116700.0
TI00005834,TXN0001938,PROD00159,2,3240200.0
TI00005835,TXN0001939,PROD00045,2,75500.0
TI00005836,TXN0001940,PROD00064,4,1537200.0
TI00005837,TXN0001940,PROD00057,2,2101600.0
TI00005838,TXN0001940,PROD00143,2,115300.0
TI00005839,TXN0001941,PROD00097,2,2301200.0
TI00005840,TXN0001942,PROD00176,4,168200.0
TI00005841,TXN0001942,PROD00067,2,1694500.0
TI00005842,TXN0001942,PROD00152,2,170900.0
TI00005843,TXN0001943,PROD00052,3,58000.0
TI00005844,TXN0001943,PROD00075,3,382900.0
TI00005845,TXN0001944,PROD00129,3,67800.0
TI00005846,TXN0001944,PROD00133,1,521500.0
TI00005847,TXN0001944,PROD00128,3,202200.0
TI00005848,TXN0001945,PROD00158,3,488300.0
TI00005849,TXN0001945,PROD00175,1,99600.0
TI00005850,TXN0001945,PROD00097,3,2301200.0
TI00005851,TXN0001946,PROD00180,2,96700.0
TI00005852,TXN0001946,PROD00047,2,165600.0
TI00005853,TXN0001946,PROD00102,3,171600.0
TI00005854,TXN0001946,PROD00110,4,130700.0
TI00005855,TXN0001946,PROD00163,2,337100.0
TI00005856,TXN0001947,PROD00044,2,2984700.0
TI00005857,TXN0001947,PROD00041,1,792800.0
TI00005858,TXN0001947,PROD00092,4,198900.0
TI00005859,TXN0001948,PROD00090,2,838900.0
TI00005860,TXN0001948,PROD00139,1,621000.0
TI00005861,TXN0001948,PROD00022,3,1337300.0
TI00005862,TXN0001948,PROD00037,2,718700.0
TI00005863,TXN0001949,PROD00030,4,10909100.0
TI00005864,TXN0001949,PROD00019,2,353800.0
TI00005865,TXN0001949,PROD00083,1,6771700.0
TI00005866,TXN0001950,PROD00081,4,41700.0
TI00005867,TXN0001950,PROD00171,2,9207400.0
TI00005868,TXN0001950,PROD00180,4,96700.0
TI00005869,TXN0001951,PROD00076,4,609300.0
TI00005870,TXN0001951,PROD00171,1,9207400.0
TI00005871,TXN0001951,PROD00047,3,165600.0
TI00005872,TXN0001951,PROD00011,3,810900.0
TI00005873,TXN0001951,PROD00111,1,5440300.0
TI00005874,TXN0001952,PROD00050,2,134700.0
TI00005875,TXN0001953,PROD00011,2,810900.0
TI00005876,TXN0001953,PROD00012,2,744700.0
TI00005877,TXN0001953,PROD00070,1,191800.0
TI00005878,TXN0001953,PROD00147,1,229500.0
TI00005879,TXN0001953,PROD00137,2,59500.0
TI00005880,TXN0001954,PROD00020,3,176500.0
TI00005881,TXN0001954,PROD00096,1,366200.0
TI00005882,TXN0001955,PROD00140,4,10502400.0
TI00005883,TXN0001955,PROD00107,3,75800.0
TI00005884,TXN0001955,PROD00138,1,57200.0
TI00005885,TXN0001955,PROD00128,1,202200.0
TI00005886,TXN0001956,PROD00084,4,1607800.0
TI00005887,TXN0001956,PROD00068,3,189500.0
TI00005888,TXN0001956,PROD00143,3,115300.0
TI00005889,TXN0001956,PROD00138,2,57200.0
TI00005890,TXN0001956,PROD00015,1,327100.0
TI00005891,TXN0001957,PROD00146,4,647500.0
TI00005892,TXN0001957,PROD00129,4,67800.0
TI00005893,TXN0001958,PROD00081,3,41700.0
TI00005894,TXN0001958,PROD00134,4,1383900.0
TI00005895,TXN0001959,PROD00031,2,571800.0
TI00005896,TXN0001959,PROD00153,2,121800.0
TI00005897,TXN0001959,PROD00112,3,3050100.0
TI00005898,TXN0001960,PROD00037,2,718700.0
TI00005899,TXN0001960,PROD00112,2,3050100.0
TI00005900,TXN0001960,PROD00038,1,3280700.0
TI00005901,TXN0001960,PROD00046,3,314500.0
TI00005902,TXN0001960,PROD00020,1,176500.0
TI00005903,TXN0001961,PROD00029,4,747300.0
TI00005904,TXN0001961,PROD00073,1,55700.0
TI00005905,TXN0001962,PROD00115,3,1810600.0
TI00005906,TXN0001962,PROD00040,1,3685900.0
TI00005907,TXN0001962,PROD00105,2,76100.0
TI00005908,TXN0001962,PROD00151,2,116700.0
TI00005909,TXN0001962,PROD00157,1,6815900.0
TI00005910,TXN0001963,PROD00057,4,2101600.0
TI00005911,TXN0001964,PROD00177,2,228400.0
TI00005912,TXN0001965,PROD00090,2,838900.0
TI00005913,TXN0001966,PROD00140,2,10502400.0
TI00005914,TXN0001966,PROD00102,1,171600.0
TI00005915,TXN0001967,PROD00063,1,631600.0
TI00005916,TXN0001967,PROD00136,3,787800.0
TI00005917,TXN0001967,PROD00061,2,8063300.0
TI00005918,TXN0001968,PROD00169,1,6358700.0
TI00005919,TXN0001968,PROD00145,1,626300.0
TI00005920,TXN0001969,PROD00118,2,97800.0
TI00005921,TXN0001969,PROD00112,2,3050100.0
TI00005922,TXN0001970,PROD00055,4,29300.0
TI00005923,TXN0001970,PROD00124,1,11671600.0
TI00005924,TXN0001971,PROD00104,2,179700.0
TI00005925,TXN0001971,PROD00046,4,314500.0
TI00005926,TXN0001971,PROD00102,3,171600.0
TI00005927,TXN0001971,PROD00117,1,188000.0
TI00005928,TXN0001971,PROD00027,1,124600.0
TI00005929,TXN0001972,PROD00170,2,806200.0
TI00005930,TXN0001972,PROD00130,2,213000.0
TI00005931,TXN0001973,PROD00173,2,67500.0
TI00005932,TXN0001974,PROD00017,1,61400.0
TI00005933,TXN0001974,PROD00136,4,787800.0
TI00005934,TXN0001974,PROD00123,4,520300.0
TI00005935,TXN0001974,PROD00084,4,1607800.0
TI00005936,TXN0001974,PROD00180,4,96700.0
TI00005937,TXN0001975,PROD00043,1,223400.0
TI00005938,TXN0001975,PROD00002,3,1365600.0
TI00005939,TXN0001975,PROD00163,2,337100.0
TI00005940,TXN0001975,PROD00138,1,57200.0
TI00005941,TXN0001975,PROD00134,2,1383900.0
TI00005942,TXN0001976,PROD00118,1,97800.0
TI00005943,TXN0001977,PROD00139,3,621000.0
TI00005944,TXN0001977,PROD00178,3,55100.0
TI00005945,TXN0001978,PROD00039,4,1936200.0
TI00005946,TXN0001979,PROD00137,3,59500.0
TI00005947,TXN0001979,PROD00099,1,497200.0
TI00005948,TXN0001979,PROD00044,2,2984700.0
TI00005949,TXN0001979,PROD00157,3,6815900.0
TI00005950,TXN0001980,PROD00145,3,626300.0
TI00005951,TXN0001980,PROD00042,4,110400.0
TI00005952,TXN0001980,PROD00088,1,220600.0
TI00005953,TXN0001980,PROD00084,4,1607800.0
TI00005954,TXN0001980,PROD00058,3,1306500.0
TI00005955,TXN0001981,PROD00006,2,1710300.0
TI00005956,TXN0001981,PROD00114,4,362300.0
TI00005957,TXN0001981,PROD00069,4,145200.0
TI00005958,TXN0001981,PROD00161,3,231200.0
TI00005959,TXN0001981,PROD00122,1,2205900.0
TI00005960,TXN0001982,PROD00125,4,716900.0
TI00005961,TXN0001982,PROD00006,3,1710300.0
TI00005962,TXN0001982,PROD00144,4,2659900.0
TI00005963,TXN0001982,PROD00001,3,179800.0
TI00005964,TXN0001983,PROD00147,2,229500.0
TI00005965,TXN0001983,PROD00073,3,55700.0
TI00005966,TXN0001983,PROD00104,1,179700.0
TI00005967,TXN0001983,PROD00071,4,501200.0
TI00005968,TXN0001983,PROD00020,4,176500.0
TI00005969,TXN0001984,PROD00053,1,197800.0
TI00005970,TXN0001984,PROD00103,4,499800.0
TI00005971,TXN0001984,PROD00149,3,370000.0
TI00005972,TXN0001985,PROD00075,2,382900.0
TI00005973,TXN0001985,PROD00081,4,41700.0
TI00005974,TXN0001985,PROD00003,1,623300.0
TI00005975,TXN0001986,PROD00103,4,499800.0
TI00005976,TXN0001986,PROD00036,1,11966500.0
TI00005977,TXN0001987,PROD00005,2,613400.0
TI00005978,TXN0001988,PROD00057,1,2101600.0
TI00005979,TXN0001989,PROD00143,4,115300.0
TI00005980,TXN0001989,PROD00049,3,244600.0
TI00005981,TXN0001989,PROD00171,2,9207400.0
TI00005982,TXN0001989,PROD00011,4,810900.0
TI00005983,TXN0001989,PROD00085,3,262600.0
TI00005984,TXN0001990,PROD00107,2,75800.0
TI00005985,TXN0001990,PROD00061,4,8063300.0
TI00005986,TXN0001990,PROD00004,3,1254300.0
TI00005987,TXN0001991,PROD00012,3,744700.0
TI00005988,TXN0001991,PROD00174,4,71600.0
TI00005989,TXN0001992,PROD00153,3,121800.0
TI00005990,TXN0001992,PROD00092,4,198900.0
TI00005991,TXN0001992,PROD00166,3,120600.0
TI00005992,TXN0001992,PROD00053,1,197800.0
TI00005993,TXN0001992,PROD00005,3,613400.0
TI00005994,TXN0001993,PROD00171,1,9207400.0
TI00005995,TXN0001993,PROD00076,4,609300.0
TI00005996,TXN0001993,PROD00111,1,5440300.0
TI00005997,TXN0001993,PROD00115,1,1810600.0
TI00005998,TXN0001993,PROD00146,4,647500.0
TI00005999,TXN0001994,PROD00008,1,86100.0
TI00006000,TXN0001995,PROD00177,2,228400.0
TI00006001,TXN0001995,PROD00032,3,359500.0
TI00006002,TXN0001995,PROD00013,3,1045000.0
TI00006003,TXN0001996,PROD00154,1,192800.0
TI00006004,TXN0001996,PROD00153,4,121800.0
TI00006005,TXN0001997,PROD00103,4,499800.0
TI00006006,TXN0001997,PROD00096,2,366200.0
TI00006007,TXN0001997,PROD00043,2,223400.0
TI00006008,TXN0001997,PROD00078,1,473100.0
TI00006009,TXN0001997,PROD00010,3,675900.0
TI00006010,TXN0001998,PROD00112,2,3050100.0
TI00006011,TXN0001998,PROD00123,2,520300.0
TI00006012,TXN0001998,PROD00036,2,11966500.0
TI00006013,TXN0001998,PROD00081,1,41700.0
TI00006014,TXN0001998,PROD00109,1,3001900.0
TI00006015,TXN0001999,PROD00163,3,337100.0
TI00006016,TXN0001999,PROD00166,4,120600.0
TI00006017,TXN0002000,PROD00123,3,520300.0
TI00006018,TXN0002000,PROD00100,3,546800.0
TI00006019,TXN0002000,PROD00078,3,473100.0
TI00006020,TXN0002001,PROD00084,2,1607800.0
TI00006021,TXN0002001,PROD00044,3,2984700.0
TI00006022,TXN0002001,PROD00025,1,57900.0
TI00006023,TXN0002001,PROD00060,4,218600.0
TI00006024,TXN0002002,PROD00090,2,838900.0
TI00006025,TXN0002002,PROD00056,1,246400.0
TI00006026,TXN0002002,PROD00027,1,124600.0
TI00006027,TXN0002003,PROD00169,1,6358700.0
TI00006028,TXN0002003,PROD00048,1,88700.0
TI00006029,TXN0002004,PROD00163,4,337100.0
TI00006030,TXN0002004,PROD00119,2,3450500.0
TI00006031,TXN0002005,PROD00138,2,57200.0
TI00006032,TXN0002005,PROD00165,3,242000.0
TI00006033,TXN0002005,PROD00140,3,10502400.0
TI00006034,TXN0002006,PROD00044,3,2984700.0
TI00006035,TXN0002006,PROD00047,2,165600.0
TI00006036,TXN0002006,PROD00150,3,874600.0
TI00006037,TXN0002007,PROD00129,3,67800.0
TI00006038,TXN0002008,PROD00015,3,327100.0
TI00006039,TXN0002009,PROD00079,3,31800.0
TI00006040,TXN0002009,PROD00154,4,192800.0
TI00006041,TXN0002009,PROD00024,4,595000.0
TI00006042,TXN0002010,PROD00164,2,103200.0
TI00006043,TXN0002010,PROD00055,3,29300.0
TI00006044,TXN0002010,PROD00092,4,198900.0
TI00006045,TXN0002011,PROD00031,4,571800.0
TI00006046,TXN0002011,PROD00092,2,198900.0
TI00006047,TXN0002011,PROD00149,3,370000.0
TI00006048,TXN0002011,PROD00077,3,37900.0
TI00006049,TXN0002012,PROD00060,1,218600.0
TI00006050,TXN0002012,PROD00126,2,219500.0
TI00006051,TXN0002012,PROD00131,2,2828000.0
TI00006052,TXN0002013,PROD00177,2,228400.0
TI00006053,TXN0002014,PROD00154,4,192800.0
TI00006054,TXN0002014,PROD00047,2,165600.0
TI00006055,TXN0002014,PROD00110,1,130700.0
TI00006056,TXN0002014,PROD00010,3,675900.0
TI00006057,TXN0002014,PROD00132,2,6814300.0
TI00006058,TXN0002015,PROD00003,4,623300.0
TI00006059,TXN0002015,PROD00074,2,99400.0
TI00006060,TXN0002016,PROD00114,3,362300.0
TI00006061,TXN0002017,PROD00124,1,11671600.0
TI00006062,TXN0002017,PROD00132,1,6814300.0
TI00006063,TXN0002018,PROD00092,4,198900.0
TI00006064,TXN0002019,PROD00072,1,470400.0
TI00006065,TXN0002019,PROD00098,4,66400.0
TI00006066,TXN0002019,PROD00128,4,202200.0
TI00006067,TXN0002020,PROD00151,2,116700.0
TI00006068,TXN0002020,PROD00017,4,61400.0
TI00006069,TXN0002020,PROD00080,2,204100.0
TI00006070,TXN0002020,PROD00058,3,1306500.0
TI00006071,TXN0002021,PROD00014,1,2104400.0
TI00006072,TXN0002021,PROD00157,1,6815900.0
TI00006073,TXN0002021,PROD00151,1,116700.0
TI00006074,TXN0002022,PROD00142,1,324600.0
TI00006075,TXN0002022,PROD00088,2,220600.0
TI00006076,TXN0002022,PROD00123,3,520300.0
TI00006077,TXN0002022,PROD00059,2,3249400.0
TI00006078,TXN0002022,PROD00148,1,272900.0
TI00006079,TXN0002023,PROD00105,2,76100.0
TI00006080,TXN0002023,PROD00170,3,806200.0
TI00006081,TXN0002023,PROD00134,4,1383900.0
TI00006082,TXN0002023,PROD00075,3,382900.0
TI00006083,TXN0002023,PROD00074,3,99400.0
TI00006084,TXN0002024,PROD00113,3,4916800.0
TI00006085,TXN0002024,PROD00044,4,2984700.0
TI00006086,TXN0002024,PROD00144,3,2659900.0
TI00006087,TXN0002025,PROD00033,2,10971800.0
TI00006088,TXN0002025,PROD00133,2,521500.0
TI00006089,TXN0002025,PROD00029,1,747300.0
TI00006090,TXN0002025,PROD00152,4,170900.0
TI00006091,TXN0002025,PROD00014,4,2104400.0
TI00006092,TXN0002026,PROD00136,4,787800.0
TI00006093,TXN0002026,PROD00139,1,621000.0
TI00006094,TXN0002026,PROD00049,4,244600.0
TI00006095,TXN0002027,PROD00136,3,787800.0
TI00006096,TXN0002027,PROD00077,2,37900.0
TI00006097,TXN0002027,PROD00068,4,189500.0
TI00006098,TXN0002027,PROD00085,4,262600.0
TI00006099,TXN0002027,PROD00026,2,1447900.0
TI00006100,TXN0002028,PROD00022,2,1337300.0
TI00006101,TXN0002029,PROD00054,3,1692000.0
TI00006102,TXN0002030,PROD00021,2,423700.0
TI00006103,TXN0002031,PROD00021,1,423700.0
TI00006104,TXN0002031,PROD00071,2,501200.0
TI00006105,TXN0002031,PROD00087,1,86200.0
TI00006106,TXN0002031,PROD00148,4,272900.0
TI00006107,TXN0002031,PROD00003,4,623300.0
TI00006108,TXN0002032,PROD00081,4,41700.0
TI00006109,TXN0002032,PROD00038,4,3280700.0
TI00006110,TXN0002032,PROD00144,2,2659900.0
TI00006111,TXN0002033,PROD00138,3,57200.0
TI00006112,TXN0002033,PROD00006,2,1710300.0
TI00006113,TXN0002033,PROD00119,2,3450500.0
TI00006114,TXN0002033,PROD00004,4,1254300.0
TI00006115,TXN0002033,PROD00172,1,162600.0
TI00006116,TXN0002034,PROD00062,2,83600.0
TI00006117,TXN0002034,PROD00150,4,874600.0
TI00006118,TXN0002034,PROD00021,3,423700.0
TI00006119,TXN0002034,PROD00003,2,623300.0
TI00006120,TXN0002034,PROD00064,3,1537200.0
TI00006121,TXN0002035,PROD00110,1,130700.0
TI00006122,TXN0002035,PROD00011,3,810900.0
TI00006123,TXN0002036,PROD00011,3,810900.0
TI00006124,TXN0002037,PROD00053,4,197800.0
TI00006125,TXN0002037,PROD00103,2,499800.0
TI00006126,TXN0002037,PROD00018,4,2056700.0
TI00006127,TXN0002037,PROD00088,4,220600.0
TI00006128,TXN0002038,PROD00131,2,2828000.0
TI00006129,TXN0002038,PROD00154,2,192800.0
TI00006130,TXN0002038,PROD00103,3,499800.0
TI00006131,TXN0002039,PROD00016,3,167400.0
TI00006132,TXN0002039,PROD00002,4,1365600.0
TI00006133,TXN0002039,PROD00161,1,231200.0
TI00006134,TXN0002039,PROD00086,3,8987800.0
TI00006135,TXN0002039,PROD00140,3,10502400.0
TI00006136,TXN0002040,PROD00167,3,79900.0
TI00006137,TXN0002041,PROD00062,2,83600.0
TI00006138,TXN0002041,PROD00150,3,874600.0
TI00006139,TXN0002041,PROD00125,3,716900.0
TI00006140,TXN0002041,PROD00146,1,647500.0
TI00006141,TXN0002042,PROD00011,4,810900.0
TI00006142,TXN0002042,PROD00169,4,6358700.0
TI00006143,TXN0002042,PROD00035,2,3271400.0
TI00006144,TXN0002042,PROD00131,4,2828000.0
TI00006145,TXN0002042,PROD00062,1,83600.0
TI00006146,TXN0002043,PROD00108,3,570800.0
TI00006147,TXN0002043,PROD00167,2,79900.0
TI00006148,TXN0002043,PROD00097,3,2301200.0
TI00006149,TXN0002043,PROD00105,2,76100.0
TI00006150,TXN0002043,PROD00002,1,1365600.0
TI00006151,TXN0002044,PROD00020,4,176500.0
TI00006152,TXN0002044,PROD00009,3,183500.0
TI00006153,TXN0002044,PROD00027,2,124600.0
TI00006154,TXN0002044,PROD00160,3,297400.0
TI00006155,TXN0002045,PROD00011,1,810900.0
TI00006156,TXN0002045,PROD00096,2,366200.0
TI00006157,TXN0002045,PROD00032,1,359500.0
TI00006158,TXN0002046,PROD00125,2,716900.0
TI00006159,TXN0002046,PROD00108,4,570800.0
TI00006160,TXN0002047,PROD00068,3,189500.0
TI00006161,TXN0002048,PROD00149,1,370000.0
TI00006162,TXN0002048,PROD00059,4,3249400.0
TI00006163,TXN0002048,PROD00152,1,170900.0
TI00006164,TXN0002048,PROD00082,4,435600.0
TI00006165,TXN0002048,PROD00055,4,29300.0
TI00006166,TXN0002049,PROD00161,2,231200.0
TI00006167,TXN0002049,PROD00178,3,55100.0
TI00006168,TXN0002049,PROD00001,4,179800.0
TI00006169,TXN0002049,PROD00146,3,647500.0
TI00006170,TXN0002049,PROD00045,3,75500.0
TI00006171,TXN0002050,PROD00085,4,262600.0
TI00006172,TXN0002050,PROD00138,2,57200.0
TI00006173,TXN0002051,PROD00051,4,752100.0
TI00006174,TXN0002051,PROD00006,1,1710300.0
TI00006175,TXN0002051,PROD00165,1,242000.0
TI00006176,TXN0002052,PROD00009,2,183500.0
TI00006177,TXN0002052,PROD00052,1,58000.0
TI00006178,TXN0002052,PROD00079,4,31800.0
TI00006179,TXN0002053,PROD00114,2,362300.0
TI00006180,TXN0002053,PROD00167,2,79900.0
TI00006181,TXN0002053,PROD00092,2,198900.0
TI00006182,TXN0002053,PROD00132,4,6814300.0
TI00006183,TXN0002054,PROD00025,1,57900.0
TI00006184,TXN0002054,PROD00060,1,218600.0
TI00006185,TXN0002054,PROD00003,3,623300.0
TI00006186,TXN0002055,PROD00006,4,1710300.0
TI00006187,TXN0002055,PROD00048,2,88700.0
TI00006188,TXN0002055,PROD00140,3,10502400.0
TI00006189,TXN0002055,PROD00033,3,10971800.0
TI00006190,TXN0002056,PROD00018,2,2056700.0
TI00006191,TXN0002056,PROD00168,1,54200.0
TI00006192,TXN0002056,PROD00044,1,2984700.0
TI00006193,TXN0002057,PROD00035,1,3271400.0
TI00006194,TXN0002057,PROD00002,1,1365600.0
TI00006195,TXN0002057,PROD00069,1,145200.0
TI00006196,TXN0002057,PROD00072,4,470400.0
TI00006197,TXN0002058,PROD00056,1,246400.0
TI00006198,TXN0002058,PROD00041,1,792800.0
TI00006199,TXN0002058,PROD00070,4,191800.0
TI00006200,TXN0002058,PROD00096,3,366200.0
TI00006201,TXN0002058,PROD00062,1,83600.0
TI00006202,TXN0002059,PROD00140,4,10502400.0
TI00006203,TXN0002059,PROD00120,2,283500.0
TI00006204,TXN0002059,PROD00008,4,86100.0
TI00006205,TXN0002060,PROD00047,3,165600.0
TI00006206,TXN0002060,PROD00046,1,314500.0
TI00006207,TXN0002061,PROD00048,1,88700.0
TI00006208,TXN0002061,PROD00075,3,382900.0
TI00006209,TXN0002062,PROD00026,1,1447900.0
TI00006210,TXN0002062,PROD00028,1,497400.0
TI00006211,TXN0002062,PROD00137,2,59500.0
TI00006212,TXN0002062,PROD00160,3,297400.0
TI00006213,TXN0002063,PROD00013,1,1045000.0
TI00006214,TXN0002063,PROD00122,2,2205900.0
TI00006215,TXN0002064,PROD00039,1,1936200.0
TI00006216,TXN0002065,PROD00035,2,3271400.0
TI00006217,TXN0002065,PROD00018,4,2056700.0
TI00006218,TXN0002065,PROD00147,1,229500.0
TI00006219,TXN0002065,PROD00093,1,2689800.0
TI00006220,TXN0002066,PROD00025,4,57900.0
TI00006221,TXN0002067,PROD00119,2,3450500.0
TI00006222,TXN0002068,PROD00009,4,183500.0
TI00006223,TXN0002068,PROD00168,2,54200.0
TI00006224,TXN0002069,PROD00053,4,197800.0
TI00006225,TXN0002070,PROD00168,4,54200.0
TI00006226,TXN0002071,PROD00065,3,846500.0
TI00006227,TXN0002072,PROD00127,1,172600.0
TI00006228,TXN0002073,PROD00002,2,1365600.0
TI00006229,TXN0002073,PROD00117,4,188000.0
TI00006230,TXN0002073,PROD00066,1,162000.0
TI00006231,TXN0002073,PROD00079,2,31800.0
TI00006232,TXN0002074,PROD00048,2,88700.0
TI00006233,TXN0002074,PROD00093,1,2689800.0
TI00006234,TXN0002075,PROD00047,3,165600.0
TI00006235,TXN0002075,PROD00055,1,29300.0
TI00006236,TXN0002075,PROD00151,2,116700.0
TI00006237,TXN0002076,PROD00079,2,31800.0
TI00006238,TXN0002076,PROD00115,4,1810600.0
TI00006239,TXN0002076,PROD00122,1,2205900.0
TI00006240,TXN0002077,PROD00081,2,41700.0
TI00006241,TXN0002077,PROD00025,4,57900.0
TI00006242,TXN0002077,PROD00058,4,1306500.0
TI00006243,TXN0002078,PROD00155,2,277300.0
TI00006244,TXN0002078,PROD00077,3,37900.0
TI00006245,TXN0002078,PROD00143,3,115300.0
TI00006246,TXN0002078,PROD00007,3,456400.0
TI00006247,TXN0002079,PROD00010,1,675900.0
TI00006248,TXN0002079,PROD00034,3,1485900.0
TI00006249,TXN0002079,PROD00028,1,497400.0
TI00006250,TXN0002079,PROD00148,2,272900.0
TI00006251,TXN0002080,PROD00156,3,117900.0
TI00006252,TXN0002080,PROD00138,4,57200.0
TI00006253,TXN0002080,PROD00106,4,610900.0
TI00006254,TXN0002081,PROD00055,4,29300.0
TI00006255,TXN0002081,PROD00119,1,3450500.0
TI00006256,TXN0002082,PROD00080,1,204100.0
TI00006257,TXN0002082,PROD00117,2,188000.0
TI00006258,TXN0002082,PROD00067,4,1694500.0
TI00006259,TXN0002083,PROD00029,2,747300.0
TI00006260,TXN0002083,PROD00147,1,229500.0
TI00006261,TXN0002083,PROD00009,4,183500.0
TI00006262,TXN0002083,PROD00126,3,219500.0
TI00006263,TXN0002083,PROD00075,1,382900.0
TI00006264,TXN0002084,PROD00051,2,752100.0
TI00006265,TXN0002084,PROD00084,3,1607800.0
TI00006266,TXN0002085,PROD00115,2,1810600.0
TI00006267,TXN0002085,PROD00011,1,810900.0
TI00006268,TXN0002085,PROD00130,2,213000.0
TI00006269,TXN0002086,PROD00071,2,501200.0
TI00006270,TXN0002086,PROD00111,1,5440300.0
TI00006271,TXN0002086,PROD00048,2,88700.0
TI00006272,TXN0002087,PROD00126,2,219500.0
TI00006273,TXN0002087,PROD00176,1,168200.0
TI00006274,TXN0002088,PROD00054,2,1692000.0
TI00006275,TXN0002089,PROD00097,2,2301200.0
TI00006276,TXN0002089,PROD00064,1,1537200.0
TI00006277,TXN0002089,PROD00075,1,382900.0
TI00006278,TXN0002089,PROD00104,1,179700.0
TI00006279,TXN0002089,PROD00117,1,188000.0
TI00006280,TXN0002090,PROD00149,1,370000.0
TI00006281,TXN0002091,PROD00052,4,58000.0
TI00006282,TXN0002091,PROD00117,1,188000.0
TI00006283,TXN0002091,PROD00149,4,370000.0
TI00006284,TXN0002091,PROD00173,1,67500.0
TI00006285,TXN0002092,PROD00077,4,37900.0
TI00006286,TXN0002092,PROD00140,4,10502400.0
TI00006287,TXN0002092,PROD00022,3,1337300.0
TI00006288,TXN0002093,PROD00151,2,116700.0
TI00006289,TXN0002093,PROD00132,4,6814300.0
TI00006290,TXN0002093,PROD00071,1,501200.0
TI00006291,TXN0002093,PROD00176,1,168200.0
TI00006292,TXN0002093,PROD00057,2,2101600.0
TI00006293,TXN0002094,PROD00134,1,1383900.0
TI00006294,TXN0002095,PROD00143,3,115300.0
TI00006295,TXN0002095,PROD00166,2,120600.0
TI00006296,TXN0002095,PROD00095,3,428500.0
TI00006297,TXN0002095,PROD00178,2,55100.0
TI00006298,TXN0002095,PROD00067,1,1694500.0
TI00006299,TXN0002096,PROD00053,3,197800.0
TI00006300,TXN0002096,PROD00083,4,6771700.0
TI00006301,TXN0002096,PROD00062,4,83600.0
TI00006302,TXN0002097,PROD00097,3,2301200.0
TI00006303,TXN0002097,PROD00148,3,272900.0
TI00006304,TXN0002097,PROD00156,3,117900.0
TI00006305,TXN0002098,PROD00038,2,3280700.0
TI00006306,TXN0002098,PROD00014,3,2104400.0
TI00006307,TXN0002098,PROD00025,1,57900.0
TI00006308,TXN0002098,PROD00015,2,327100.0
TI00006309,TXN0002099,PROD00039,4,1936200.0
TI00006310,TXN0002099,PROD00036,3,11966500.0
TI00006311,TXN0002099,PROD00168,1,54200.0
TI00006312,TXN0002099,PROD00057,2,2101600.0
TI00006313,TXN0002099,PROD00132,4,6814300.0
TI00006314,TXN0002100,PROD00089,3,11224800.0
TI00006315,TXN0002100,PROD00129,2,67800.0
TI00006316,TXN0002100,PROD00018,4,2056700.0
TI00006317,TXN0002100,PROD00128,2,202200.0
TI00006318,TXN0002100,PROD00068,3,189500.0
TI00006319,TXN0002101,PROD00041,4,792800.0
TI00006320,TXN0002101,PROD00057,1,2101600.0
TI00006321,TXN0002101,PROD00089,1,11224800.0
TI00006322,TXN0002102,PROD00036,1,11966500.0
TI00006323,TXN0002102,PROD00142,4,324600.0
TI00006324,TXN0002102,PROD00180,1,96700.0
TI00006325,TXN0002102,PROD00085,2,262600.0
TI00006326,TXN0002102,PROD00028,3,497400.0
TI00006327,TXN0002103,PROD00074,4,99400.0
TI00006328,TXN0002104,PROD00119,2,3450500.0
TI00006329,TXN0002105,PROD00110,1,130700.0
TI00006330,TXN0002105,PROD00105,1,76100.0
TI00006331,TXN0002105,PROD00007,2,456400.0
TI00006332,TXN0002106,PROD00037,2,718700.0
TI00006333,TXN0002106,PROD00118,2,97800.0
TI00006334,TXN0002106,PROD00023,4,225100.0
TI00006335,TXN0002106,PROD00008,1,86100.0
TI00006336,TXN0002106,PROD00045,3,75500.0
TI00006337,TXN0002107,PROD00168,3,54200.0
TI00006338,TXN0002108,PROD00003,4,623300.0
TI00006339,TXN0002108,PROD00128,3,202200.0
TI00006340,TXN0002108,PROD00110,2,130700.0
TI00006341,TXN0002109,PROD00012,2,744700.0
TI00006342,TXN0002109,PROD00079,4,31800.0
TI00006343,TXN0002109,PROD00168,4,54200.0
TI00006344,TXN0002109,PROD00046,2,314500.0
TI00006345,TXN0002110,PROD00028,1,497400.0
TI00006346,TXN0002111,PROD00080,2,204100.0
TI00006347,TXN0002111,PROD00126,3,219500.0
TI00006348,TXN0002112,PROD00108,2,570800.0
TI00006349,TXN0002112,PROD00022,2,1337300.0
TI00006350,TXN0002112,PROD00126,3,219500.0
TI00006351,TXN0002112,PROD00105,1,76100.0
TI00006352,TXN0002112,PROD00137,2,59500.0
TI00006353,TXN0002113,PROD00101,1,11745100.0
TI00006354,TXN0002113,PROD00116,4,561100.0
TI00006355,TXN0002114,PROD00040,4,3685900.0
TI00006356,TXN0002114,PROD00034,4,1485900.0
TI00006357,TXN0002114,PROD00071,4,501200.0
TI00006358,TXN0002114,PROD00020,3,176500.0
TI00006359,TXN0002115,PROD00021,1,423700.0
TI00006360,TXN0002115,PROD00170,2,806200.0
TI00006361,TXN0002115,PROD00041,3,792800.0
TI00006362,TXN0002115,PROD00149,1,370000.0
TI00006363,TXN0002116,PROD00131,3,2828000.0
TI00006364,TXN0002117,PROD00033,3,10971800.0
TI00006365,TXN0002117,PROD00061,3,8063300.0
TI00006366,TXN0002118,PROD00079,4,31800.0
TI00006367,TXN0002119,PROD00039,1,1936200.0
TI00006368,TXN0002120,PROD00155,3,277300.0
TI00006369,TXN0002120,PROD00092,3,198900.0
TI00006370,TXN0002120,PROD00042,2,110400.0
TI00006371,TXN0002121,PROD00073,1,55700.0
TI00006372,TXN0002121,PROD00165,1,242000.0
TI00006373,TXN0002121,PROD00023,4,225100.0
TI00006374,TXN0002122,PROD00136,2,787800.0
TI00006375,TXN0002123,PROD00172,4,162600.0
TI00006376,TXN0002124,PROD00074,3,99400.0
TI00006377,TXN0002124,PROD00129,4,67800.0
TI00006378,TXN0002124,PROD00046,1,314500.0
TI00006379,TXN0002124,PROD00017,4,61400.0
TI00006380,TXN0002124,PROD00136,4,787800.0
TI00006381,TXN0002125,PROD00026,1,1447900.0
TI00006382,TXN0002125,PROD00012,2,744700.0
TI00006383,TXN0002125,PROD00047,3,165600.0
TI00006384,TXN0002126,PROD00022,1,1337300.0
TI00006385,TXN0002126,PROD00048,1,88700.0
TI00006386,TXN0002126,PROD00064,4,1537200.0
TI00006387,TXN0002127,PROD00136,2,787800.0
TI00006388,TXN0002127,PROD00109,1,3001900.0
TI00006389,TXN0002127,PROD00002,4,1365600.0
TI00006390,TXN0002127,PROD00062,1,83600.0
TI00006391,TXN0002127,PROD00128,1,202200.0
TI00006392,TXN0002128,PROD00179,2,1206500.0
TI00006393,TXN0002129,PROD00141,1,527900.0
TI00006394,TXN0002129,PROD00152,1,170900.0
TI00006395,TXN0002129,PROD00160,1,297400.0
TI00006396,TXN0002129,PROD00155,3,277300.0
TI00006397,TXN0002130,PROD00077,1,37900.0
TI00006398,TXN0002130,PROD00122,2,2205900.0
TI00006399,TXN0002131,PROD00151,4,116700.0
TI00006400,TXN0002132,PROD00027,4,124600.0
TI00006401,TXN0002133,PROD00176,3,168200.0
TI00006402,TXN0002133,PROD00158,1,488300.0
TI00006403,TXN0002133,PROD00014,3,2104400.0
TI00006404,TXN0002134,PROD00094,1,365200.0
TI00006405,TXN0002134,PROD00003,1,623300.0
TI00006406,TXN0002134,PROD00161,2,231200.0
TI00006407,TXN0002135,PROD00087,2,86200.0
TI00006408,TXN0002135,PROD00136,1,787800.0
TI00006409,TXN0002136,PROD00001,1,179800.0
TI00006410,TXN0002136,PROD00121,2,190400.0
TI00006411,TXN0002136,PROD00036,4,11966500.0
TI00006412,TXN0002136,PROD00120,1,283500.0
TI00006413,TXN0002136,PROD00154,4,192800.0
TI00006414,TXN0002137,PROD00142,1,324600.0
TI00006415,TXN0002138,PROD00052,4,58000.0
TI00006416,TXN0002138,PROD00174,3,71600.0
TI00006417,TXN0002139,PROD00138,2,57200.0
TI00006418,TXN0002140,PROD00108,2,570800.0
TI00006419,TXN0002140,PROD00144,3,2659900.0
TI00006420,TXN0002140,PROD00028,1,497400.0
TI00006421,TXN0002140,PROD00002,3,1365600.0
TI00006422,TXN0002141,PROD00004,2,1254300.0
TI00006423,TXN0002142,PROD00055,2,29300.0
TI00006424,TXN0002142,PROD00102,2,171600.0
TI00006425,TXN0002143,PROD00010,3,675900.0
TI00006426,TXN0002143,PROD00099,4,497200.0
TI00006427,TXN0002143,PROD00155,3,277300.0
TI00006428,TXN0002143,PROD00172,4,162600.0
TI00006429,TXN0002143,PROD00098,4,66400.0
TI00006430,TXN0002144,PROD00175,1,99600.0
TI00006431,TXN0002144,PROD00092,2,198900.0
TI00006432,TXN0002144,PROD00017,3,61400.0
TI00006433,TXN0002144,PROD00112,2,3050100.0
TI00006434,TXN0002145,PROD00030,4,10909100.0
TI00006435,TXN0002146,PROD00002,4,1365600.0
TI00006436,TXN0002147,PROD00094,3,365200.0
TI00006437,TXN0002147,PROD00012,2,744700.0
TI00006438,TXN0002148,PROD00159,2,3240200.0
TI00006439,TXN0002149,PROD00139,1,621000.0
TI00006440,TXN0002149,PROD00075,2,382900.0
TI00006441,TXN0002149,PROD00129,1,67800.0
TI00006442,TXN0002150,PROD00109,1,3001900.0
TI00006443,TXN0002151,PROD00038,1,3280700.0
TI00006444,TXN0002152,PROD00141,3,527900.0
TI00006445,TXN0002152,PROD00100,4,546800.0
TI00006446,TXN0002152,PROD00179,2,1206500.0
TI00006447,TXN0002153,PROD00085,1,262600.0
TI00006448,TXN0002153,PROD00060,1,218600.0
TI00006449,TXN0002153,PROD00080,3,204100.0
TI00006450,TXN0002153,PROD00141,1,527900.0
TI00006451,TXN0002153,PROD00024,1,595000.0
TI00006452,TXN0002154,PROD00067,4,1694500.0
TI00006453,TXN0002154,PROD00040,1,3685900.0
TI00006454,TXN0002154,PROD00126,3,219500.0
TI00006455,TXN0002154,PROD00130,4,213000.0
TI00006456,TXN0002155,PROD00036,1,11966500.0
TI00006457,TXN0002156,PROD00035,2,3271400.0
TI00006458,TXN0002157,PROD00128,3,202200.0
TI00006459,TXN0002157,PROD00130,2,213000.0
TI00006460,TXN0002157,PROD00026,4,1447900.0
TI00006461,TXN0002157,PROD00088,1,220600.0
TI00006462,TXN0002157,PROD00093,4,2689800.0
TI00006463,TXN0002158,PROD00005,4,613400.0
TI00006464,TXN0002158,PROD00040,3,3685900.0
TI00006465,TXN0002158,PROD00076,3,609300.0
TI00006466,TXN0002158,PROD00075,4,382900.0
TI00006467,TXN0002159,PROD00092,1,198900.0
TI00006468,TXN0002160,PROD00118,2,97800.0
TI00006469,TXN0002161,PROD00068,2,189500.0
TI00006470,TXN0002161,PROD00167,4,79900.0
TI00006471,TXN0002161,PROD00124,1,11671600.0
TI00006472,TXN0002161,PROD00137,2,59500.0
TI00006473,TXN0002162,PROD00079,1,31800.0
TI00006474,TXN0002162,PROD00059,2,3249400.0
TI00006475,TXN0002162,PROD00136,4,787800.0
TI00006476,TXN0002163,PROD00118,4,97800.0
TI00006477,TXN0002163,PROD00172,1,162600.0
TI00006478,TXN0002163,PROD00047,2,165600.0
TI00006479,TXN0002164,PROD00067,4,1694500.0
TI00006480,TXN0002164,PROD00101,2,11745100.0
TI00006481,TXN0002164,PROD00176,4,168200.0
TI00006482,TXN0002165,PROD00110,4,130700.0
TI00006483,TXN0002165,PROD00065,4,846500.0
TI00006484,TXN0002165,PROD00035,2,3271400.0
TI00006485,TXN0002165,PROD00003,2,623300.0
TI00006486,TXN0002166,PROD00054,4,1692000.0
TI00006487,TXN0002166,PROD00141,4,527900.0
TI00006488,TXN0002166,PROD00103,2,499800.0
TI00006489,TXN0002167,PROD00136,4,787800.0
TI00006490,TXN0002167,PROD00111,1,5440300.0
TI00006491,TXN0002168,PROD00134,2,1383900.0
TI00006492,TXN0002168,PROD00101,1,11745100.0
TI00006493,TXN0002168,PROD00152,3,170900.0
TI00006494,TXN0002168,PROD00174,3,71600.0
TI00006495,TXN0002168,PROD00060,2,218600.0
TI00006496,TXN0002169,PROD00155,4,277300.0
TI00006497,TXN0002169,PROD00038,1,3280700.0
TI00006498,TXN0002169,PROD00122,3,2205900.0
TI00006499,TXN0002169,PROD00052,4,58000.0
TI00006500,TXN0002169,PROD00148,4,272900.0
TI00006501,TXN0002170,PROD00175,3,99600.0
TI00006502,TXN0002170,PROD00168,4,54200.0
TI00006503,TXN0002171,PROD00119,2,3450500.0
TI00006504,TXN0002171,PROD00128,4,202200.0
TI00006505,TXN0002171,PROD00087,1,86200.0
TI00006506,TXN0002171,PROD00089,1,11224800.0
TI00006507,TXN0002171,PROD00066,2,162000.0
TI00006508,TXN0002172,PROD00047,2,165600.0
TI00006509,TXN0002172,PROD00123,4,520300.0
TI00006510,TXN0002173,PROD00047,2,165600.0
TI00006511,TXN0002173,PROD00016,2,167400.0
TI00006512,TXN0002174,PROD00028,1,497400.0
TI00006513,TXN0002175,PROD00110,1,130700.0
TI00006514,TXN0002175,PROD00156,4,117900.0
TI00006515,TXN0002175,PROD00031,2,571800.0
TI00006516,TXN0002175,PROD00126,1,219500.0
TI00006517,TXN0002176,PROD00074,3,99400.0
TI00006518,TXN0002177,PROD00142,1,324600.0
TI00006519,TXN0002177,PROD00060,4,218600.0
TI00006520,TXN0002177,PROD00009,1,183500.0
TI00006521,TXN0002177,PROD00096,2,366200.0
TI00006522,TXN0002177,PROD00045,2,75500.0
TI00006523,TXN0002178,PROD00141,4,527900.0
TI00006524,TXN0002178,PROD00004,3,1254300.0
TI00006525,TXN0002178,PROD00025,4,57900.0
TI00006526,TXN0002178,PROD00069,1,145200.0
TI00006527,TXN0002178,PROD00048,1,88700.0
TI00006528,TXN0002179,PROD00019,4,353800.0
TI00006529,TXN0002180,PROD00021,2,423700.0
TI00006530,TXN0002180,PROD00103,4,499800.0
TI00006531,TXN0002181,PROD00009,3,183500.0
TI00006532,TXN0002182,PROD00118,4,97800.0
TI00006533,TXN0002182,PROD00047,2,165600.0
TI00006534,TXN0002182,PROD00065,1,846500.0
TI00006535,TXN0002182,PROD00072,4,470400.0
TI00006536,TXN0002183,PROD00114,1,362300.0
TI00006537,TXN0002183,PROD00111,2,5440300.0
TI00006538,TXN0002183,PROD00062,1,83600.0
TI00006539,TXN0002184,PROD00016,3,167400.0
TI00006540,TXN0002184,PROD00041,1,792800.0
TI00006541,TXN0002184,PROD00090,2,838900.0
TI00006542,TXN0002185,PROD00180,1,96700.0
TI00006543,TXN0002185,PROD00041,2,792800.0
TI00006544,TXN0002185,PROD00127,1,172600.0
TI00006545,TXN0002185,PROD00047,4,165600.0
TI00006546,TXN0002186,PROD00110,4,130700.0
TI00006547,TXN0002186,PROD00016,4,167400.0
TI00006548,TXN0002186,PROD00033,3,10971800.0
TI00006549,TXN0002186,PROD00111,2,5440300.0
TI00006550,TXN0002186,PROD00108,4,570800.0
TI00006551,TXN0002187,PROD00092,4,198900.0
TI00006552,TXN0002187,PROD00053,3,197800.0
TI00006553,TXN0002187,PROD00151,3,116700.0
TI00006554,TXN0002188,PROD00078,3,473100.0
TI00006555,TXN0002188,PROD00001,4,179800.0
TI00006556,TXN0002188,PROD00108,1,570800.0
TI00006557,TXN0002188,PROD00127,2,172600.0
TI00006558,TXN0002189,PROD00171,1,9207400.0
TI00006559,TXN0002190,PROD00043,2,223400.0
TI00006560,TXN0002191,PROD00159,3,3240200.0
TI00006561,TXN0002191,PROD00009,3,183500.0
TI00006562,TXN0002192,PROD00150,2,874600.0
TI00006563,TXN0002193,PROD00090,2,838900.0
TI00006564,TXN0002193,PROD00050,2,134700.0
TI00006565,TXN0002194,PROD00063,1,631600.0
TI00006566,TXN0002194,PROD00092,1,198900.0
TI00006567,TXN0002195,PROD00089,2,11224800.0
TI00006568,TXN0002195,PROD00016,3,167400.0
TI00006569,TXN0002195,PROD00030,3,10909100.0
TI00006570,TXN0002196,PROD00058,4,1306500.0
TI00006571,TXN0002197,PROD00144,2,2659900.0
TI00006572,TXN0002197,PROD00073,2,55700.0
TI00006573,TXN0002197,PROD00178,2,55100.0
TI00006574,TXN0002197,PROD00054,2,1692000.0
TI00006575,TXN0002197,PROD00160,3,297400.0
TI00006576,TXN0002198,PROD00110,3,130700.0
TI00006577,TXN0002198,PROD00034,2,1485900.0
TI00006578,TXN0002198,PROD00002,1,1365600.0
TI00006579,TXN0002198,PROD00138,2,57200.0
TI00006580,TXN0002198,PROD00007,3,456400.0
TI00006581,TXN0002199,PROD00149,4,370000.0
TI00006582,TXN0002199,PROD00015,3,327100.0
TI00006583,TXN0002200,PROD00154,2,192800.0
TI00006584,TXN0002200,PROD00158,2,488300.0
TI00006585,TXN0002200,PROD00035,4,3271400.0
TI00006586,TXN0002200,PROD00015,4,327100.0
TI00006587,TXN0002200,PROD00031,2,571800.0
TI00006588,TXN0002201,PROD00080,2,204100.0
TI00006589,TXN0002201,PROD00151,1,116700.0
TI00006590,TXN0002201,PROD00096,1,366200.0
TI00006591,TXN0002201,PROD00072,4,470400.0
TI00006592,TXN0002202,PROD00165,2,242000.0
TI00006593,TXN0002202,PROD00024,4,595000.0
TI00006594,TXN0002202,PROD00145,3,626300.0
TI00006595,TXN0002203,PROD00047,4,165600.0
TI00006596,TXN0002203,PROD00102,1,171600.0
TI00006597,TXN0002204,PROD00060,4,218600.0
TI00006598,TXN0002204,PROD00103,3,499800.0
TI00006599,TXN0002204,PROD00033,4,10971800.0
TI00006600,TXN0002205,PROD00162,2,532200.0
TI00006601,TXN0002205,PROD00103,1,499800.0
TI00006602,TXN0002205,PROD00065,4,846500.0
TI00006603,TXN0002205,PROD00099,1,497200.0
TI00006604,TXN0002205,PROD00027,4,124600.0
TI00006605,TXN0002206,PROD00147,2,229500.0
TI00006606,TXN0002207,PROD00036,2,11966500.0
TI00006607,TXN0002207,PROD00070,2,191800.0
TI00006608,TXN0002207,PROD00016,1,167400.0
TI00006609,TXN0002208,PROD00085,1,262600.0
TI00006610,TXN0002208,PROD00091,3,17600.0
TI00006611,TXN0002209,PROD00164,1,103200.0
TI00006612,TXN0002209,PROD00027,4,124600.0
TI00006613,TXN0002209,PROD00077,4,37900.0
TI00006614,TXN0002209,PROD00061,4,8063300.0
TI00006615,TXN0002209,PROD00171,2,9207400.0
TI00006616,TXN0002210,PROD00034,2,1485900.0
TI00006617,TXN0002210,PROD00040,3,3685900.0
TI00006618,TXN0002210,PROD00024,3,595000.0
TI00006619,TXN0002211,PROD00152,2,170900.0
TI00006620,TXN0002212,PROD00124,4,11671600.0
TI00006621,TXN0002212,PROD00127,2,172600.0
TI00006622,TXN0002212,PROD00011,2,810900.0
TI00006623,TXN0002212,PROD00111,2,5440300.0
TI00006624,TXN0002212,PROD00163,2,337100.0
TI00006625,TXN0002213,PROD00025,1,57900.0
TI00006626,TXN0002213,PROD00092,2,198900.0
TI00006627,TXN0002213,PROD00159,3,3240200.0
TI00006628,TXN0002214,PROD00071,3,501200.0
TI00006629,TXN0002214,PROD00015,2,327100.0
TI00006630,TXN0002214,PROD00134,2,1383900.0
TI00006631,TXN0002214,PROD00086,3,8987800.0
TI00006632,TXN0002215,PROD00045,4,75500.0
TI00006633,TXN0002215,PROD00005,4,613400.0
TI00006634,TXN0002215,PROD00131,2,2828000.0
TI00006635,TXN0002215,PROD00069,2,145200.0
TI00006636,TXN0002216,PROD00164,3,103200.0
TI00006637,TXN0002216,PROD00082,1,435600.0
TI00006638,TXN0002217,PROD00143,2,115300.0
TI00006639,TXN0002217,PROD00041,2,792800.0
TI00006640,TXN0002218,PROD00137,2,59500.0
TI00006641,TXN0002219,PROD00045,3,75500.0
TI00006642,TXN0002219,PROD00142,2,324600.0
TI00006643,TXN0002219,PROD00106,1,610900.0
TI00006644,TXN0002219,PROD00049,1,244600.0
TI00006645,TXN0002220,PROD00071,3,501200.0
TI00006646,TXN0002220,PROD00023,2,225100.0
TI00006647,TXN0002221,PROD00180,4,96700.0
TI00006648,TXN0002221,PROD00168,1,54200.0
TI00006649,TXN0002221,PROD00107,2,75800.0
TI00006650,TXN0002221,PROD00101,4,11745100.0
TI00006651,TXN0002221,PROD00044,4,2984700.0
TI00006652,TXN0002222,PROD00014,4,2104400.0
TI00006653,TXN0002222,PROD00149,2,370000.0
TI00006654,TXN0002222,PROD00093,2,2689800.0
TI00006655,TXN0002223,PROD00166,2,120600.0
TI00006656,TXN0002223,PROD00011,1,810900.0
TI00006657,TXN0002223,PROD00005,1,613400.0
TI00006658,TXN0002224,PROD00063,2,631600.0
TI00006659,TXN0002224,PROD00095,2,428500.0
TI00006660,TXN0002225,PROD00119,2,3450500.0
TI00006661,TXN0002225,PROD00024,4,595000.0
TI00006662,TXN0002225,PROD00023,1,225100.0
TI00006663,TXN0002226,PROD00037,3,718700.0
TI00006664,TXN0002226,PROD00119,4,3450500.0
TI00006665,TXN0002226,PROD00125,3,716900.0
TI00006666,TXN0002226,PROD00169,4,6358700.0
TI00006667,TXN0002226,PROD00010,1,675900.0
TI00006668,TXN0002227,PROD00112,2,3050100.0
TI00006669,TXN0002227,PROD00034,3,1485900.0
TI00006670,TXN0002227,PROD00101,1,11745100.0
TI00006671,TXN0002227,PROD00073,1,55700.0
TI00006672,TXN0002228,PROD00052,4,58000.0
TI00006673,TXN0002228,PROD00070,1,191800.0
TI00006674,TXN0002229,PROD00058,1,1306500.0
TI00006675,TXN0002229,PROD00173,2,67500.0
TI00006676,TXN0002230,PROD00004,3,1254300.0
TI00006677,TXN0002231,PROD00052,4,58000.0
TI00006678,TXN0002231,PROD00026,3,1447900.0
TI00006679,TXN0002232,PROD00118,4,97800.0
TI00006680,TXN0002232,PROD00046,4,314500.0
TI00006681,TXN0002233,PROD00123,4,520300.0
TI00006682,TXN0002233,PROD00108,2,570800.0
TI00006683,TXN0002233,PROD00009,3,183500.0
TI00006684,TXN0002234,PROD00012,3,744700.0
TI00006685,TXN0002234,PROD00072,3,470400.0
TI00006686,TXN0002234,PROD00110,1,130700.0
TI00006687,TXN0002234,PROD00018,4,2056700.0
TI00006688,TXN0002234,PROD00122,1,2205900.0
TI00006689,TXN0002235,PROD00077,2,37900.0
TI00006690,TXN0002235,PROD00179,1,1206500.0
TI00006691,TXN0002236,PROD00114,3,362300.0
TI00006692,TXN0002236,PROD00079,3,31800.0
TI00006693,TXN0002237,PROD00057,3,2101600.0
TI00006694,TXN0002237,PROD00069,4,145200.0
TI00006695,TXN0002238,PROD00147,1,229500.0
TI00006696,TXN0002238,PROD00066,2,162000.0
TI00006697,TXN0002238,PROD00115,3,1810600.0
TI00006698,TXN0002238,PROD00146,3,647500.0
TI00006699,TXN0002239,PROD00036,1,11966500.0
TI00006700,TXN0002239,PROD00108,3,570800.0
TI00006701,TXN0002239,PROD00144,4,2659900.0
TI00006702,TXN0002239,PROD00146,2,647500.0
TI00006703,TXN0002240,PROD00069,1,145200.0
TI00006704,TXN0002240,PROD00017,3,61400.0
TI00006705,TXN0002240,PROD00168,2,54200.0
TI00006706,TXN0002240,PROD00004,3,1254300.0
TI00006707,TXN0002241,PROD00045,3,75500.0
TI00006708,TXN0002241,PROD00024,2,595000.0
TI00006709,TXN0002241,PROD00101,3,11745100.0
TI00006710,TXN0002242,PROD00057,4,2101600.0
TI00006711,TXN0002242,PROD00123,1,520300.0
TI00006712,TXN0002242,PROD00137,3,59500.0
TI00006713,TXN0002242,PROD00020,4,176500.0
TI00006714,TXN0002242,PROD00068,4,189500.0
TI00006715,TXN0002243,PROD00130,2,213000.0
TI00006716,TXN0002243,PROD00134,4,1383900.0
TI00006717,TXN0002243,PROD00068,1,189500.0
TI00006718,TXN0002243,PROD00071,4,501200.0
TI00006719,TXN0002244,PROD00167,4,79900.0
TI00006720,TXN0002244,PROD00090,4,838900.0
TI00006721,TXN0002244,PROD00107,2,75800.0
TI00006722,TXN0002244,PROD00066,4,162000.0
TI00006723,TXN0002245,PROD00095,3,428500.0
TI00006724,TXN0002246,PROD00133,1,521500.0
TI00006725,TXN0002246,PROD00156,1,117900.0
TI00006726,TXN0002246,PROD00147,2,229500.0
TI00006727,TXN0002247,PROD00148,1,272900.0
TI00006728,TXN0002247,PROD00029,3,747300.0
TI00006729,TXN0002248,PROD00075,2,382900.0
TI00006730,TXN0002249,PROD00009,2,183500.0
TI00006731,TXN0002249,PROD00087,4,86200.0
TI00006732,TXN0002249,PROD00010,3,675900.0
TI00006733,TXN0002249,PROD00059,4,3249400.0
TI00006734,TXN0002250,PROD00102,4,171600.0
TI00006735,TXN0002251,PROD00121,2,190400.0
TI00006736,TXN0002251,PROD00180,2,96700.0
TI00006737,TXN0002251,PROD00031,2,571800.0
TI00006738,TXN0002251,PROD00141,4,527900.0
TI00006739,TXN0002252,PROD00165,4,242000.0
TI00006740,TXN0002252,PROD00072,4,470400.0
TI00006741,TXN0002252,PROD00021,3,423700.0
TI00006742,TXN0002252,PROD00158,2,488300.0
TI00006743,TXN0002252,PROD00005,3,613400.0
TI00006744,TXN0002253,PROD00053,2,197800.0
TI00006745,TXN0002253,PROD00147,4,229500.0
TI00006746,TXN0002253,PROD00107,4,75800.0
TI00006747,TXN0002253,PROD00078,1,473100.0
TI00006748,TXN0002254,PROD00006,3,1710300.0
TI00006749,TXN0002254,PROD00172,2,162600.0
TI00006750,TXN0002254,PROD00164,2,103200.0
TI00006751,TXN0002255,PROD00166,1,120600.0
TI00006752,TXN0002255,PROD00144,4,2659900.0
TI00006753,TXN0002255,PROD00109,4,3001900.0
TI00006754,TXN0002256,PROD00018,4,2056700.0
TI00006755,TXN0002257,PROD00122,2,2205900.0
TI00006756,TXN0002258,PROD00131,1,2828000.0
TI00006757,TXN0002258,PROD00158,2,488300.0
TI00006758,TXN0002259,PROD00180,4,96700.0
TI00006759,TXN0002259,PROD00083,1,6771700.0
TI00006760,TXN0002259,PROD00053,4,197800.0
TI00006761,TXN0002259,PROD00060,1,218600.0
TI00006762,TXN0002260,PROD00157,4,6815900.0
TI00006763,TXN0002260,PROD00068,3,189500.0
TI00006764,TXN0002260,PROD00044,2,2984700.0
TI00006765,TXN0002261,PROD00138,2,57200.0
TI00006766,TXN0002261,PROD00176,3,168200.0
TI00006767,TXN0002261,PROD00171,3,9207400.0
TI00006768,TXN0002261,PROD00061,1,8063300.0
TI00006769,TXN0002261,PROD00023,1,225100.0
TI00006770,TXN0002262,PROD00157,2,6815900.0
TI00006771,TXN0002262,PROD00108,1,570800.0
TI00006772,TXN0002262,PROD00116,3,561100.0
TI00006773,TXN0002262,PROD00007,4,456400.0
TI00006774,TXN0002262,PROD00098,2,66400.0
TI00006775,TXN0002263,PROD00156,3,117900.0
TI00006776,TXN0002263,PROD00136,2,787800.0
TI00006777,TXN0002263,PROD00042,3,110400.0
TI00006778,TXN0002264,PROD00178,1,55100.0
TI00006779,TXN0002264,PROD00174,4,71600.0
TI00006780,TXN0002265,PROD00129,4,67800.0
TI00006781,TXN0002265,PROD00002,3,1365600.0
TI00006782,TXN0002265,PROD00099,2,497200.0
TI00006783,TXN0002265,PROD00163,1,337100.0
TI00006784,TXN0002266,PROD00014,2,2104400.0
TI00006785,TXN0002266,PROD00027,1,124600.0
TI00006786,TXN0002266,PROD00098,3,66400.0
TI00006787,TXN0002266,PROD00167,1,79900.0
TI00006788,TXN0002266,PROD00065,2,846500.0
TI00006789,TXN0002267,PROD00030,4,10909100.0
TI00006790,TXN0002268,PROD00106,3,610900.0
TI00006791,TXN0002268,PROD00162,1,532200.0
TI00006792,TXN0002269,PROD00008,1,86100.0
TI00006793,TXN0002269,PROD00132,1,6814300.0
TI00006794,TXN0002270,PROD00043,3,223400.0
TI00006795,TXN0002270,PROD00154,3,192800.0
TI00006796,TXN0002270,PROD00107,3,75800.0
TI00006797,TXN0002270,PROD00141,1,527900.0
TI00006798,TXN0002270,PROD00045,1,75500.0
TI00006799,TXN0002271,PROD00087,4,86200.0
TI00006800,TXN0002271,PROD00145,3,626300.0
TI00006801,TXN0002271,PROD00048,1,88700.0
TI00006802,TXN0002271,PROD00165,1,242000.0
TI00006803,TXN0002271,PROD00166,4,120600.0
TI00006804,TXN0002272,PROD00152,4,170900.0
TI00006805,TXN0002272,PROD00176,1,168200.0
TI00006806,TXN0002272,PROD00029,2,747300.0
TI00006807,TXN0002272,PROD00154,4,192800.0
TI00006808,TXN0002273,PROD00004,1,1254300.0
TI00006809,TXN0002273,PROD00143,2,115300.0
TI00006810,TXN0002274,PROD00117,1,188000.0
TI00006811,TXN0002275,PROD00173,3,67500.0
TI00006812,TXN0002275,PROD00068,3,189500.0
TI00006813,TXN0002276,PROD00098,3,66400.0
TI00006814,TXN0002276,PROD00162,3,532200.0
TI00006815,TXN0002276,PROD00167,4,79900.0
TI00006816,TXN0002276,PROD00048,1,88700.0
TI00006817,TXN0002276,PROD00165,1,242000.0
TI00006818,TXN0002277,PROD00170,3,806200.0
TI00006819,TXN0002277,PROD00169,2,6358700.0
TI00006820,TXN0002277,PROD00037,3,718700.0
TI00006821,TXN0002278,PROD00058,3,1306500.0
TI00006822,TXN0002278,PROD00118,2,97800.0
TI00006823,TXN0002279,PROD00069,2,145200.0
TI00006824,TXN0002279,PROD00146,4,647500.0
TI00006825,TXN0002279,PROD00116,4,561100.0
TI00006826,TXN0002279,PROD00104,1,179700.0
TI00006827,TXN0002279,PROD00016,2,167400.0
TI00006828,TXN0002280,PROD00082,1,435600.0
TI00006829,TXN0002280,PROD00035,3,3271400.0
TI00006830,TXN0002280,PROD00177,3,228400.0
TI00006831,TXN0002280,PROD00079,2,31800.0
TI00006832,TXN0002281,PROD00021,3,423700.0
TI00006833,TXN0002281,PROD00180,1,96700.0
TI00006834,TXN0002281,PROD00137,2,59500.0
TI00006835,TXN0002281,PROD00113,4,4916800.0
TI00006836,TXN0002281,PROD00095,3,428500.0
TI00006837,TXN0002282,PROD00031,4,571800.0
TI00006838,TXN0002282,PROD00091,4,17600.0
TI00006839,TXN0002283,PROD00106,2,610900.0
TI00006840,TXN0002283,PROD00039,4,1936200.0
TI00006841,TXN0002283,PROD00051,1,752100.0
TI00006842,TXN0002283,PROD00033,4,10971800.0
TI00006843,TXN0002284,PROD00160,1,297400.0
TI00006844,TXN0002284,PROD00136,2,787800.0
TI00006845,TXN0002284,PROD00105,3,76100.0
TI00006846,TXN0002284,PROD00073,3,55700.0
TI00006847,TXN0002284,PROD00150,4,874600.0
TI00006848,TXN0002285,PROD00066,2,162000.0
TI00006849,TXN0002286,PROD00106,2,610900.0
TI00006850,TXN0002286,PROD00145,1,626300.0
TI00006851,TXN0002287,PROD00150,4,874600.0
TI00006852,TXN0002287,PROD00105,2,76100.0
TI00006853,TXN0002287,PROD00046,2,314500.0
TI00006854,TXN0002287,PROD00049,2,244600.0
TI00006855,TXN0002287,PROD00089,3,11224800.0
TI00006856,TXN0002288,PROD00132,2,6814300.0
TI00006857,TXN0002288,PROD00119,3,3450500.0
TI00006858,TXN0002288,PROD00127,4,172600.0
TI00006859,TXN0002288,PROD00116,1,561100.0
TI00006860,TXN0002288,PROD00157,3,6815900.0
TI00006861,TXN0002289,PROD00134,3,1383900.0
TI00006862,TXN0002290,PROD00052,2,58000.0
TI00006863,TXN0002290,PROD00155,1,277300.0
TI00006864,TXN0002290,PROD00136,2,787800.0
TI00006865,TXN0002291,PROD00002,1,1365600.0
TI00006866,TXN0002292,PROD00158,3,488300.0
TI00006867,TXN0002292,PROD00018,2,2056700.0
TI00006868,TXN0002293,PROD00019,2,353800.0
TI00006869,TXN0002293,PROD00056,4,246400.0
TI00006870,TXN0002293,PROD00077,3,37900.0
TI00006871,TXN0002293,PROD00031,2,571800.0
TI00006872,TXN0002293,PROD00005,4,613400.0
TI00006873,TXN0002294,PROD00157,4,6815900.0
TI00006874,TXN0002294,PROD00139,3,621000.0
TI00006875,TXN0002294,PROD00112,2,3050100.0
TI00006876,TXN0002294,PROD00165,2,242000.0
TI00006877,TXN0002294,PROD00084,3,1607800.0
TI00006878,TXN0002295,PROD00167,2,79900.0
TI00006879,TXN0002295,PROD00039,3,1936200.0
TI00006880,TXN0002295,PROD00015,2,327100.0
TI00006881,TXN0002295,PROD00133,1,521500.0
TI00006882,TXN0002295,PROD00047,4,165600.0
TI00006883,TXN0002296,PROD00160,3,297400.0
TI00006884,TXN0002297,PROD00033,3,10971800.0
TI00006885,TXN0002297,PROD00146,4,647500.0
TI00006886,TXN0002297,PROD00140,2,10502400.0
TI00006887,TXN0002297,PROD00009,1,183500.0
TI00006888,TXN0002298,PROD00063,4,631600.0
TI00006889,TXN0002298,PROD00161,4,231200.0
TI00006890,TXN0002298,PROD00001,4,179800.0
TI00006891,TXN0002299,PROD00147,3,229500.0
TI00006892,TXN0002299,PROD00086,1,8987800.0
TI00006893,TXN0002299,PROD00123,3,520300.0
TI00006894,TXN0002299,PROD00040,2,3685900.0
TI00006895,TXN0002300,PROD00031,2,571800.0
TI00006896,TXN0002300,PROD00042,1,110400.0
TI00006897,TXN0002300,PROD00082,2,435600.0
TI00006898,TXN0002301,PROD00025,4,57900.0
TI00006899,TXN0002301,PROD00004,4,1254300.0
TI00006900,TXN0002301,PROD00014,2,2104400.0
TI00006901,TXN0002301,PROD00128,2,202200.0
TI00006902,TXN0002302,PROD00023,1,225100.0
TI00006903,TXN0002302,PROD00148,2,272900.0
TI00006904,TXN0002302,PROD00170,3,806200.0
TI00006905,TXN0002302,PROD00046,1,314500.0
TI00006906,TXN0002303,PROD00054,1,1692000.0
TI00006907,TXN0002303,PROD00118,2,97800.0
TI00006908,TXN0002304,PROD00076,3,609300.0
TI00006909,TXN0002304,PROD00080,4,204100.0
TI00006910,TXN0002305,PROD00127,4,172600.0
TI00006911,TXN0002305,PROD00111,4,5440300.0
TI00006912,TXN0002305,PROD00007,2,456400.0
TI00006913,TXN0002306,PROD00002,4,1365600.0
TI00006914,TXN0002307,PROD00156,1,117900.0
TI00006915,TXN0002308,PROD00177,3,228400.0
TI00006916,TXN0002309,PROD00089,2,11224800.0
TI00006917,TXN0002309,PROD00021,3,423700.0
TI00006918,TXN0002309,PROD00069,1,145200.0
TI00006919,TXN0002309,PROD00091,1,17600.0
TI00006920,TXN0002309,PROD00099,3,497200.0
TI00006921,TXN0002310,PROD00021,3,423700.0
TI00006922,TXN0002310,PROD00025,4,57900.0
TI00006923,TXN0002310,PROD00083,3,6771700.0
TI00006924,TXN0002310,PROD00116,2,561100.0
TI00006925,TXN0002310,PROD00067,1,1694500.0
TI00006926,TXN0002311,PROD00122,1,2205900.0
TI00006927,TXN0002311,PROD00001,2,179800.0
TI00006928,TXN0002311,PROD00013,1,1045000.0
TI00006929,TXN0002311,PROD00073,3,55700.0
TI00006930,TXN0002312,PROD00005,2,613400.0
TI00006931,TXN0002312,PROD00064,2,1537200.0
TI00006932,TXN0002312,PROD00155,1,277300.0
TI00006933,TXN0002313,PROD00151,4,116700.0
TI00006934,TXN0002313,PROD00098,2,66400.0
TI00006935,TXN0002314,PROD00096,3,366200.0
TI00006936,TXN0002314,PROD00140,1,10502400.0
TI00006937,TXN0002314,PROD00142,4,324600.0
TI00006938,TXN0002314,PROD00103,1,499800.0
TI00006939,TXN0002314,PROD00176,2,168200.0
TI00006940,TXN0002315,PROD00156,3,117900.0
TI00006941,TXN0002315,PROD00179,1,1206500.0
TI00006942,TXN0002316,PROD00154,4,192800.0
TI00006943,TXN0002316,PROD00053,2,197800.0
TI00006944,TXN0002316,PROD00061,2,8063300.0
TI00006945,TXN0002316,PROD00088,1,220600.0
TI00006946,TXN0002317,PROD00006,1,1710300.0
TI00006947,TXN0002317,PROD00129,4,67800.0
TI00006948,TXN0002317,PROD00130,4,213000.0
TI00006949,TXN0002318,PROD00143,1,115300.0
TI00006950,TXN0002318,PROD00124,1,11671600.0
TI00006951,TXN0002318,PROD00011,1,810900.0
TI00006952,TXN0002318,PROD00153,3,121800.0
TI00006953,TXN0002318,PROD00044,2,2984700.0
TI00006954,TXN0002319,PROD00175,4,99600.0
TI00006955,TXN0002319,PROD00038,4,3280700.0
TI00006956,TXN0002320,PROD00138,3,57200.0
TI00006957,TXN0002320,PROD00071,1,501200.0
TI00006958,TXN0002320,PROD00142,3,324600.0
TI00006959,TXN0002321,PROD00048,1,88700.0
TI00006960,TXN0002321,PROD00169,1,6358700.0
TI00006961,TXN0002322,PROD00117,2,188000.0
TI00006962,TXN0002322,PROD00176,2,168200.0
TI00006963,TXN0002322,PROD00173,1,67500.0
TI00006964,TXN0002323,PROD00070,4,191800.0
TI00006965,TXN0002323,PROD00094,1,365200.0
TI00006966,TXN0002323,PROD00072,2,470400.0
TI00006967,TXN0002323,PROD00076,2,609300.0
TI00006968,TXN0002324,PROD00159,3,3240200.0
TI00006969,TXN0002325,PROD00108,4,570800.0
TI00006970,TXN0002325,PROD00125,2,716900.0
TI00006971,TXN0002325,PROD00100,4,546800.0
TI00006972,TXN0002326,PROD00180,1,96700.0
TI00006973,TXN0002326,PROD00148,3,272900.0
TI00006974,TXN0002326,PROD00097,2,2301200.0
TI00006975,TXN0002327,PROD00019,2,353800.0
TI00006976,TXN0002327,PROD00137,3,59500.0
TI00006977,TXN0002327,PROD00078,4,473100.0
TI00006978,TXN0002327,PROD00005,4,613400.0
TI00006979,TXN0002328,PROD00133,1,521500.0
TI00006980,TXN0002328,PROD00103,4,499800.0
TI00006981,TXN0002328,PROD00013,2,1045000.0
TI00006982,TXN0002328,PROD00085,1,262600.0
TI00006983,TXN0002329,PROD00012,1,744700.0
TI00006984,TXN0002329,PROD00034,4,1485900.0
TI00006985,TXN0002329,PROD00136,3,787800.0
TI00006986,TXN0002330,PROD00056,1,246400.0
TI00006987,TXN0002331,PROD00164,2,103200.0
TI00006988,TXN0002331,PROD00008,3,86100.0
TI00006989,TXN0002332,PROD00068,4,189500.0
TI00006990,TXN0002332,PROD00087,3,86200.0
TI00006991,TXN0002332,PROD00041,4,792800.0
TI00006992,TXN0002332,PROD00177,3,228400.0
TI00006993,TXN0002332,PROD00052,2,58000.0
TI00006994,TXN0002333,PROD00101,1,11745100.0
TI00006995,TXN0002333,PROD00011,4,810900.0
TI00006996,TXN0002334,PROD00090,3,838900.0
TI00006997,TXN0002334,PROD00127,3,172600.0
TI00006998,TXN0002334,PROD00076,3,609300.0
TI00006999,TXN0002334,PROD00170,2,806200.0
TI00007000,TXN0002335,PROD00178,2,55100.0
TI00007001,TXN0002335,PROD00074,1,99400.0
TI00007002,TXN0002335,PROD00085,1,262600.0
TI00007003,TXN0002336,PROD00031,3,571800.0
TI00007004,TXN0002336,PROD00141,2,527900.0
TI00007005,TXN0002336,PROD00153,3,121800.0
TI00007006,TXN0002336,PROD00100,3,546800.0
TI00007007,TXN0002336,PROD00090,3,838900.0
TI00007008,TXN0002337,PROD00043,3,223400.0
TI00007009,TXN0002337,PROD00153,2,121800.0
TI00007010,TXN0002338,PROD00127,4,172600.0
TI00007011,TXN0002338,PROD00014,1,2104400.0
TI00007012,TXN0002338,PROD00081,2,41700.0
TI00007013,TXN0002338,PROD00180,4,96700.0
TI00007014,TXN0002338,PROD00105,1,76100.0
TI00007015,TXN0002339,PROD00109,4,3001900.0
TI00007016,TXN0002339,PROD00008,2,86100.0
TI00007017,TXN0002339,PROD00115,4,1810600.0
TI00007018,TXN0002339,PROD00003,4,623300.0
TI00007019,TXN0002339,PROD00076,1,609300.0
TI00007020,TXN0002340,PROD00094,1,365200.0
TI00007021,TXN0002340,PROD00007,1,456400.0
TI00007022,TXN0002340,PROD00019,4,353800.0
TI00007023,TXN0002340,PROD00096,2,366200.0
TI00007024,TXN0002340,PROD00051,1,752100.0
TI00007025,TXN0002341,PROD00081,4,41700.0
TI00007026,TXN0002342,PROD00113,2,4916800.0
TI00007027,TXN0002342,PROD00147,3,229500.0
TI00007028,TXN0002342,PROD00016,3,167400.0
TI00007029,TXN0002342,PROD00096,1,366200.0
TI00007030,TXN0002342,PROD00034,2,1485900.0
TI00007031,TXN0002343,PROD00114,1,362300.0
TI00007032,TXN0002343,PROD00146,4,647500.0
TI00007033,TXN0002343,PROD00068,3,189500.0
TI00007034,TXN0002344,PROD00175,3,99600.0
TI00007035,TXN0002345,PROD00082,4,435600.0
TI00007036,TXN0002346,PROD00102,2,171600.0
TI00007037,TXN0002346,PROD00112,4,3050100.0
TI00007038,TXN0002346,PROD00077,3,37900.0
TI00007039,TXN0002346,PROD00104,4,179700.0
TI00007040,TXN0002346,PROD00149,1,370000.0
TI00007041,TXN0002347,PROD00083,4,6771700.0
TI00007042,TXN0002347,PROD00156,3,117900.0
TI00007043,TXN0002348,PROD00141,4,527900.0
TI00007044,TXN0002348,PROD00002,1,1365600.0
TI00007045,TXN0002348,PROD00096,2,366200.0
TI00007046,TXN0002348,PROD00176,2,168200.0
TI00007047,TXN0002349,PROD00139,3,621000.0
TI00007048,TXN0002350,PROD00145,2,626300.0
TI00007049,TXN0002351,PROD00093,2,2689800.0
TI00007050,TXN0002351,PROD00111,2,5440300.0
TI00007051,TXN0002351,PROD00126,4,219500.0
TI00007052,TXN0002351,PROD00062,2,83600.0
TI00007053,TXN0002351,PROD00056,2,246400.0
TI00007054,TXN0002352,PROD00075,2,382900.0
TI00007055,TXN0002352,PROD00067,3,1694500.0
TI00007056,TXN0002352,PROD00011,2,810900.0
TI00007057,TXN0002352,PROD00048,2,88700.0
TI00007058,TXN0002353,PROD00159,3,3240200.0
TI00007059,TXN0002353,PROD00152,2,170900.0
TI00007060,TXN0002353,PROD00168,4,54200.0
TI00007061,TXN0002353,PROD00048,4,88700.0
TI00007062,TXN0002354,PROD00058,3,1306500.0
TI00007063,TXN0002354,PROD00137,2,59500.0
TI00007064,TXN0002355,PROD00025,4,57900.0
TI00007065,TXN0002355,PROD00065,2,846500.0
TI00007066,TXN0002355,PROD00177,2,228400.0
TI00007067,TXN0002355,PROD00001,2,179800.0
TI00007068,TXN0002355,PROD00017,3,61400.0
TI00007069,TXN0002356,PROD00155,2,277300.0
TI00007070,TXN0002357,PROD00083,3,6771700.0
TI00007071,TXN0002357,PROD00022,3,1337300.0
TI00007072,TXN0002357,PROD00085,2,262600.0
TI00007073,TXN0002358,PROD00083,1,6771700.0
TI00007074,TXN0002358,PROD00112,2,3050100.0
TI00007075,TXN0002358,PROD00146,2,647500.0
TI00007076,TXN0002358,PROD00177,1,228400.0
TI00007077,TXN0002359,PROD00173,2,67500.0
TI00007078,TXN0002359,PROD00040,4,3685900.0
TI00007079,TXN0002360,PROD00116,1,561100.0
TI00007080,TXN0002360,PROD00120,4,283500.0
TI00007081,TXN0002360,PROD00056,1,246400.0
TI00007082,TXN0002360,PROD00053,4,197800.0
TI00007083,TXN0002361,PROD00008,3,86100.0
TI00007084,TXN0002361,PROD00114,1,362300.0
TI00007085,TXN0002361,PROD00001,2,179800.0
TI00007086,TXN0002361,PROD00054,4,1692000.0
TI00007087,TXN0002362,PROD00081,2,41700.0
TI00007088,TXN0002362,PROD00044,3,2984700.0
TI00007089,TXN0002362,PROD00160,1,297400.0
TI00007090,TXN0002362,PROD00129,1,67800.0
TI00007091,TXN0002362,PROD00078,4,473100.0
TI00007092,TXN0002363,PROD00127,1,172600.0
TI00007093,TXN0002363,PROD00070,4,191800.0
TI00007094,TXN0002364,PROD00110,4,130700.0
TI00007095,TXN0002364,PROD00117,2,188000.0
TI00007096,TXN0002365,PROD00011,2,810900.0
TI00007097,TXN0002366,PROD00170,4,806200.0
TI00007098,TXN0002366,PROD00092,1,198900.0
TI00007099,TXN0002366,PROD00163,3,337100.0
TI00007100,TXN0002366,PROD00104,4,179700.0
TI00007101,TXN0002366,PROD00068,3,189500.0
TI00007102,TXN0002367,PROD00056,4,246400.0
TI00007103,TXN0002367,PROD00151,3,116700.0
TI00007104,TXN0002367,PROD00179,1,1206500.0
TI00007105,TXN0002367,PROD00147,3,229500.0
TI00007106,TXN0002367,PROD00174,4,71600.0
TI00007107,TXN0002368,PROD00081,2,41700.0
TI00007108,TXN0002368,PROD00004,2,1254300.0
TI00007109,TXN0002368,PROD00073,4,55700.0
TI00007110,TXN0002368,PROD00153,4,121800.0
TI00007111,TXN0002368,PROD00180,3,96700.0
TI00007112,TXN0002369,PROD00057,3,2101600.0
TI00007113,TXN0002369,PROD00152,4,170900.0
TI00007114,TXN0002370,PROD00041,1,792800.0
TI00007115,TXN0002371,PROD00074,1,99400.0
TI00007116,TXN0002371,PROD00144,1,2659900.0
TI00007117,TXN0002371,PROD00087,1,86200.0
TI00007118,TXN0002371,PROD00059,2,3249400.0
TI00007119,TXN0002371,PROD00065,4,846500.0
TI00007120,TXN0002372,PROD00152,3,170900.0
TI00007121,TXN0002372,PROD00136,4,787800.0
TI00007122,TXN0002373,PROD00130,2,213000.0
TI00007123,TXN0002373,PROD00179,2,1206500.0
TI00007124,TXN0002373,PROD00126,2,219500.0
TI00007125,TXN0002373,PROD00017,4,61400.0
TI00007126,TXN0002374,PROD00015,3,327100.0
TI00007127,TXN0002374,PROD00085,1,262600.0
TI00007128,TXN0002374,PROD00169,4,6358700.0
TI00007129,TXN0002374,PROD00140,1,10502400.0
TI00007130,TXN0002375,PROD00052,3,58000.0
TI00007131,TXN0002376,PROD00120,3,283500.0
TI00007132,TXN0002376,PROD00148,4,272900.0
TI00007133,TXN0002376,PROD00154,1,192800.0
TI00007134,TXN0002377,PROD00176,4,168200.0
TI00007135,TXN0002377,PROD00114,2,362300.0
TI00007136,TXN0002377,PROD00160,2,297400.0
TI00007137,TXN0002377,PROD00069,1,145200.0
TI00007138,TXN0002378,PROD00102,1,171600.0
TI00007139,TXN0002378,PROD00031,1,571800.0
TI00007140,TXN0002379,PROD00022,1,1337300.0
TI00007141,TXN0002379,PROD00099,1,497200.0
TI00007142,TXN0002379,PROD00103,4,499800.0
TI00007143,TXN0002379,PROD00034,3,1485900.0
TI00007144,TXN0002380,PROD00116,4,561100.0
TI00007145,TXN0002380,PROD00176,3,168200.0
TI00007146,TXN0002380,PROD00130,3,213000.0
TI00007147,TXN0002381,PROD00083,3,6771700.0
TI00007148,TXN0002381,PROD00084,1,1607800.0
TI00007149,TXN0002381,PROD00092,2,198900.0
TI00007150,TXN0002381,PROD00127,3,172600.0
TI00007151,TXN0002382,PROD00002,4,1365600.0
TI00007152,TXN0002382,PROD00014,3,2104400.0
TI00007153,TXN0002382,PROD00099,4,497200.0
TI00007154,TXN0002383,PROD00092,1,198900.0
TI00007155,TXN0002384,PROD00066,2,162000.0
TI00007156,TXN0002384,PROD00084,2,1607800.0
TI00007157,TXN0002384,PROD00028,3,497400.0
TI00007158,TXN0002385,PROD00151,2,116700.0
TI00007159,TXN0002385,PROD00157,2,6815900.0
TI00007160,TXN0002385,PROD00121,2,190400.0
TI00007161,TXN0002385,PROD00076,4,609300.0
TI00007162,TXN0002385,PROD00002,4,1365600.0
TI00007163,TXN0002386,PROD00017,4,61400.0
TI00007164,TXN0002387,PROD00160,3,297400.0
TI00007165,TXN0002388,PROD00132,4,6814300.0
TI00007166,TXN0002388,PROD00165,1,242000.0
TI00007167,TXN0002389,PROD00156,3,117900.0
TI00007168,TXN0002390,PROD00004,4,1254300.0
TI00007169,TXN0002390,PROD00150,4,874600.0
TI00007170,TXN0002390,PROD00111,4,5440300.0
TI00007171,TXN0002390,PROD00164,2,103200.0
TI00007172,TXN0002390,PROD00017,3,61400.0
TI00007173,TXN0002391,PROD00143,1,115300.0
TI00007174,TXN0002391,PROD00069,2,145200.0
TI00007175,TXN0002392,PROD00070,1,191800.0
TI00007176,TXN0002392,PROD00135,4,495100.0
TI00007177,TXN0002392,PROD00004,2,1254300.0
TI00007178,TXN0002392,PROD00077,3,37900.0
TI00007179,TXN0002392,PROD00082,4,435600.0
TI00007180,TXN0002393,PROD00004,2,1254300.0
TI00007181,TXN0002393,PROD00147,3,229500.0
TI00007182,TXN0002393,PROD00083,1,6771700.0
TI00007183,TXN0002393,PROD00128,3,202200.0
TI00007184,TXN0002393,PROD00164,1,103200.0
TI00007185,TXN0002394,PROD00065,2,846500.0
TI00007186,TXN0002394,PROD00070,1,191800.0
TI00007187,TXN0002394,PROD00038,3,3280700.0
TI00007188,TXN0002394,PROD00167,2,79900.0
TI00007189,TXN0002394,PROD00012,3,744700.0
TI00007190,TXN0002395,PROD00080,1,204100.0
TI00007191,TXN0002395,PROD00040,2,3685900.0
TI00007192,TXN0002396,PROD00137,3,59500.0
TI00007193,TXN0002396,PROD00112,3,3050100.0
TI00007194,TXN0002396,PROD00118,1,97800.0
TI00007195,TXN0002397,PROD00109,2,3001900.0
TI00007196,TXN0002397,PROD00069,1,145200.0
TI00007197,TXN0002397,PROD00176,2,168200.0
TI00007198,TXN0002397,PROD00134,3,1383900.0
TI00007199,TXN0002397,PROD00041,4,792800.0
TI00007200,TXN0002398,PROD00108,2,570800.0
TI00007201,TXN0002398,PROD00041,4,792800.0
TI00007202,TXN0002398,PROD00063,1,631600.0
TI00007203,TXN0002398,PROD00166,3,120600.0
TI00007204,TXN0002398,PROD00057,4,2101600.0
TI00007205,TXN0002399,PROD00108,2,570800.0
TI00007206,TXN0002399,PROD00124,1,11671600.0
TI00007207,TXN0002399,PROD00075,4,382900.0
TI00007208,TXN0002399,PROD00133,2,521500.0
TI00007209,TXN0002400,PROD00152,1,170900.0
TI00007210,TXN0002400,PROD00055,3,29300.0
TI00007211,TXN0002401,PROD00120,2,283500.0
TI00007212,TXN0002402,PROD00093,4,2689800.0
TI00007213,TXN0002402,PROD00088,1,220600.0
TI00007214,TXN0002402,PROD00145,4,626300.0
TI00007215,TXN0002402,PROD00080,2,204100.0
TI00007216,TXN0002403,PROD00031,1,571800.0
TI00007217,TXN0002403,PROD00116,2,561100.0
TI00007218,TXN0002403,PROD00160,2,297400.0
TI00007219,TXN0002403,PROD00129,2,67800.0
TI00007220,TXN0002404,PROD00110,3,130700.0
TI00007221,TXN0002405,PROD00161,3,231200.0
TI00007222,TXN0002405,PROD00164,4,103200.0
TI00007223,TXN0002405,PROD00115,4,1810600.0
TI00007224,TXN0002405,PROD00015,3,327100.0
TI00007225,TXN0002405,PROD00172,3,162600.0
TI00007226,TXN0002406,PROD00108,1,570800.0
TI00007227,TXN0002406,PROD00128,1,202200.0
TI00007228,TXN0002406,PROD00081,4,41700.0
TI00007229,TXN0002406,PROD00052,2,58000.0
TI00007230,TXN0002407,PROD00091,1,17600.0
TI00007231,TXN0002408,PROD00015,4,327100.0
TI00007232,TXN0002408,PROD00143,2,115300.0
TI00007233,TXN0002408,PROD00149,4,370000.0
TI00007234,TXN0002408,PROD00078,2,473100.0
TI00007235,TXN0002408,PROD00095,3,428500.0
TI00007236,TXN0002409,PROD00106,2,610900.0
TI00007237,TXN0002409,PROD00053,1,197800.0
TI00007238,TXN0002409,PROD00135,4,495100.0
TI00007239,TXN0002409,PROD00006,4,1710300.0
TI00007240,TXN0002410,PROD00030,1,10909100.0
TI00007241,TXN0002410,PROD00162,3,532200.0
TI00007242,TXN0002411,PROD00026,4,1447900.0
TI00007243,TXN0002411,PROD00040,1,3685900.0
TI00007244,TXN0002411,PROD00146,2,647500.0
TI00007245,TXN0002411,PROD00166,1,120600.0
TI00007246,TXN0002411,PROD00139,4,621000.0
TI00007247,TXN0002412,PROD00153,4,121800.0
TI00007248,TXN0002412,PROD00010,2,675900.0
TI00007249,TXN0002412,PROD00031,2,571800.0
TI00007250,TXN0002412,PROD00013,4,1045000.0
TI00007251,TXN0002413,PROD00037,2,718700.0
TI00007252,TXN0002413,PROD00100,3,546800.0
TI00007253,TXN0002413,PROD00142,4,324600.0
TI00007254,TXN0002413,PROD00156,3,117900.0
TI00007255,TXN0002413,PROD00060,4,218600.0
TI00007256,TXN0002414,PROD00108,4,570800.0
TI00007257,TXN0002415,PROD00158,3,488300.0
TI00007258,TXN0002415,PROD00106,3,610900.0
TI00007259,TXN0002415,PROD00133,4,521500.0
TI00007260,TXN0002415,PROD00058,1,1306500.0
TI00007261,TXN0002415,PROD00049,4,244600.0
TI00007262,TXN0002416,PROD00044,2,2984700.0
TI00007263,TXN0002417,PROD00175,3,99600.0
TI00007264,TXN0002418,PROD00165,4,242000.0
TI00007265,TXN0002418,PROD00024,2,595000.0
TI00007266,TXN0002419,PROD00068,3,189500.0
TI00007267,TXN0002419,PROD00012,2,744700.0
TI00007268,TXN0002419,PROD00080,1,204100.0
TI00007269,TXN0002420,PROD00079,4,31800.0
TI00007270,TXN0002421,PROD00166,1,120600.0
TI00007271,TXN0002421,PROD00083,2,6771700.0
TI00007272,TXN0002422,PROD00161,1,231200.0
TI00007273,TXN0002422,PROD00101,1,11745100.0
TI00007274,TXN0002422,PROD00137,4,59500.0
TI00007275,TXN0002423,PROD00138,3,57200.0
TI00007276,TXN0002423,PROD00014,3,2104400.0
TI00007277,TXN0002423,PROD00037,3,718700.0
TI00007278,TXN0002423,PROD00060,4,218600.0
TI00007279,TXN0002424,PROD00106,3,610900.0
TI00007280,TXN0002424,PROD00122,1,2205900.0
TI00007281,TXN0002424,PROD00148,2,272900.0
TI00007282,TXN0002425,PROD00077,2,37900.0
TI00007283,TXN0002425,PROD00006,2,1710300.0
TI00007284,TXN0002425,PROD00017,3,61400.0
TI00007285,TXN0002425,PROD00111,4,5440300.0
TI00007286,TXN0002426,PROD00130,3,213000.0
TI00007287,TXN0002426,PROD00170,4,806200.0
TI00007288,TXN0002426,PROD00054,3,1692000.0
TI00007289,TXN0002426,PROD00031,4,571800.0
TI00007290,TXN0002427,PROD00170,2,806200.0
TI00007291,TXN0002427,PROD00113,1,4916800.0
TI00007292,TXN0002428,PROD00054,3,1692000.0
TI00007293,TXN0002428,PROD00010,3,675900.0
TI00007294,TXN0002428,PROD00035,3,3271400.0
TI00007295,TXN0002428,PROD00145,2,626300.0
TI00007296,TXN0002428,PROD00023,2,225100.0
TI00007297,TXN0002429,PROD00024,1,595000.0
TI00007298,TXN0002429,PROD00097,3,2301200.0
TI00007299,TXN0002429,PROD00096,3,366200.0
TI00007300,TXN0002430,PROD00007,3,456400.0
TI00007301,TXN0002430,PROD00120,4,283500.0
TI00007302,TXN0002430,PROD00054,4,1692000.0
TI00007303,TXN0002430,PROD00077,3,37900.0
TI00007304,TXN0002431,PROD00140,1,10502400.0
TI00007305,TXN0002431,PROD00073,4,55700.0
TI00007306,TXN0002431,PROD00167,3,79900.0
TI00007307,TXN0002432,PROD00114,1,362300.0
TI00007308,TXN0002433,PROD00043,1,223400.0
TI00007309,TXN0002433,PROD00020,4,176500.0
TI00007310,TXN0002434,PROD00059,3,3249400.0
TI00007311,TXN0002435,PROD00179,2,1206500.0
TI00007312,TXN0002435,PROD00015,4,327100.0
TI00007313,TXN0002435,PROD00152,4,170900.0
TI00007314,TXN0002435,PROD00066,3,162000.0
TI00007315,TXN0002436,PROD00074,2,99400.0
TI00007316,TXN0002436,PROD00171,1,9207400.0
TI00007317,TXN0002436,PROD00164,2,103200.0
TI00007318,TXN0002436,PROD00062,4,83600.0
TI00007319,TXN0002437,PROD00166,2,120600.0
TI00007320,TXN0002437,PROD00150,4,874600.0
TI00007321,TXN0002437,PROD00099,4,497200.0
TI00007322,TXN0002437,PROD00048,4,88700.0
TI00007323,TXN0002437,PROD00030,4,10909100.0
TI00007324,TXN0002438,PROD00107,1,75800.0
TI00007325,TXN0002438,PROD00106,2,610900.0
TI00007326,TXN0002438,PROD00112,3,3050100.0
TI00007327,TXN0002438,PROD00020,4,176500.0
TI00007328,TXN0002439,PROD00009,2,183500.0
TI00007329,TXN0002439,PROD00035,2,3271400.0
TI00007330,TXN0002440,PROD00151,4,116700.0
TI00007331,TXN0002440,PROD00140,4,10502400.0
TI00007332,TXN0002440,PROD00011,2,810900.0
TI00007333,TXN0002440,PROD00019,4,353800.0
TI00007334,TXN0002440,PROD00054,4,1692000.0
TI00007335,TXN0002441,PROD00122,4,2205900.0
TI00007336,TXN0002442,PROD00071,3,501200.0
TI00007337,TXN0002442,PROD00104,3,179700.0
TI00007338,TXN0002442,PROD00031,1,571800.0
TI00007339,TXN0002443,PROD00017,4,61400.0
TI00007340,TXN0002443,PROD00118,3,97800.0
TI00007341,TXN0002443,PROD00078,4,473100.0
TI00007342,TXN0002444,PROD00014,2,2104400.0
TI00007343,TXN0002444,PROD00029,4,747300.0
TI00007344,TXN0002444,PROD00141,2,527900.0
TI00007345,TXN0002444,PROD00099,4,497200.0
TI00007346,TXN0002445,PROD00092,2,198900.0
TI00007347,TXN0002445,PROD00150,4,874600.0
TI00007348,TXN0002445,PROD00041,4,792800.0
TI00007349,TXN0002446,PROD00077,1,37900.0
TI00007350,TXN0002447,PROD00086,1,8987800.0
TI00007351,TXN0002447,PROD00088,2,220600.0
TI00007352,TXN0002448,PROD00141,2,527900.0
TI00007353,TXN0002448,PROD00103,2,499800.0
TI00007354,TXN0002448,PROD00124,2,11671600.0
TI00007355,TXN0002449,PROD00121,1,190400.0
TI00007356,TXN0002449,PROD00062,3,83600.0
TI00007357,TXN0002449,PROD00060,3,218600.0
TI00007358,TXN0002450,PROD00096,4,366200.0
TI00007359,TXN0002451,PROD00030,3,10909100.0
TI00007360,TXN0002452,PROD00120,2,283500.0
TI00007361,TXN0002452,PROD00151,1,116700.0
TI00007362,TXN0002452,PROD00082,3,435600.0
TI00007363,TXN0002452,PROD00055,1,29300.0
TI00007364,TXN0002452,PROD00017,3,61400.0
TI00007365,TXN0002453,PROD00109,1,3001900.0
TI00007366,TXN0002453,PROD00025,3,57900.0
TI00007367,TXN0002453,PROD00132,1,6814300.0
TI00007368,TXN0002453,PROD00050,1,134700.0
TI00007369,TXN0002454,PROD00123,1,520300.0
TI00007370,TXN0002454,PROD00063,3,631600.0
TI00007371,TXN0002454,PROD00022,1,1337300.0
TI00007372,TXN0002454,PROD00080,1,204100.0
TI00007373,TXN0002454,PROD00053,3,197800.0
TI00007374,TXN0002455,PROD00137,1,59500.0
TI00007375,TXN0002455,PROD00106,1,610900.0
TI00007376,TXN0002455,PROD00044,4,2984700.0
TI00007377,TXN0002455,PROD00162,1,532200.0
TI00007378,TXN0002456,PROD00012,4,744700.0
TI00007379,TXN0002457,PROD00033,1,10971800.0
TI00007380,TXN0002457,PROD00085,4,262600.0
TI00007381,TXN0002457,PROD00117,1,188000.0
TI00007382,TXN0002458,PROD00169,3,6358700.0
TI00007383,TXN0002458,PROD00051,2,752100.0
TI00007384,TXN0002458,PROD00063,2,631600.0
TI00007385,TXN0002458,PROD00019,1,353800.0
TI00007386,TXN0002458,PROD00096,4,366200.0
TI00007387,TXN0002459,PROD00129,3,67800.0
TI00007388,TXN0002459,PROD00111,3,5440300.0
TI00007389,TXN0002460,PROD00044,1,2984700.0
TI00007390,TXN0002460,PROD00074,1,99400.0
TI00007391,TXN0002461,PROD00123,1,520300.0
TI00007392,TXN0002461,PROD00010,3,675900.0
TI00007393,TXN0002461,PROD00027,3,124600.0
TI00007394,TXN0002461,PROD00081,2,41700.0
TI00007395,TXN0002462,PROD00109,2,3001900.0
TI00007396,TXN0002462,PROD00064,2,1537200.0
TI00007397,TXN0002462,PROD00053,2,197800.0
TI00007398,TXN0002462,PROD00133,2,521500.0
TI00007399,TXN0002463,PROD00034,3,1485900.0
TI00007400,TXN0002463,PROD00048,4,88700.0
TI00007401,TXN0002463,PROD00171,2,9207400.0
TI00007402,TXN0002463,PROD00046,1,314500.0
TI00007403,TXN0002463,PROD00013,1,1045000.0
TI00007404,TXN0002464,PROD00030,2,10909100.0
TI00007405,TXN0002465,PROD00026,3,1447900.0
TI00007406,TXN0002465,PROD00050,2,134700.0
TI00007407,TXN0002465,PROD00059,4,3249400.0
TI00007408,TXN0002465,PROD00165,1,242000.0
TI00007409,TXN0002465,PROD00045,2,75500.0
TI00007410,TXN0002466,PROD00086,3,8987800.0
TI00007411,TXN0002466,PROD00033,2,10971800.0
TI00007412,TXN0002466,PROD00056,4,246400.0
TI00007413,TXN0002467,PROD00045,3,75500.0
TI00007414,TXN0002468,PROD00069,1,145200.0
TI00007415,TXN0002468,PROD00045,3,75500.0
TI00007416,TXN0002469,PROD00163,2,337100.0
TI00007417,TXN0002469,PROD00172,3,162600.0
TI00007418,TXN0002469,PROD00122,3,2205900.0
TI00007419,TXN0002469,PROD00161,2,231200.0
TI00007420,TXN0002470,PROD00024,4,595000.0
TI00007421,TXN0002470,PROD00086,4,8987800.0
TI00007422,TXN0002470,PROD00177,3,228400.0
TI00007423,TXN0002470,PROD00046,3,314500.0
TI00007424,TXN0002471,PROD00125,3,716900.0
TI00007425,TXN0002471,PROD00100,2,546800.0
TI00007426,TXN0002471,PROD00041,1,792800.0
TI00007427,TXN0002472,PROD00027,3,124600.0
TI00007428,TXN0002472,PROD00069,2,145200.0
TI00007429,TXN0002472,PROD00122,2,2205900.0
TI00007430,TXN0002473,PROD00041,3,792800.0
TI00007431,TXN0002473,PROD00074,4,99400.0
TI00007432,TXN0002473,PROD00114,4,362300.0
TI00007433,TXN0002474,PROD00054,4,1692000.0
TI00007434,TXN0002474,PROD00144,2,2659900.0
TI00007435,TXN0002474,PROD00149,3,370000.0
TI00007436,TXN0002475,PROD00052,2,58000.0
TI00007437,TXN0002475,PROD00100,3,546800.0
TI00007438,TXN0002475,PROD00127,1,172600.0
TI00007439,TXN0002476,PROD00166,2,120600.0
TI00007440,TXN0002476,PROD00179,3,1206500.0
TI00007441,TXN0002476,PROD00108,3,570800.0
TI00007442,TXN0002476,PROD00051,2,752100.0
TI00007443,TXN0002477,PROD00085,1,262600.0
TI00007444,TXN0002477,PROD00129,4,67800.0
TI00007445,TXN0002477,PROD00110,1,130700.0
TI00007446,TXN0002477,PROD00064,4,1537200.0
TI00007447,TXN0002477,PROD00172,2,162600.0
TI00007448,TXN0002478,PROD00140,3,10502400.0
TI00007449,TXN0002478,PROD00169,2,6358700.0
TI00007450,TXN0002478,PROD00020,1,176500.0
TI00007451,TXN0002478,PROD00107,1,75800.0
TI00007452,TXN0002478,PROD00025,4,57900.0
TI00007453,TXN0002479,PROD00023,4,225100.0
TI00007454,TXN0002479,PROD00008,2,86100.0
TI00007455,TXN0002479,PROD00063,4,631600.0
TI00007456,TXN0002479,PROD00006,2,1710300.0
TI00007457,TXN0002480,PROD00071,4,501200.0
TI00007458,TXN0002481,PROD00143,2,115300.0
TI00007459,TXN0002482,PROD00147,2,229500.0
TI00007460,TXN0002482,PROD00054,1,1692000.0
TI00007461,TXN0002482,PROD00031,3,571800.0
TI00007462,TXN0002483,PROD00048,2,88700.0
TI00007463,TXN0002483,PROD00083,2,6771700.0
TI00007464,TXN0002483,PROD00165,4,242000.0
TI00007465,TXN0002483,PROD00072,3,470400.0
TI00007466,TXN0002484,PROD00049,1,244600.0
TI00007467,TXN0002484,PROD00154,4,192800.0
TI00007468,TXN0002485,PROD00147,1,229500.0
TI00007469,TXN0002485,PROD00068,1,189500.0
TI00007470,TXN0002485,PROD00130,2,213000.0
TI00007471,TXN0002485,PROD00171,4,9207400.0
TI00007472,TXN0002486,PROD00118,1,97800.0
TI00007473,TXN0002486,PROD00023,4,225100.0
TI00007474,TXN0002486,PROD00159,2,3240200.0
TI00007475,TXN0002486,PROD00105,2,76100.0
TI00007476,TXN0002486,PROD00116,3,561100.0
TI00007477,TXN0002487,PROD00028,1,497400.0
TI00007478,TXN0002487,PROD00044,1,2984700.0
TI00007479,TXN0002487,PROD00090,4,838900.0
TI00007480,TXN0002487,PROD00147,2,229500.0
TI00007481,TXN0002488,PROD00150,2,874600.0
TI00007482,TXN0002488,PROD00009,2,183500.0
TI00007483,TXN0002488,PROD00021,2,423700.0
TI00007484,TXN0002489,PROD00122,4,2205900.0
TI00007485,TXN0002489,PROD00171,4,9207400.0
TI00007486,TXN0002490,PROD00137,1,59500.0
TI00007487,TXN0002490,PROD00026,3,1447900.0
TI00007488,TXN0002490,PROD00073,1,55700.0
TI00007489,TXN0002491,PROD00127,1,172600.0
TI00007490,TXN0002491,PROD00154,3,192800.0
TI00007491,TXN0002491,PROD00056,1,246400.0
TI00007492,TXN0002491,PROD00010,1,675900.0
TI00007493,TXN0002492,PROD00149,1,370000.0
TI00007494,TXN0002492,PROD00168,1,54200.0
TI00007495,TXN0002492,PROD00152,1,170900.0
TI00007496,TXN0002493,PROD00039,4,1936200.0
TI00007497,TXN0002494,PROD00104,1,179700.0
TI00007498,TXN0002495,PROD00155,1,277300.0
TI00007499,TXN0002495,PROD00011,2,810900.0
TI00007500,TXN0002495,PROD00064,3,1537200.0
TI00007501,TXN0002495,PROD00075,3,382900.0
TI00007502,TXN0002495,PROD00037,3,718700.0
TI00007503,TXN0002496,PROD00016,3,167400.0
TI00007504,TXN0002496,PROD00054,2,1692000.0
TI00007505,TXN0002497,PROD00152,4,170900.0
TI00007506,TXN0002497,PROD00026,1,1447900.0
TI00007507,TXN0002497,PROD00053,1,197800.0
TI00007508,TXN0002497,PROD00140,3,10502400.0
TI00007509,TXN0002498,PROD00030,3,10909100.0
TI00007510,TXN0002498,PROD00053,1,197800.0
TI00007511,TXN0002498,PROD00035,2,3271400.0
TI00007512,TXN0002498,PROD00026,3,1447900.0
TI00007513,TXN0002499,PROD00134,1,1383900.0
TI00007514,TXN0002499,PROD00143,3,115300.0
TI00007515,TXN0002500,PROD00137,3,59500.0
TI00007516,TXN0002500,PROD00118,3,97800.0
TI00007517,TXN0002501,PROD00055,4,29300.0
TI00007518,TXN0002501,PROD00112,4,3050100.0
TI00007519,TXN0002501,PROD00122,3,2205900.0
TI00007520,TXN0002501,PROD00131,4,2828000.0
TI00007521,TXN0002501,PROD00095,2,428500.0
TI00007522,TXN0002502,PROD00021,1,423700.0
TI00007523,TXN0002502,PROD00010,4,675900.0
TI00007524,TXN0002502,PROD00164,1,103200.0
TI00007525,TXN0002502,PROD00128,3,202200.0
TI00007526,TXN0002502,PROD00078,2,473100.0
TI00007527,TXN0002503,PROD00013,1,1045000.0
TI00007528,TXN0002503,PROD00020,3,176500.0
TI00007529,TXN0002503,PROD00061,2,8063300.0
TI00007530,TXN0002504,PROD00153,4,121800.0
TI00007531,TXN0002504,PROD00170,1,806200.0
TI00007532,TXN0002504,PROD00111,4,5440300.0
TI00007533,TXN0002504,PROD00048,3,88700.0
TI00007534,TXN0002505,PROD00083,4,6771700.0
TI00007535,TXN0002505,PROD00045,3,75500.0
TI00007536,TXN0002506,PROD00163,3,337100.0
TI00007537,TXN0002506,PROD00094,4,365200.0
TI00007538,TXN0002507,PROD00150,3,874600.0
TI00007539,TXN0002507,PROD00139,3,621000.0
TI00007540,TXN0002507,PROD00153,4,121800.0
TI00007541,TXN0002507,PROD00158,4,488300.0
TI00007542,TXN0002508,PROD00154,1,192800.0
TI00007543,TXN0002508,PROD00057,3,2101600.0
TI00007544,TXN0002508,PROD00015,4,327100.0
TI00007545,TXN0002508,PROD00008,4,86100.0
TI00007546,TXN0002508,PROD00095,3,428500.0
TI00007547,TXN0002509,PROD00094,2,365200.0
TI00007548,TXN0002509,PROD00130,2,213000.0
TI00007549,TXN0002509,PROD00076,4,609300.0
TI00007550,TXN0002510,PROD00100,2,546800.0
TI00007551,TXN0002510,PROD00104,3,179700.0
TI00007552,TXN0002511,PROD00067,4,1694500.0
TI00007553,TXN0002512,PROD00022,3,1337300.0
TI00007554,TXN0002513,PROD00002,4,1365600.0
TI00007555,TXN0002513,PROD00097,2,2301200.0
TI00007556,TXN0002514,PROD00164,4,103200.0
TI00007557,TXN0002515,PROD00125,2,716900.0
TI00007558,TXN0002516,PROD00121,4,190400.0
TI00007559,TXN0002517,PROD00029,2,747300.0
TI00007560,TXN0002517,PROD00032,2,359500.0
TI00007561,TXN0002517,PROD00090,2,838900.0
TI00007562,TXN0002517,PROD00169,2,6358700.0
TI00007563,TXN0002517,PROD00042,2,110400.0
TI00007564,TXN0002518,PROD00072,2,470400.0
TI00007565,TXN0002518,PROD00121,3,190400.0
TI00007566,TXN0002518,PROD00084,3,1607800.0
TI00007567,TXN0002518,PROD00040,1,3685900.0
TI00007568,TXN0002518,PROD00135,1,495100.0
TI00007569,TXN0002519,PROD00142,3,324600.0
TI00007570,TXN0002520,PROD00096,1,366200.0
TI00007571,TXN0002520,PROD00027,2,124600.0
TI00007572,TXN0002521,PROD00114,2,362300.0
TI00007573,TXN0002521,PROD00038,1,3280700.0
TI00007574,TXN0002521,PROD00043,4,223400.0
TI00007575,TXN0002522,PROD00126,4,219500.0
TI00007576,TXN0002522,PROD00143,2,115300.0
TI00007577,TXN0002522,PROD00011,1,810900.0
TI00007578,TXN0002523,PROD00027,3,124600.0
TI00007579,TXN0002523,PROD00160,2,297400.0
TI00007580,TXN0002523,PROD00074,3,99400.0
TI00007581,TXN0002524,PROD00168,3,54200.0
TI00007582,TXN0002525,PROD00141,2,527900.0
TI00007583,TXN0002525,PROD00010,1,675900.0
TI00007584,TXN0002526,PROD00099,2,497200.0
TI00007585,TXN0002527,PROD00119,1,3450500.0
TI00007586,TXN0002527,PROD00143,2,115300.0
TI00007587,TXN0002528,PROD00153,3,121800.0
TI00007588,TXN0002528,PROD00148,3,272900.0
TI00007589,TXN0002528,PROD00004,3,1254300.0
TI00007590,TXN0002528,PROD00082,4,435600.0
TI00007591,TXN0002529,PROD00079,2,31800.0
TI00007592,TXN0002529,PROD00179,1,1206500.0
TI00007593,TXN0002529,PROD00006,4,1710300.0
TI00007594,TXN0002529,PROD00140,4,10502400.0
TI00007595,TXN0002529,PROD00072,1,470400.0
TI00007596,TXN0002530,PROD00156,1,117900.0
TI00007597,TXN0002530,PROD00140,1,10502400.0
TI00007598,TXN0002530,PROD00110,4,130700.0
TI00007599,TXN0002530,PROD00004,3,1254300.0
TI00007600,TXN0002530,PROD00097,4,2301200.0
TI00007601,TXN0002531,PROD00096,1,366200.0
TI00007602,TXN0002531,PROD00114,4,362300.0
TI00007603,TXN0002531,PROD00012,3,744700.0
TI00007604,TXN0002532,PROD00170,1,806200.0
TI00007605,TXN0002532,PROD00144,2,2659900.0
TI00007606,TXN0002532,PROD00018,3,2056700.0
TI00007607,TXN0002532,PROD00077,2,37900.0
TI00007608,TXN0002533,PROD00123,2,520300.0
TI00007609,TXN0002533,PROD00103,4,499800.0
TI00007610,TXN0002534,PROD00118,3,97800.0
TI00007611,TXN0002534,PROD00128,1,202200.0
TI00007612,TXN0002534,PROD00047,3,165600.0
TI00007613,TXN0002535,PROD00065,2,846500.0
TI00007614,TXN0002535,PROD00045,3,75500.0
TI00007615,TXN0002536,PROD00071,1,501200.0
TI00007616,TXN0002537,PROD00085,3,262600.0
TI00007617,TXN0002538,PROD00154,3,192800.0
TI00007618,TXN0002538,PROD00028,3,497400.0
TI00007619,TXN0002538,PROD00084,4,1607800.0
TI00007620,TXN0002538,PROD00137,3,59500.0
TI00007621,TXN0002539,PROD00099,2,497200.0
TI00007622,TXN0002540,PROD00042,3,110400.0
TI00007623,TXN0002541,PROD00016,2,167400.0
TI00007624,TXN0002541,PROD00062,3,83600.0
TI00007625,TXN0002541,PROD00055,3,29300.0
TI00007626,TXN0002541,PROD00057,3,2101600.0
TI00007627,TXN0002542,PROD00022,2,1337300.0
TI00007628,TXN0002542,PROD00083,4,6771700.0
TI00007629,TXN0002543,PROD00006,4,1710300.0
TI00007630,TXN0002543,PROD00036,4,11966500.0
TI00007631,TXN0002543,PROD00155,2,277300.0
TI00007632,TXN0002544,PROD00026,3,1447900.0
TI00007633,TXN0002544,PROD00125,2,716900.0
TI00007634,TXN0002545,PROD00078,1,473100.0
TI00007635,TXN0002546,PROD00046,2,314500.0
TI00007636,TXN0002546,PROD00031,4,571800.0
TI00007637,TXN0002546,PROD00092,4,198900.0
TI00007638,TXN0002546,PROD00176,2,168200.0
TI00007639,TXN0002546,PROD00062,4,83600.0
TI00007640,TXN0002547,PROD00033,1,10971800.0
TI00007641,TXN0002547,PROD00091,2,17600.0
TI00007642,TXN0002548,PROD00041,3,792800.0
TI00007643,TXN0002548,PROD00129,1,67800.0
TI00007644,TXN0002548,PROD00012,2,744700.0
TI00007645,TXN0002548,PROD00078,2,473100.0
TI00007646,TXN0002548,PROD00137,1,59500.0
TI00007647,TXN0002549,PROD00013,2,1045000.0
TI00007648,TXN0002549,PROD00028,2,497400.0
TI00007649,TXN0002549,PROD00148,3,272900.0
TI00007650,TXN0002549,PROD00062,2,83600.0
TI00007651,TXN0002549,PROD00165,4,242000.0
TI00007652,TXN0002550,PROD00001,1,179800.0
TI00007653,TXN0002551,PROD00026,3,1447900.0
TI00007654,TXN0002551,PROD00097,4,2301200.0
TI00007655,TXN0002551,PROD00038,3,3280700.0
TI00007656,TXN0002551,PROD00048,4,88700.0
TI00007657,TXN0002552,PROD00001,2,179800.0
TI00007658,TXN0002552,PROD00116,2,561100.0
TI00007659,TXN0002552,PROD00149,1,370000.0
TI00007660,TXN0002553,PROD00022,4,1337300.0
TI00007661,TXN0002553,PROD00099,4,497200.0
TI00007662,TXN0002554,PROD00085,4,262600.0
TI00007663,TXN0002554,PROD00097,3,2301200.0
TI00007664,TXN0002554,PROD00075,2,382900.0
TI00007665,TXN0002555,PROD00091,1,17600.0
TI00007666,TXN0002555,PROD00051,1,752100.0
TI00007667,TXN0002555,PROD00174,4,71600.0
TI00007668,TXN0002556,PROD00088,4,220600.0
TI00007669,TXN0002556,PROD00015,4,327100.0
TI00007670,TXN0002556,PROD00089,1,11224800.0
TI00007671,TXN0002556,PROD00046,2,314500.0
TI00007672,TXN0002557,PROD00142,3,324600.0
TI00007673,TXN0002557,PROD00023,4,225100.0
TI00007674,TXN0002558,PROD00170,2,806200.0
TI00007675,TXN0002558,PROD00019,2,353800.0
TI00007676,TXN0002558,PROD00160,2,297400.0
TI00007677,TXN0002558,PROD00016,1,167400.0
TI00007678,TXN0002559,PROD00175,4,99600.0
TI00007679,TXN0002559,PROD00114,4,362300.0
TI00007680,TXN0002559,PROD00007,2,456400.0
TI00007681,TXN0002559,PROD00099,3,497200.0
TI00007682,TXN0002559,PROD00162,2,532200.0
TI00007683,TXN0002560,PROD00092,4,198900.0
TI00007684,TXN0002560,PROD00150,3,874600.0
TI00007685,TXN0002560,PROD00040,3,3685900.0
TI00007686,TXN0002560,PROD00019,4,353800.0
TI00007687,TXN0002560,PROD00036,2,11966500.0
TI00007688,TXN0002561,PROD00039,2,1936200.0
TI00007689,TXN0002561,PROD00156,1,117900.0
TI00007690,TXN0002561,PROD00080,1,204100.0
TI00007691,TXN0002562,PROD00146,2,647500.0
TI00007692,TXN0002562,PROD00138,2,57200.0
TI00007693,TXN0002563,PROD00067,3,1694500.0
TI00007694,TXN0002563,PROD00112,4,3050100.0
TI00007695,TXN0002564,PROD00067,2,1694500.0
TI00007696,TXN0002564,PROD00027,4,124600.0
TI00007697,TXN0002564,PROD00126,4,219500.0
TI00007698,TXN0002564,PROD00169,3,6358700.0
TI00007699,TXN0002564,PROD00142,1,324600.0
TI00007700,TXN0002565,PROD00135,1,495100.0
TI00007701,TXN0002565,PROD00036,1,11966500.0
TI00007702,TXN0002566,PROD00042,4,110400.0
TI00007703,TXN0002566,PROD00180,3,96700.0
TI00007704,TXN0002566,PROD00110,2,130700.0
TI00007705,TXN0002567,PROD00037,4,718700.0
TI00007706,TXN0002568,PROD00064,3,1537200.0
TI00007707,TXN0002568,PROD00126,4,219500.0
TI00007708,TXN0002569,PROD00136,3,787800.0
TI00007709,TXN0002569,PROD00113,4,4916800.0
TI00007710,TXN0002569,PROD00131,2,2828000.0
TI00007711,TXN0002570,PROD00079,4,31800.0
TI00007712,TXN0002571,PROD00149,3,370000.0
TI00007713,TXN0002571,PROD00034,4,1485900.0
TI00007714,TXN0002571,PROD00146,3,647500.0
TI00007715,TXN0002571,PROD00108,1,570800.0
TI00007716,TXN0002572,PROD00108,2,570800.0
TI00007717,TXN0002573,PROD00153,3,121800.0
TI00007718,TXN0002573,PROD00060,1,218600.0
TI00007719,TXN0002574,PROD00176,1,168200.0
TI00007720,TXN0002574,PROD00069,2,145200.0
TI00007721,TXN0002574,PROD00036,1,11966500.0
TI00007722,TXN0002575,PROD00002,2,1365600.0
TI00007723,TXN0002575,PROD00048,3,88700.0
TI00007724,TXN0002575,PROD00038,4,3280700.0
TI00007725,TXN0002576,PROD00127,2,172600.0
TI00007726,TXN0002576,PROD00146,3,647500.0
TI00007727,TXN0002576,PROD00119,1,3450500.0
TI00007728,TXN0002577,PROD00118,1,97800.0
TI00007729,TXN0002578,PROD00136,2,787800.0
TI00007730,TXN0002578,PROD00035,2,3271400.0
TI00007731,TXN0002578,PROD00024,2,595000.0
TI00007732,TXN0002578,PROD00075,4,382900.0
TI00007733,TXN0002578,PROD00116,2,561100.0
TI00007734,TXN0002579,PROD00082,4,435600.0
TI00007735,TXN0002579,PROD00017,4,61400.0
TI00007736,TXN0002579,PROD00102,4,171600.0
TI00007737,TXN0002580,PROD00172,4,162600.0
TI00007738,TXN0002580,PROD00036,2,11966500.0
TI00007739,TXN0002581,PROD00007,3,456400.0
TI00007740,TXN0002581,PROD00013,3,1045000.0
TI00007741,TXN0002582,PROD00140,4,10502400.0
TI00007742,TXN0002582,PROD00053,4,197800.0
TI00007743,TXN0002582,PROD00055,4,29300.0
TI00007744,TXN0002583,PROD00043,4,223400.0
TI00007745,TXN0002583,PROD00177,1,228400.0
TI00007746,TXN0002583,PROD00139,2,621000.0
TI00007747,TXN0002583,PROD00155,4,277300.0
TI00007748,TXN0002583,PROD00104,1,179700.0
TI00007749,TXN0002584,PROD00156,2,117900.0
TI00007750,TXN0002584,PROD00074,1,99400.0
TI00007751,TXN0002584,PROD00112,3,3050100.0
TI00007752,TXN0002585,PROD00014,3,2104400.0
TI00007753,TXN0002585,PROD00030,1,10909100.0
TI00007754,TXN0002585,PROD00049,2,244600.0
TI00007755,TXN0002585,PROD00038,3,3280700.0
TI00007756,TXN0002585,PROD00067,1,1694500.0
TI00007757,TXN0002586,PROD00085,3,262600.0
TI00007758,TXN0002587,PROD00177,2,228400.0
TI00007759,TXN0002587,PROD00165,1,242000.0
TI00007760,TXN0002587,PROD00016,3,167400.0
TI00007761,TXN0002587,PROD00139,3,621000.0
TI00007762,TXN0002587,PROD00013,1,1045000.0
TI00007763,TXN0002588,PROD00070,2,191800.0
TI00007764,TXN0002589,PROD00020,3,176500.0
TI00007765,TXN0002589,PROD00176,2,168200.0
TI00007766,TXN0002589,PROD00055,1,29300.0
TI00007767,TXN0002590,PROD00082,2,435600.0
TI00007768,TXN0002590,PROD00091,1,17600.0
TI00007769,TXN0002590,PROD00130,1,213000.0
TI00007770,TXN0002590,PROD00013,1,1045000.0
TI00007771,TXN0002591,PROD00073,4,55700.0
TI00007772,TXN0002591,PROD00115,3,1810600.0
TI00007773,TXN0002591,PROD00029,1,747300.0
TI00007774,TXN0002591,PROD00125,1,716900.0
TI00007775,TXN0002592,PROD00169,2,6358700.0
TI00007776,TXN0002592,PROD00027,4,124600.0
TI00007777,TXN0002592,PROD00104,1,179700.0
TI00007778,TXN0002592,PROD00156,4,117900.0
TI00007779,TXN0002593,PROD00133,4,521500.0
TI00007780,TXN0002593,PROD00100,1,546800.0
TI00007781,TXN0002593,PROD00109,1,3001900.0
TI00007782,TXN0002594,PROD00099,2,497200.0
TI00007783,TXN0002594,PROD00113,2,4916800.0
TI00007784,TXN0002594,PROD00092,2,198900.0
TI00007785,TXN0002594,PROD00149,4,370000.0
TI00007786,TXN0002595,PROD00086,2,8987800.0
TI00007787,TXN0002596,PROD00092,1,198900.0
TI00007788,TXN0002596,PROD00165,3,242000.0
TI00007789,TXN0002596,PROD00139,4,621000.0
TI00007790,TXN0002597,PROD00140,2,10502400.0
TI00007791,TXN0002597,PROD00095,3,428500.0
TI00007792,TXN0002598,PROD00131,4,2828000.0
TI00007793,TXN0002598,PROD00042,2,110400.0
TI00007794,TXN0002598,PROD00073,1,55700.0
TI00007795,TXN0002598,PROD00041,4,792800.0
TI00007796,TXN0002598,PROD00100,4,546800.0
TI00007797,TXN0002599,PROD00018,3,2056700.0
TI00007798,TXN0002600,PROD00110,2,130700.0
TI00007799,TXN0002600,PROD00141,1,527900.0
TI00007800,TXN0002600,PROD00125,2,716900.0
TI00007801,TXN0002600,PROD00155,1,277300.0
TI00007802,TXN0002601,PROD00046,2,314500.0
TI00007803,TXN0002601,PROD00123,3,520300.0
TI00007804,TXN0002601,PROD00099,3,497200.0
TI00007805,TXN0002601,PROD00111,1,5440300.0
TI00007806,TXN0002602,PROD00033,3,10971800.0
TI00007807,TXN0002602,PROD00133,4,521500.0
TI00007808,TXN0002602,PROD00095,1,428500.0
TI00007809,TXN0002603,PROD00120,4,283500.0
TI00007810,TXN0002603,PROD00049,2,244600.0
TI00007811,TXN0002603,PROD00002,1,1365600.0
TI00007812,TXN0002603,PROD00138,4,57200.0
TI00007813,TXN0002603,PROD00145,2,626300.0
TI00007814,TXN0002604,PROD00122,1,2205900.0
TI00007815,TXN0002604,PROD00121,3,190400.0
TI00007816,TXN0002604,PROD00117,2,188000.0
TI00007817,TXN0002604,PROD00030,3,10909100.0
TI00007818,TXN0002605,PROD00001,1,179800.0
TI00007819,TXN0002605,PROD00155,1,277300.0
TI00007820,TXN0002606,PROD00013,2,1045000.0
TI00007821,TXN0002607,PROD00076,3,609300.0
TI00007822,TXN0002607,PROD00173,4,67500.0
TI00007823,TXN0002608,PROD00121,1,190400.0
TI00007824,TXN0002608,PROD00025,4,57900.0
TI00007825,TXN0002608,PROD00159,1,3240200.0
TI00007826,TXN0002608,PROD00110,4,130700.0
TI00007827,TXN0002609,PROD00112,4,3050100.0
TI00007828,TXN0002609,PROD00090,3,838900.0
TI00007829,TXN0002609,PROD00103,1,499800.0
TI00007830,TXN0002609,PROD00104,4,179700.0
TI00007831,TXN0002609,PROD00117,2,188000.0
TI00007832,TXN0002610,PROD00005,2,613400.0
TI00007833,TXN0002610,PROD00158,2,488300.0
TI00007834,TXN0002610,PROD00094,3,365200.0
TI00007835,TXN0002611,PROD00175,2,99600.0
TI00007836,TXN0002611,PROD00094,2,365200.0
TI00007837,TXN0002611,PROD00051,2,752100.0
TI00007838,TXN0002611,PROD00118,1,97800.0
TI00007839,TXN0002612,PROD00063,4,631600.0
TI00007840,TXN0002612,PROD00160,1,297400.0
TI00007841,TXN0002612,PROD00004,3,1254300.0
TI00007842,TXN0002613,PROD00108,1,570800.0
TI00007843,TXN0002613,PROD00013,3,1045000.0
TI00007844,TXN0002614,PROD00030,1,10909100.0
TI00007845,TXN0002614,PROD00022,1,1337300.0
TI00007846,TXN0002614,PROD00085,1,262600.0
TI00007847,TXN0002614,PROD00010,4,675900.0
TI00007848,TXN0002614,PROD00180,2,96700.0
TI00007849,TXN0002615,PROD00035,4,3271400.0
TI00007850,TXN0002616,PROD00154,2,192800.0
TI00007851,TXN0002616,PROD00117,2,188000.0
TI00007852,TXN0002616,PROD00143,3,115300.0
TI00007853,TXN0002617,PROD00053,2,197800.0
TI00007854,TXN0002617,PROD00092,1,198900.0
TI00007855,TXN0002617,PROD00126,3,219500.0
TI00007856,TXN0002617,PROD00023,4,225100.0
TI00007857,TXN0002617,PROD00154,4,192800.0
TI00007858,TXN0002618,PROD00130,4,213000.0
TI00007859,TXN0002618,PROD00106,3,610900.0
TI00007860,TXN0002619,PROD00006,1,1710300.0
TI00007861,TXN0002619,PROD00054,4,1692000.0
TI00007862,TXN0002620,PROD00094,3,365200.0
TI00007863,TXN0002620,PROD00038,4,3280700.0
TI00007864,TXN0002620,PROD00133,3,521500.0
TI00007865,TXN0002620,PROD00037,3,718700.0
TI00007866,TXN0002621,PROD00075,1,382900.0
TI00007867,TXN0002621,PROD00001,1,179800.0
TI00007868,TXN0002622,PROD00101,4,11745100.0
TI00007869,TXN0002622,PROD00171,1,9207400.0
TI00007870,TXN0002622,PROD00013,3,1045000.0
TI00007871,TXN0002622,PROD00023,1,225100.0
TI00007872,TXN0002622,PROD00078,1,473100.0
TI00007873,TXN0002623,PROD00054,1,1692000.0
TI00007874,TXN0002623,PROD00037,4,718700.0
TI00007875,TXN0002623,PROD00127,2,172600.0
TI00007876,TXN0002624,PROD00108,4,570800.0
TI00007877,TXN0002624,PROD00168,2,54200.0
TI00007878,TXN0002624,PROD00056,1,246400.0
TI00007879,TXN0002625,PROD00014,1,2104400.0
TI00007880,TXN0002625,PROD00135,4,495100.0
TI00007881,TXN0002625,PROD00153,1,121800.0
TI00007882,TXN0002625,PROD00151,1,116700.0
TI00007883,TXN0002625,PROD00061,3,8063300.0
TI00007884,TXN0002626,PROD00135,2,495100.0
TI00007885,TXN0002626,PROD00165,3,242000.0
TI00007886,TXN0002627,PROD00140,1,10502400.0
TI00007887,TXN0002627,PROD00154,2,192800.0
TI00007888,TXN0002627,PROD00047,1,165600.0
TI00007889,TXN0002628,PROD00163,4,337100.0
TI00007890,TXN0002628,PROD00114,4,362300.0
TI00007891,TXN0002629,PROD00101,1,11745100.0
TI00007892,TXN0002629,PROD00044,1,2984700.0
TI00007893,TXN0002629,PROD00137,2,59500.0
TI00007894,TXN0002629,PROD00165,2,242000.0
TI00007895,TXN0002630,PROD00090,3,838900.0
TI00007896,TXN0002631,PROD00089,2,11224800.0
TI00007897,TXN0002632,PROD00010,3,675900.0
TI00007898,TXN0002633,PROD00003,4,623300.0
TI00007899,TXN0002633,PROD00157,4,6815900.0
TI00007900,TXN0002634,PROD00075,1,382900.0
TI00007901,TXN0002634,PROD00036,3,11966500.0
TI00007902,TXN0002634,PROD00025,2,57900.0
TI00007903,TXN0002634,PROD00143,4,115300.0
TI00007904,TXN0002634,PROD00150,2,874600.0
TI00007905,TXN0002635,PROD00027,4,124600.0
TI00007906,TXN0002636,PROD00131,4,2828000.0
TI00007907,TXN0002637,PROD00139,3,621000.0
TI00007908,TXN0002637,PROD00056,1,246400.0
TI00007909,TXN0002637,PROD00105,1,76100.0
TI00007910,TXN0002637,PROD00061,4,8063300.0
TI00007911,TXN0002637,PROD00111,2,5440300.0
TI00007912,TXN0002638,PROD00045,4,75500.0
TI00007913,TXN0002638,PROD00152,4,170900.0
TI00007914,TXN0002638,PROD00041,4,792800.0
TI00007915,TXN0002638,PROD00048,4,88700.0
TI00007916,TXN0002639,PROD00146,2,647500.0
TI00007917,TXN0002640,PROD00022,2,1337300.0
TI00007918,TXN0002640,PROD00102,1,171600.0
TI00007919,TXN0002640,PROD00084,4,1607800.0
TI00007920,TXN0002640,PROD00044,3,2984700.0
TI00007921,TXN0002641,PROD00145,2,626300.0
TI00007922,TXN0002641,PROD00138,3,57200.0
TI00007923,TXN0002641,PROD00028,3,497400.0
TI00007924,TXN0002642,PROD00112,4,3050100.0
TI00007925,TXN0002642,PROD00083,4,6771700.0
TI00007926,TXN0002643,PROD00049,3,244600.0
TI00007927,TXN0002643,PROD00143,1,115300.0
TI00007928,TXN0002643,PROD00095,1,428500.0
TI00007929,TXN0002643,PROD00137,3,59500.0
TI00007930,TXN0002643,PROD00007,1,456400.0
TI00007931,TXN0002644,PROD00085,2,262600.0
TI00007932,TXN0002644,PROD00124,1,11671600.0
TI00007933,TXN0002644,PROD00142,2,324600.0
TI00007934,TXN0002644,PROD00150,3,874600.0
TI00007935,TXN0002645,PROD00137,4,59500.0
TI00007936,TXN0002646,PROD00079,4,31800.0
TI00007937,TXN0002647,PROD00012,2,744700.0
TI00007938,TXN0002647,PROD00002,3,1365600.0
TI00007939,TXN0002647,PROD00155,3,277300.0
TI00007940,TXN0002648,PROD00144,4,2659900.0
TI00007941,TXN0002648,PROD00126,1,219500.0
TI00007942,TXN0002648,PROD00090,2,838900.0
TI00007943,TXN0002648,PROD00164,1,103200.0
TI00007944,TXN0002649,PROD00027,2,124600.0
TI00007945,TXN0002650,PROD00017,4,61400.0
TI00007946,TXN0002651,PROD00044,4,2984700.0
TI00007947,TXN0002651,PROD00147,3,229500.0
TI00007948,TXN0002651,PROD00006,2,1710300.0
TI00007949,TXN0002652,PROD00105,2,76100.0
TI00007950,TXN0002652,PROD00155,1,277300.0
TI00007951,TXN0002653,PROD00044,2,2984700.0
TI00007952,TXN0002653,PROD00011,1,810900.0
TI00007953,TXN0002653,PROD00004,2,1254300.0
TI00007954,TXN0002653,PROD00128,3,202200.0
TI00007955,TXN0002654,PROD00067,4,1694500.0
TI00007956,TXN0002654,PROD00180,3,96700.0
TI00007957,TXN0002655,PROD00127,3,172600.0
TI00007958,TXN0002655,PROD00177,3,228400.0
TI00007959,TXN0002655,PROD00024,4,595000.0
TI00007960,TXN0002656,PROD00066,4,162000.0
TI00007961,TXN0002656,PROD00013,2,1045000.0
TI00007962,TXN0002656,PROD00098,3,66400.0
TI00007963,TXN0002656,PROD00139,3,621000.0
TI00007964,TXN0002657,PROD00066,1,162000.0
TI00007965,TXN0002657,PROD00085,3,262600.0
TI00007966,TXN0002658,PROD00141,3,527900.0
TI00007967,TXN0002658,PROD00138,2,57200.0
TI00007968,TXN0002658,PROD00170,3,806200.0
TI00007969,TXN0002658,PROD00108,2,570800.0
TI00007970,TXN0002659,PROD00170,4,806200.0
TI00007971,TXN0002659,PROD00091,2,17600.0
TI00007972,TXN0002660,PROD00101,2,11745100.0
TI00007973,TXN0002660,PROD00077,2,37900.0
TI00007974,TXN0002660,PROD00133,1,521500.0
TI00007975,TXN0002660,PROD00081,4,41700.0
TI00007976,TXN0002661,PROD00121,2,190400.0
TI00007977,TXN0002661,PROD00002,2,1365600.0
TI00007978,TXN0002661,PROD00131,4,2828000.0
TI00007979,TXN0002661,PROD00156,2,117900.0
TI00007980,TXN0002661,PROD00075,3,382900.0
TI00007981,TXN0002662,PROD00092,1,198900.0
TI00007982,TXN0002663,PROD00093,1,2689800.0
TI00007983,TXN0002664,PROD00103,1,499800.0
TI00007984,TXN0002664,PROD00119,1,3450500.0
TI00007985,TXN0002664,PROD00043,4,223400.0
TI00007986,TXN0002665,PROD00179,4,1206500.0
TI00007987,TXN0002666,PROD00081,1,41700.0
TI00007988,TXN0002666,PROD00070,2,191800.0
TI00007989,TXN0002666,PROD00163,1,337100.0
TI00007990,TXN0002666,PROD00089,1,11224800.0
TI00007991,TXN0002666,PROD00171,4,9207400.0
TI00007992,TXN0002667,PROD00090,2,838900.0
TI00007993,TXN0002667,PROD00029,1,747300.0
TI00007994,TXN0002667,PROD00091,3,17600.0
TI00007995,TXN0002667,PROD00010,3,675900.0
TI00007996,TXN0002667,PROD00174,1,71600.0
TI00007997,TXN0002668,PROD00054,1,1692000.0
TI00007998,TXN0002668,PROD00088,2,220600.0
TI00007999,TXN0002668,PROD00059,4,3249400.0
TI00008000,TXN0002669,PROD00126,3,219500.0
TI00008001,TXN0002669,PROD00159,2,3240200.0
TI00008002,TXN0002670,PROD00029,2,747300.0
TI00008003,TXN0002671,PROD00008,2,86100.0
TI00008004,TXN0002671,PROD00071,4,501200.0
TI00008005,TXN0002671,PROD00043,3,223400.0
TI00008006,TXN0002671,PROD00103,2,499800.0
TI00008007,TXN0002671,PROD00092,4,198900.0
TI00008008,TXN0002672,PROD00171,1,9207400.0
TI00008009,TXN0002672,PROD00089,1,11224800.0
TI00008010,TXN0002673,PROD00058,3,1306500.0
TI00008011,TXN0002673,PROD00136,3,787800.0
TI00008012,TXN0002673,PROD00050,3,134700.0
TI00008013,TXN0002673,PROD00142,3,324600.0
TI00008014,TXN0002674,PROD00011,2,810900.0
TI00008015,TXN0002674,PROD00155,3,277300.0
TI00008016,TXN0002674,PROD00161,1,231200.0
TI00008017,TXN0002674,PROD00021,1,423700.0
TI00008018,TXN0002675,PROD00081,4,41700.0
TI00008019,TXN0002675,PROD00176,1,168200.0
TI00008020,TXN0002675,PROD00057,4,2101600.0
TI00008021,TXN0002676,PROD00140,4,10502400.0
TI00008022,TXN0002676,PROD00028,4,497400.0
TI00008023,TXN0002677,PROD00065,1,846500.0
TI00008024,TXN0002677,PROD00099,3,497200.0
TI00008025,TXN0002677,PROD00025,4,57900.0
TI00008026,TXN0002677,PROD00036,3,11966500.0
TI00008027,TXN0002678,PROD00026,1,1447900.0
TI00008028,TXN0002678,PROD00045,3,75500.0
TI00008029,TXN0002678,PROD00109,1,3001900.0
TI00008030,TXN0002679,PROD00041,1,792800.0
TI00008031,TXN0002679,PROD00004,4,1254300.0
TI00008032,TXN0002679,PROD00151,2,116700.0
TI00008033,TXN0002679,PROD00160,1,297400.0
TI00008034,TXN0002680,PROD00061,3,8063300.0
TI00008035,TXN0002681,PROD00016,3,167400.0
TI00008036,TXN0002681,PROD00080,2,204100.0
TI00008037,TXN0002681,PROD00086,2,8987800.0
TI00008038,TXN0002681,PROD00009,4,183500.0
TI00008039,TXN0002682,PROD00072,1,470400.0
TI00008040,TXN0002682,PROD00059,3,3249400.0
TI00008041,TXN0002683,PROD00167,2,79900.0
TI00008042,TXN0002683,PROD00039,3,1936200.0
TI00008043,TXN0002683,PROD00015,2,327100.0
TI00008044,TXN0002684,PROD00012,2,744700.0
TI00008045,TXN0002684,PROD00174,2,71600.0
TI00008046,TXN0002684,PROD00038,1,3280700.0
TI00008047,TXN0002685,PROD00121,3,190400.0
TI00008048,TXN0002685,PROD00093,4,2689800.0
TI00008049,TXN0002686,PROD00075,3,382900.0
TI00008050,TXN0002686,PROD00152,3,170900.0
TI00008051,TXN0002686,PROD00007,2,456400.0
TI00008052,TXN0002687,PROD00166,2,120600.0
TI00008053,TXN0002687,PROD00077,4,37900.0
TI00008054,TXN0002688,PROD00010,2,675900.0
TI00008055,TXN0002689,PROD00031,3,571800.0
TI00008056,TXN0002689,PROD00174,1,71600.0
TI00008057,TXN0002689,PROD00165,4,242000.0
TI00008058,TXN0002689,PROD00028,2,497400.0
TI00008059,TXN0002690,PROD00155,1,277300.0
TI00008060,TXN0002690,PROD00033,4,10971800.0
TI00008061,TXN0002690,PROD00100,2,546800.0
TI00008062,TXN0002690,PROD00087,2,86200.0
TI00008063,TXN0002691,PROD00022,2,1337300.0
TI00008064,TXN0002691,PROD00014,2,2104400.0
TI00008065,TXN0002691,PROD00129,1,67800.0
TI00008066,TXN0002691,PROD00126,2,219500.0
TI00008067,TXN0002691,PROD00059,4,3249400.0
TI00008068,TXN0002692,PROD00056,4,246400.0
TI00008069,TXN0002692,PROD00174,1,71600.0
TI00008070,TXN0002692,PROD00118,1,97800.0
TI00008071,TXN0002692,PROD00112,3,3050100.0
TI00008072,TXN0002693,PROD00125,3,716900.0
TI00008073,TXN0002693,PROD00001,3,179800.0
TI00008074,TXN0002693,PROD00114,1,362300.0
TI00008075,TXN0002693,PROD00165,3,242000.0
TI00008076,TXN0002694,PROD00071,1,501200.0
TI00008077,TXN0002694,PROD00082,2,435600.0
TI00008078,TXN0002694,PROD00014,1,2104400.0
TI00008079,TXN0002695,PROD00127,3,172600.0
TI00008080,TXN0002695,PROD00143,3,115300.0
TI00008081,TXN0002695,PROD00157,1,6815900.0
TI00008082,TXN0002695,PROD00009,2,183500.0
TI00008083,TXN0002695,PROD00055,3,29300.0
TI00008084,TXN0002696,PROD00102,1,171600.0
TI00008085,TXN0002696,PROD00013,3,1045000.0
TI00008086,TXN0002696,PROD00061,1,8063300.0
TI00008087,TXN0002696,PROD00167,2,79900.0
TI00008088,TXN0002697,PROD00138,2,57200.0
TI00008089,TXN0002698,PROD00012,1,744700.0
TI00008090,TXN0002699,PROD00115,1,1810600.0
TI00008091,TXN0002699,PROD00045,1,75500.0
TI00008092,TXN0002700,PROD00063,4,631600.0
TI00008093,TXN0002700,PROD00072,1,470400.0
TI00008094,TXN0002701,PROD00041,1,792800.0
TI00008095,TXN0002701,PROD00039,2,1936200.0
TI00008096,TXN0002701,PROD00001,2,179800.0
TI00008097,TXN0002702,PROD00051,1,752100.0
TI00008098,TXN0002702,PROD00176,4,168200.0
TI00008099,TXN0002702,PROD00020,2,176500.0
TI00008100,TXN0002702,PROD00173,4,67500.0
TI00008101,TXN0002702,PROD00100,1,546800.0
TI00008102,TXN0002703,PROD00174,4,71600.0
TI00008103,TXN0002703,PROD00171,2,9207400.0
TI00008104,TXN0002703,PROD00175,4,99600.0
TI00008105,TXN0002703,PROD00023,1,225100.0
TI00008106,TXN0002703,PROD00167,4,79900.0
TI00008107,TXN0002704,PROD00110,1,130700.0
TI00008108,TXN0002704,PROD00124,1,11671600.0
TI00008109,TXN0002704,PROD00048,3,88700.0
TI00008110,TXN0002704,PROD00012,2,744700.0
TI00008111,TXN0002705,PROD00117,1,188000.0
TI00008112,TXN0002706,PROD00168,3,54200.0
TI00008113,TXN0002707,PROD00118,3,97800.0
TI00008114,TXN0002707,PROD00002,1,1365600.0
TI00008115,TXN0002708,PROD00160,3,297400.0
TI00008116,TXN0002709,PROD00094,4,365200.0
TI00008117,TXN0002709,PROD00108,2,570800.0
TI00008118,TXN0002709,PROD00156,4,117900.0
TI00008119,TXN0002710,PROD00030,4,10909100.0
TI00008120,TXN0002710,PROD00154,4,192800.0
TI00008121,TXN0002710,PROD00048,1,88700.0
TI00008122,TXN0002710,PROD00117,2,188000.0
TI00008123,TXN0002711,PROD00129,3,67800.0
TI00008124,TXN0002711,PROD00107,4,75800.0
TI00008125,TXN0002711,PROD00037,1,718700.0
TI00008126,TXN0002711,PROD00109,2,3001900.0
TI00008127,TXN0002711,PROD00062,4,83600.0
TI00008128,TXN0002712,PROD00057,2,2101600.0
TI00008129,TXN0002712,PROD00007,4,456400.0
TI00008130,TXN0002712,PROD00096,1,366200.0
TI00008131,TXN0002712,PROD00094,2,365200.0
TI00008132,TXN0002712,PROD00127,4,172600.0
TI00008133,TXN0002713,PROD00036,3,11966500.0
TI00008134,TXN0002713,PROD00056,4,246400.0
TI00008135,TXN0002714,PROD00098,2,66400.0
TI00008136,TXN0002714,PROD00046,2,314500.0
TI00008137,TXN0002714,PROD00127,1,172600.0
TI00008138,TXN0002714,PROD00109,3,3001900.0
TI00008139,TXN0002715,PROD00107,2,75800.0
TI00008140,TXN0002715,PROD00025,1,57900.0
TI00008141,TXN0002715,PROD00176,3,168200.0
TI00008142,TXN0002715,PROD00077,2,37900.0
TI00008143,TXN0002716,PROD00137,3,59500.0
TI00008144,TXN0002716,PROD00108,4,570800.0
TI00008145,TXN0002716,PROD00054,1,1692000.0
TI00008146,TXN0002716,PROD00107,3,75800.0
TI00008147,TXN0002717,PROD00138,4,57200.0
TI00008148,TXN0002717,PROD00145,1,626300.0
TI00008149,TXN0002717,PROD00100,2,546800.0
TI00008150,TXN0002717,PROD00152,4,170900.0
TI00008151,TXN0002718,PROD00001,3,179800.0
TI00008152,TXN0002718,PROD00008,2,86100.0
TI00008153,TXN0002719,PROD00059,2,3249400.0
TI00008154,TXN0002719,PROD00177,2,228400.0
TI00008155,TXN0002719,PROD00021,1,423700.0
TI00008156,TXN0002719,PROD00089,2,11224800.0
TI00008157,TXN0002720,PROD00085,1,262600.0
TI00008158,TXN0002720,PROD00154,1,192800.0
TI00008159,TXN0002720,PROD00058,3,1306500.0
TI00008160,TXN0002720,PROD00072,1,470400.0
TI00008161,TXN0002721,PROD00149,1,370000.0
TI00008162,TXN0002721,PROD00025,4,57900.0
TI00008163,TXN0002722,PROD00041,2,792800.0
TI00008164,TXN0002722,PROD00072,1,470400.0
TI00008165,TXN0002722,PROD00123,1,520300.0
TI00008166,TXN0002722,PROD00032,1,359500.0
TI00008167,TXN0002722,PROD00133,4,521500.0
TI00008168,TXN0002723,PROD00123,3,520300.0
TI00008169,TXN0002724,PROD00148,4,272900.0
TI00008170,TXN0002724,PROD00123,1,520300.0
TI00008171,TXN0002724,PROD00073,3,55700.0
TI00008172,TXN0002725,PROD00029,3,747300.0
TI00008173,TXN0002726,PROD00107,1,75800.0
TI00008174,TXN0002726,PROD00092,1,198900.0
TI00008175,TXN0002726,PROD00133,1,521500.0
TI00008176,TXN0002727,PROD00055,4,29300.0
TI00008177,TXN0002727,PROD00162,2,532200.0
TI00008178,TXN0002727,PROD00176,1,168200.0
TI00008179,TXN0002727,PROD00081,4,41700.0
TI00008180,TXN0002728,PROD00094,4,365200.0
TI00008181,TXN0002728,PROD00091,1,17600.0
TI00008182,TXN0002728,PROD00115,4,1810600.0
TI00008183,TXN0002728,PROD00046,3,314500.0
TI00008184,TXN0002729,PROD00144,2,2659900.0
TI00008185,TXN0002729,PROD00130,1,213000.0
TI00008186,TXN0002729,PROD00019,4,353800.0
TI00008187,TXN0002729,PROD00023,2,225100.0
TI00008188,TXN0002730,PROD00128,1,202200.0
TI00008189,TXN0002731,PROD00049,2,244600.0
TI00008190,TXN0002731,PROD00175,1,99600.0
TI00008191,TXN0002731,PROD00179,4,1206500.0
TI00008192,TXN0002732,PROD00020,3,176500.0
TI00008193,TXN0002732,PROD00121,3,190400.0
TI00008194,TXN0002733,PROD00015,3,327100.0
TI00008195,TXN0002733,PROD00063,3,631600.0
TI00008196,TXN0002733,PROD00122,3,2205900.0
TI00008197,TXN0002733,PROD00173,3,67500.0
TI00008198,TXN0002733,PROD00042,2,110400.0
TI00008199,TXN0002734,PROD00151,3,116700.0
TI00008200,TXN0002734,PROD00141,2,527900.0
TI00008201,TXN0002734,PROD00032,2,359500.0
TI00008202,TXN0002734,PROD00040,2,3685900.0
TI00008203,TXN0002734,PROD00124,3,11671600.0
TI00008204,TXN0002735,PROD00070,2,191800.0
TI00008205,TXN0002735,PROD00018,3,2056700.0
TI00008206,TXN0002735,PROD00154,1,192800.0
TI00008207,TXN0002735,PROD00180,3,96700.0
TI00008208,TXN0002736,PROD00028,2,497400.0
TI00008209,TXN0002736,PROD00047,4,165600.0
TI00008210,TXN0002737,PROD00060,3,218600.0
TI00008211,TXN0002737,PROD00147,3,229500.0
TI00008212,TXN0002737,PROD00154,1,192800.0
TI00008213,TXN0002737,PROD00067,2,1694500.0
TI00008214,TXN0002738,PROD00060,4,218600.0
TI00008215,TXN0002738,PROD00025,2,57900.0
TI00008216,TXN0002738,PROD00081,1,41700.0
TI00008217,TXN0002739,PROD00154,3,192800.0
TI00008218,TXN0002739,PROD00103,1,499800.0
TI00008219,TXN0002739,PROD00134,4,1383900.0
TI00008220,TXN0002739,PROD00170,3,806200.0
TI00008221,TXN0002740,PROD00119,2,3450500.0
TI00008222,TXN0002740,PROD00035,1,3271400.0
TI00008223,TXN0002740,PROD00162,4,532200.0
TI00008224,TXN0002740,PROD00072,4,470400.0
TI00008225,TXN0002740,PROD00009,2,183500.0
TI00008226,TXN0002741,PROD00108,4,570800.0
TI00008227,TXN0002742,PROD00053,2,197800.0
TI00008228,TXN0002743,PROD00116,2,561100.0
TI00008229,TXN0002743,PROD00008,1,86100.0
TI00008230,TXN0002743,PROD00123,4,520300.0
TI00008231,TXN0002743,PROD00178,2,55100.0
TI00008232,TXN0002744,PROD00079,2,31800.0
TI00008233,TXN0002744,PROD00034,2,1485900.0
TI00008234,TXN0002745,PROD00135,2,495100.0
TI00008235,TXN0002745,PROD00059,2,3249400.0
TI00008236,TXN0002745,PROD00016,2,167400.0
TI00008237,TXN0002745,PROD00106,4,610900.0
TI00008238,TXN0002745,PROD00173,3,67500.0
TI00008239,TXN0002746,PROD00167,3,79900.0
TI00008240,TXN0002747,PROD00076,3,609300.0
TI00008241,TXN0002747,PROD00142,2,324600.0
TI00008242,TXN0002748,PROD00063,3,631600.0
TI00008243,TXN0002748,PROD00095,4,428500.0
TI00008244,TXN0002748,PROD00002,4,1365600.0
TI00008245,TXN0002749,PROD00110,3,130700.0
TI00008246,TXN0002749,PROD00169,1,6358700.0
TI00008247,TXN0002749,PROD00017,3,61400.0
TI00008248,TXN0002749,PROD00087,1,86200.0
TI00008249,TXN0002749,PROD00107,3,75800.0
TI00008250,TXN0002750,PROD00159,1,3240200.0
TI00008251,TXN0002750,PROD00139,2,621000.0
TI00008252,TXN0002751,PROD00077,1,37900.0
TI00008253,TXN0002751,PROD00084,1,1607800.0
TI00008254,TXN0002752,PROD00020,2,176500.0
TI00008255,TXN0002752,PROD00171,3,9207400.0
TI00008256,TXN0002752,PROD00019,4,353800.0
TI00008257,TXN0002752,PROD00007,3,456400.0
TI00008258,TXN0002753,PROD00152,4,170900.0
TI00008259,TXN0002753,PROD00045,4,75500.0
TI00008260,TXN0002753,PROD00010,4,675900.0
TI00008261,TXN0002753,PROD00163,4,337100.0
TI00008262,TXN0002753,PROD00062,4,83600.0
TI00008263,TXN0002754,PROD00060,1,218600.0
TI00008264,TXN0002754,PROD00138,3,57200.0
TI00008265,TXN0002754,PROD00099,1,497200.0
TI00008266,TXN0002755,PROD00156,1,117900.0
TI00008267,TXN0002755,PROD00174,2,71600.0
TI00008268,TXN0002756,PROD00168,3,54200.0
TI00008269,TXN0002756,PROD00162,1,532200.0
TI00008270,TXN0002756,PROD00039,4,1936200.0
TI00008271,TXN0002757,PROD00070,2,191800.0
TI00008272,TXN0002757,PROD00105,2,76100.0
TI00008273,TXN0002758,PROD00155,4,277300.0
TI00008274,TXN0002758,PROD00059,3,3249400.0
TI00008275,TXN0002758,PROD00061,1,8063300.0
TI00008276,TXN0002758,PROD00066,4,162000.0
TI00008277,TXN0002758,PROD00054,4,1692000.0
TI00008278,TXN0002759,PROD00112,2,3050100.0
TI00008279,TXN0002759,PROD00093,2,2689800.0
TI00008280,TXN0002759,PROD00074,4,99400.0
TI00008281,TXN0002759,PROD00045,2,75500.0
TI00008282,TXN0002759,PROD00073,3,55700.0
TI00008283,TXN0002760,PROD00069,3,145200.0
TI00008284,TXN0002760,PROD00053,2,197800.0
TI00008285,TXN0002760,PROD00088,3,220600.0
TI00008286,TXN0002760,PROD00006,3,1710300.0
TI00008287,TXN0002761,PROD00146,4,647500.0
TI00008288,TXN0002761,PROD00110,3,130700.0
TI00008289,TXN0002762,PROD00154,4,192800.0
TI00008290,TXN0002762,PROD00025,3,57900.0
TI00008291,TXN0002762,PROD00121,1,190400.0
TI00008292,TXN0002763,PROD00002,3,1365600.0
TI00008293,TXN0002763,PROD00010,3,675900.0
TI00008294,TXN0002764,PROD00117,4,188000.0
TI00008295,TXN0002764,PROD00055,4,29300.0
TI00008296,TXN0002764,PROD00071,4,501200.0
TI00008297,TXN0002764,PROD00073,4,55700.0
TI00008298,TXN0002764,PROD00157,4,6815900.0
TI00008299,TXN0002765,PROD00067,1,1694500.0
TI00008300,TXN0002765,PROD00117,4,188000.0
TI00008301,TXN0002765,PROD00005,1,613400.0
TI00008302,TXN0002765,PROD00105,4,76100.0
TI00008303,TXN0002765,PROD00180,1,96700.0
TI00008304,TXN0002766,PROD00113,3,4916800.0
TI00008305,TXN0002766,PROD00022,4,1337300.0
TI00008306,TXN0002766,PROD00021,1,423700.0
TI00008307,TXN0002766,PROD00007,3,456400.0
TI00008308,TXN0002766,PROD00056,4,246400.0
TI00008309,TXN0002767,PROD00084,1,1607800.0
TI00008310,TXN0002767,PROD00001,4,179800.0
TI00008311,TXN0002767,PROD00168,1,54200.0
TI00008312,TXN0002767,PROD00087,1,86200.0
TI00008313,TXN0002768,PROD00053,2,197800.0
TI00008314,TXN0002768,PROD00073,3,55700.0
TI00008315,TXN0002769,PROD00084,3,1607800.0
TI00008316,TXN0002769,PROD00005,4,613400.0
TI00008317,TXN0002769,PROD00072,4,470400.0
TI00008318,TXN0002769,PROD00083,2,6771700.0
TI00008319,TXN0002769,PROD00166,4,120600.0
TI00008320,TXN0002770,PROD00035,3,3271400.0
TI00008321,TXN0002771,PROD00121,2,190400.0
TI00008322,TXN0002772,PROD00077,1,37900.0
TI00008323,TXN0002773,PROD00175,2,99600.0
TI00008324,TXN0002774,PROD00097,1,2301200.0
TI00008325,TXN0002774,PROD00078,4,473100.0
TI00008326,TXN0002775,PROD00147,1,229500.0
TI00008327,TXN0002775,PROD00063,4,631600.0
TI00008328,TXN0002775,PROD00105,2,76100.0
TI00008329,TXN0002776,PROD00057,1,2101600.0
TI00008330,TXN0002776,PROD00005,1,613400.0
TI00008331,TXN0002776,PROD00022,2,1337300.0
TI00008332,TXN0002777,PROD00097,2,2301200.0
TI00008333,TXN0002777,PROD00154,1,192800.0
TI00008334,TXN0002777,PROD00086,3,8987800.0
TI00008335,TXN0002777,PROD00022,3,1337300.0
TI00008336,TXN0002777,PROD00157,2,6815900.0
TI00008337,TXN0002778,PROD00135,1,495100.0
TI00008338,TXN0002778,PROD00097,2,2301200.0
TI00008339,TXN0002778,PROD00122,4,2205900.0
TI00008340,TXN0002779,PROD00056,3,246400.0
TI00008341,TXN0002779,PROD00065,2,846500.0
TI00008342,TXN0002779,PROD00078,3,473100.0
TI00008343,TXN0002779,PROD00175,4,99600.0
TI00008344,TXN0002780,PROD00097,1,2301200.0
TI00008345,TXN0002780,PROD00063,2,631600.0
TI00008346,TXN0002780,PROD00060,2,218600.0
TI00008347,TXN0002780,PROD00027,2,124600.0
TI00008348,TXN0002780,PROD00138,3,57200.0
TI00008349,TXN0002781,PROD00023,2,225100.0
TI00008350,TXN0002781,PROD00123,1,520300.0
TI00008351,TXN0002781,PROD00013,4,1045000.0
TI00008352,TXN0002781,PROD00115,3,1810600.0
TI00008353,TXN0002782,PROD00119,4,3450500.0
TI00008354,TXN0002782,PROD00110,2,130700.0
TI00008355,TXN0002782,PROD00045,4,75500.0
TI00008356,TXN0002783,PROD00131,4,2828000.0
TI00008357,TXN0002784,PROD00157,3,6815900.0
TI00008358,TXN0002784,PROD00070,2,191800.0
TI00008359,TXN0002784,PROD00176,3,168200.0
TI00008360,TXN0002785,PROD00151,2,116700.0
TI00008361,TXN0002785,PROD00091,4,17600.0
TI00008362,TXN0002786,PROD00008,4,86100.0
TI00008363,TXN0002786,PROD00062,4,83600.0
TI00008364,TXN0002786,PROD00122,4,2205900.0
TI00008365,TXN0002787,PROD00007,1,456400.0
TI00008366,TXN0002787,PROD00068,4,189500.0
TI00008367,TXN0002787,PROD00039,4,1936200.0
TI00008368,TXN0002788,PROD00079,4,31800.0
TI00008369,TXN0002789,PROD00121,2,190400.0
TI00008370,TXN0002789,PROD00054,1,1692000.0
TI00008371,TXN0002789,PROD00167,1,79900.0
TI00008372,TXN0002790,PROD00147,3,229500.0
TI00008373,TXN0002791,PROD00096,2,366200.0
TI00008374,TXN0002791,PROD00102,2,171600.0
TI00008375,TXN0002791,PROD00092,3,198900.0
TI00008376,TXN0002791,PROD00130,3,213000.0
TI00008377,TXN0002792,PROD00086,2,8987800.0
TI00008378,TXN0002792,PROD00168,3,54200.0
TI00008379,TXN0002792,PROD00169,2,6358700.0
TI00008380,TXN0002792,PROD00109,2,3001900.0
TI00008381,TXN0002792,PROD00094,2,365200.0
TI00008382,TXN0002793,PROD00010,3,675900.0
TI00008383,TXN0002794,PROD00021,3,423700.0
TI00008384,TXN0002794,PROD00018,4,2056700.0
TI00008385,TXN0002794,PROD00016,1,167400.0
TI00008386,TXN0002794,PROD00063,1,631600.0
TI00008387,TXN0002794,PROD00079,4,31800.0
TI00008388,TXN0002795,PROD00027,4,124600.0
TI00008389,TXN0002795,PROD00175,3,99600.0
TI00008390,TXN0002795,PROD00082,4,435600.0
TI00008391,TXN0002795,PROD00129,4,67800.0
TI00008392,TXN0002795,PROD00056,1,246400.0
TI00008393,TXN0002796,PROD00024,4,595000.0
TI00008394,TXN0002796,PROD00131,4,2828000.0
TI00008395,TXN0002796,PROD00165,1,242000.0
TI00008396,TXN0002796,PROD00166,3,120600.0
TI00008397,TXN0002797,PROD00172,2,162600.0
TI00008398,TXN0002797,PROD00167,1,79900.0
TI00008399,TXN0002797,PROD00099,3,497200.0
TI00008400,TXN0002797,PROD00141,2,527900.0
TI00008401,TXN0002798,PROD00165,2,242000.0
TI00008402,TXN0002798,PROD00159,2,3240200.0
TI00008403,TXN0002798,PROD00018,1,2056700.0
TI00008404,TXN0002798,PROD00071,2,501200.0
TI00008405,TXN0002798,PROD00043,2,223400.0
TI00008406,TXN0002799,PROD00005,4,613400.0
TI00008407,TXN0002799,PROD00081,2,41700.0
TI00008408,TXN0002799,PROD00072,4,470400.0
TI00008409,TXN0002800,PROD00091,1,17600.0
TI00008410,TXN0002801,PROD00009,2,183500.0
TI00008411,TXN0002801,PROD00079,2,31800.0
TI00008412,TXN0002801,PROD00125,1,716900.0
TI00008413,TXN0002801,PROD00116,3,561100.0
TI00008414,TXN0002802,PROD00043,3,223400.0
TI00008415,TXN0002802,PROD00067,3,1694500.0
TI00008416,TXN0002802,PROD00117,2,188000.0
TI00008417,TXN0002803,PROD00156,1,117900.0
TI00008418,TXN0002803,PROD00068,1,189500.0
TI00008419,TXN0002803,PROD00073,2,55700.0
TI00008420,TXN0002804,PROD00166,4,120600.0
TI00008421,TXN0002804,PROD00058,4,1306500.0
TI00008422,TXN0002804,PROD00092,3,198900.0
TI00008423,TXN0002804,PROD00022,4,1337300.0
TI00008424,TXN0002805,PROD00053,1,197800.0
TI00008425,TXN0002806,PROD00020,2,176500.0
TI00008426,TXN0002806,PROD00130,1,213000.0
TI00008427,TXN0002806,PROD00173,2,67500.0
TI00008428,TXN0002807,PROD00051,3,752100.0
TI00008429,TXN0002807,PROD00069,1,145200.0
TI00008430,TXN0002807,PROD00108,3,570800.0
TI00008431,TXN0002808,PROD00135,1,495100.0
TI00008432,TXN0002808,PROD00138,4,57200.0
TI00008433,TXN0002808,PROD00094,3,365200.0
TI00008434,TXN0002808,PROD00164,3,103200.0
TI00008435,TXN0002808,PROD00043,1,223400.0
TI00008436,TXN0002809,PROD00174,4,71600.0
TI00008437,TXN0002809,PROD00020,3,176500.0
TI00008438,TXN0002809,PROD00044,3,2984700.0
TI00008439,TXN0002810,PROD00089,2,11224800.0
TI00008440,TXN0002810,PROD00159,1,3240200.0
TI00008441,TXN0002810,PROD00046,2,314500.0
TI00008442,TXN0002810,PROD00056,3,246400.0
TI00008443,TXN0002811,PROD00011,3,810900.0
TI00008444,TXN0002811,PROD00015,4,327100.0
TI00008445,TXN0002811,PROD00051,2,752100.0
TI00008446,TXN0002811,PROD00137,3,59500.0
TI00008447,TXN0002811,PROD00017,2,61400.0
TI00008448,TXN0002812,PROD00027,3,124600.0
TI00008449,TXN0002812,PROD00177,4,228400.0
TI00008450,TXN0002813,PROD00151,1,116700.0
TI00008451,TXN0002814,PROD00081,1,41700.0
TI00008452,TXN0002814,PROD00040,1,3685900.0
TI00008453,TXN0002814,PROD00121,3,190400.0
TI00008454,TXN0002814,PROD00050,4,134700.0
TI00008455,TXN0002814,PROD00076,1,609300.0
TI00008456,TXN0002815,PROD00086,3,8987800.0
TI00008457,TXN0002816,PROD00010,1,675900.0
TI00008458,TXN0002816,PROD00049,3,244600.0
TI00008459,TXN0002817,PROD00113,1,4916800.0
TI00008460,TXN0002817,PROD00137,1,59500.0
TI00008461,TXN0002817,PROD00023,4,225100.0
TI00008462,TXN0002817,PROD00172,3,162600.0
TI00008463,TXN0002818,PROD00082,4,435600.0
TI00008464,TXN0002818,PROD00117,2,188000.0
TI00008465,TXN0002818,PROD00105,3,76100.0
TI00008466,TXN0002819,PROD00143,2,115300.0
TI00008467,TXN0002820,PROD00158,2,488300.0
TI00008468,TXN0002820,PROD00154,1,192800.0
TI00008469,TXN0002820,PROD00069,4,145200.0
TI00008470,TXN0002820,PROD00088,3,220600.0
TI00008471,TXN0002821,PROD00027,4,124600.0
TI00008472,TXN0002821,PROD00178,1,55100.0
TI00008473,TXN0002821,PROD00098,1,66400.0
TI00008474,TXN0002821,PROD00165,1,242000.0
TI00008475,TXN0002822,PROD00041,3,792800.0
TI00008476,TXN0002822,PROD00171,2,9207400.0
TI00008477,TXN0002823,PROD00037,1,718700.0
TI00008478,TXN0002823,PROD00107,4,75800.0
TI00008479,TXN0002823,PROD00129,3,67800.0
TI00008480,TXN0002823,PROD00033,4,10971800.0
TI00008481,TXN0002823,PROD00039,2,1936200.0
TI00008482,TXN0002824,PROD00008,2,86100.0
TI00008483,TXN0002824,PROD00136,3,787800.0
TI00008484,TXN0002825,PROD00089,2,11224800.0
TI00008485,TXN0002826,PROD00142,4,324600.0
TI00008486,TXN0002826,PROD00161,1,231200.0
TI00008487,TXN0002827,PROD00012,4,744700.0
TI00008488,TXN0002828,PROD00158,3,488300.0
TI00008489,TXN0002828,PROD00127,2,172600.0
TI00008490,TXN0002828,PROD00033,4,10971800.0
TI00008491,TXN0002829,PROD00090,1,838900.0
TI00008492,TXN0002829,PROD00023,3,225100.0
TI00008493,TXN0002829,PROD00076,1,609300.0
TI00008494,TXN0002829,PROD00086,2,8987800.0
TI00008495,TXN0002829,PROD00048,4,88700.0
TI00008496,TXN0002830,PROD00074,1,99400.0
TI00008497,TXN0002831,PROD00092,4,198900.0
TI00008498,TXN0002831,PROD00077,4,37900.0
TI00008499,TXN0002831,PROD00123,3,520300.0
TI00008500,TXN0002831,PROD00068,1,189500.0
TI00008501,TXN0002832,PROD00022,3,1337300.0
TI00008502,TXN0002832,PROD00163,4,337100.0
TI00008503,TXN0002832,PROD00129,4,67800.0
TI00008504,TXN0002833,PROD00025,4,57900.0
TI00008505,TXN0002834,PROD00057,4,2101600.0
TI00008506,TXN0002834,PROD00132,4,6814300.0
TI00008507,TXN0002835,PROD00179,1,1206500.0
TI00008508,TXN0002835,PROD00158,2,488300.0
TI00008509,TXN0002835,PROD00160,4,297400.0
TI00008510,TXN0002835,PROD00061,1,8063300.0
TI00008511,TXN0002836,PROD00006,4,1710300.0
TI00008512,TXN0002836,PROD00023,1,225100.0
TI00008513,TXN0002836,PROD00026,3,1447900.0
TI00008514,TXN0002836,PROD00050,4,134700.0
TI00008515,TXN0002836,PROD00143,3,115300.0
TI00008516,TXN0002837,PROD00158,2,488300.0
TI00008517,TXN0002837,PROD00004,3,1254300.0
TI00008518,TXN0002837,PROD00055,1,29300.0
TI00008519,TXN0002837,PROD00131,3,2828000.0
TI00008520,TXN0002837,PROD00005,3,613400.0
TI00008521,TXN0002838,PROD00075,3,382900.0
TI00008522,TXN0002838,PROD00079,4,31800.0
TI00008523,TXN0002838,PROD00019,1,353800.0
TI00008524,TXN0002838,PROD00151,3,116700.0
TI00008525,TXN0002838,PROD00032,2,359500.0
TI00008526,TXN0002839,PROD00092,1,198900.0
TI00008527,TXN0002839,PROD00024,3,595000.0
TI00008528,TXN0002839,PROD00105,2,76100.0
TI00008529,TXN0002839,PROD00122,2,2205900.0
TI00008530,TXN0002839,PROD00056,4,246400.0
TI00008531,TXN0002840,PROD00133,3,521500.0
TI00008532,TXN0002840,PROD00104,4,179700.0
TI00008533,TXN0002840,PROD00161,2,231200.0
TI00008534,TXN0002840,PROD00136,2,787800.0
TI00008535,TXN0002840,PROD00106,3,610900.0
TI00008536,TXN0002841,PROD00135,1,495100.0
TI00008537,TXN0002841,PROD00043,1,223400.0
TI00008538,TXN0002842,PROD00054,3,1692000.0
TI00008539,TXN0002842,PROD00011,4,810900.0
TI00008540,TXN0002842,PROD00112,3,3050100.0
TI00008541,TXN0002843,PROD00164,4,103200.0
TI00008542,TXN0002843,PROD00127,3,172600.0
TI00008543,TXN0002843,PROD00129,3,67800.0
TI00008544,TXN0002843,PROD00005,2,613400.0
TI00008545,TXN0002844,PROD00084,1,1607800.0
TI00008546,TXN0002844,PROD00148,2,272900.0
TI00008547,TXN0002844,PROD00122,3,2205900.0
TI00008548,TXN0002844,PROD00086,2,8987800.0
TI00008549,TXN0002844,PROD00038,1,3280700.0
TI00008550,TXN0002845,PROD00176,2,168200.0
TI00008551,TXN0002845,PROD00085,4,262600.0
TI00008552,TXN0002845,PROD00154,3,192800.0
TI00008553,TXN0002846,PROD00176,1,168200.0
TI00008554,TXN0002847,PROD00176,3,168200.0
TI00008555,TXN0002847,PROD00041,1,792800.0
TI00008556,TXN0002847,PROD00110,1,130700.0
TI00008557,TXN0002847,PROD00114,4,362300.0
TI00008558,TXN0002848,PROD00058,4,1306500.0
TI00008559,TXN0002848,PROD00069,3,145200.0
TI00008560,TXN0002848,PROD00157,3,6815900.0
TI00008561,TXN0002849,PROD00080,4,204100.0
TI00008562,TXN0002849,PROD00029,4,747300.0
TI00008563,TXN0002849,PROD00157,2,6815900.0
TI00008564,TXN0002849,PROD00104,1,179700.0
TI00008565,TXN0002850,PROD00090,2,838900.0
TI00008566,TXN0002850,PROD00130,1,213000.0
TI00008567,TXN0002851,PROD00022,3,1337300.0
TI00008568,TXN0002852,PROD00038,3,3280700.0
TI00008569,TXN0002852,PROD00033,2,10971800.0
TI00008570,TXN0002852,PROD00135,3,495100.0
TI00008571,TXN0002853,PROD00106,3,610900.0
TI00008572,TXN0002853,PROD00142,4,324600.0
TI00008573,TXN0002853,PROD00013,1,1045000.0
TI00008574,TXN0002853,PROD00146,1,647500.0
TI00008575,TXN0002854,PROD00003,3,623300.0
TI00008576,TXN0002854,PROD00053,1,197800.0
TI00008577,TXN0002854,PROD00051,1,752100.0
TI00008578,TXN0002855,PROD00113,3,4916800.0
TI00008579,TXN0002855,PROD00062,4,83600.0
TI00008580,TXN0002856,PROD00089,3,11224800.0
TI00008581,TXN0002857,PROD00150,4,874600.0
TI00008582,TXN0002857,PROD00040,1,3685900.0
TI00008583,TXN0002858,PROD00104,2,179700.0
TI00008584,TXN0002858,PROD00163,4,337100.0
TI00008585,TXN0002858,PROD00180,2,96700.0
TI00008586,TXN0002859,PROD00053,3,197800.0
TI00008587,TXN0002859,PROD00102,1,171600.0
TI00008588,TXN0002859,PROD00179,1,1206500.0
TI00008589,TXN0002860,PROD00105,2,76100.0
TI00008590,TXN0002860,PROD00114,3,362300.0
TI00008591,TXN0002860,PROD00161,1,231200.0
TI00008592,TXN0002861,PROD00143,1,115300.0
TI00008593,TXN0002861,PROD00063,4,631600.0
TI00008594,TXN0002862,PROD00023,4,225100.0
TI00008595,TXN0002862,PROD00041,2,792800.0
TI00008596,TXN0002863,PROD00156,4,117900.0
TI00008597,TXN0002863,PROD00095,4,428500.0
TI00008598,TXN0002864,PROD00102,1,171600.0
TI00008599,TXN0002864,PROD00001,4,179800.0
TI00008600,TXN0002864,PROD00115,3,1810600.0
TI00008601,TXN0002865,PROD00124,2,11671600.0
TI00008602,TXN0002865,PROD00096,3,366200.0
TI00008603,TXN0002865,PROD00095,3,428500.0
TI00008604,TXN0002865,PROD00018,1,2056700.0
TI00008605,TXN0002866,PROD00087,1,86200.0
TI00008606,TXN0002866,PROD00053,4,197800.0
TI00008607,TXN0002867,PROD00134,2,1383900.0
TI00008608,TXN0002867,PROD00173,3,67500.0
TI00008609,TXN0002868,PROD00114,3,362300.0
TI00008610,TXN0002868,PROD00112,1,3050100.0
TI00008611,TXN0002868,PROD00090,4,838900.0
TI00008612,TXN0002868,PROD00098,1,66400.0
TI00008613,TXN0002869,PROD00157,2,6815900.0
TI00008614,TXN0002869,PROD00068,3,189500.0
TI00008615,TXN0002869,PROD00167,2,79900.0
TI00008616,TXN0002870,PROD00169,4,6358700.0
TI00008617,TXN0002870,PROD00127,2,172600.0
TI00008618,TXN0002870,PROD00027,2,124600.0
TI00008619,TXN0002870,PROD00087,1,86200.0
TI00008620,TXN0002871,PROD00014,3,2104400.0
TI00008621,TXN0002871,PROD00125,1,716900.0
TI00008622,TXN0002871,PROD00104,3,179700.0
TI00008623,TXN0002871,PROD00178,2,55100.0
TI00008624,TXN0002871,PROD00062,3,83600.0
TI00008625,TXN0002872,PROD00170,1,806200.0
TI00008626,TXN0002873,PROD00059,2,3249400.0
TI00008627,TXN0002873,PROD00074,1,99400.0
TI00008628,TXN0002873,PROD00158,3,488300.0
TI00008629,TXN0002873,PROD00068,4,189500.0
TI00008630,TXN0002874,PROD00087,3,86200.0
TI00008631,TXN0002874,PROD00103,3,499800.0
TI00008632,TXN0002874,PROD00066,4,162000.0
TI00008633,TXN0002874,PROD00027,3,124600.0
TI00008634,TXN0002874,PROD00058,1,1306500.0
TI00008635,TXN0002875,PROD00159,3,3240200.0
TI00008636,TXN0002875,PROD00171,2,9207400.0
TI00008637,TXN0002876,PROD00094,3,365200.0
TI00008638,TXN0002876,PROD00096,4,366200.0
TI00008639,TXN0002876,PROD00090,3,838900.0
TI00008640,TXN0002876,PROD00142,4,324600.0
TI00008641,TXN0002876,PROD00005,3,613400.0
TI00008642,TXN0002877,PROD00104,3,179700.0
TI00008643,TXN0002877,PROD00012,1,744700.0
TI00008644,TXN0002877,PROD00040,2,3685900.0
TI00008645,TXN0002877,PROD00136,4,787800.0
TI00008646,TXN0002878,PROD00168,3,54200.0
TI00008647,TXN0002878,PROD00164,4,103200.0
TI00008648,TXN0002879,PROD00120,1,283500.0
TI00008649,TXN0002880,PROD00172,2,162600.0
TI00008650,TXN0002880,PROD00152,3,170900.0
TI00008651,TXN0002880,PROD00126,1,219500.0
TI00008652,TXN0002880,PROD00178,3,55100.0
TI00008653,TXN0002881,PROD00011,4,810900.0
TI00008654,TXN0002881,PROD00133,3,521500.0
TI00008655,TXN0002881,PROD00056,3,246400.0
TI00008656,TXN0002882,PROD00119,1,3450500.0
TI00008657,TXN0002883,PROD00118,3,97800.0
TI00008658,TXN0002884,PROD00113,1,4916800.0
TI00008659,TXN0002885,PROD00166,4,120600.0
TI00008660,TXN0002885,PROD00070,2,191800.0
TI00008661,TXN0002885,PROD00148,3,272900.0
TI00008662,TXN0002885,PROD00009,3,183500.0
TI00008663,TXN0002885,PROD00126,1,219500.0
TI00008664,TXN0002886,PROD00061,4,8063300.0
TI00008665,TXN0002886,PROD00171,4,9207400.0
TI00008666,TXN0002886,PROD00141,2,527900.0
TI00008667,TXN0002886,PROD00150,3,874600.0
TI00008668,TXN0002886,PROD00109,2,3001900.0
TI00008669,TXN0002887,PROD00095,3,428500.0
TI00008670,TXN0002887,PROD00173,4,67500.0
TI00008671,TXN0002888,PROD00117,2,188000.0
TI00008672,TXN0002889,PROD00022,3,1337300.0
TI00008673,TXN0002889,PROD00055,1,29300.0
TI00008674,TXN0002889,PROD00060,2,218600.0
TI00008675,TXN0002890,PROD00049,4,244600.0
TI00008676,TXN0002890,PROD00013,3,1045000.0
TI00008677,TXN0002890,PROD00155,2,277300.0
TI00008678,TXN0002891,PROD00158,4,488300.0
TI00008679,TXN0002891,PROD00059,2,3249400.0
TI00008680,TXN0002891,PROD00111,3,5440300.0
TI00008681,TXN0002892,PROD00017,1,61400.0
TI00008682,TXN0002892,PROD00178,2,55100.0
TI00008683,TXN0002892,PROD00069,1,145200.0
TI00008684,TXN0002892,PROD00134,1,1383900.0
TI00008685,TXN0002893,PROD00161,2,231200.0
TI00008686,TXN0002893,PROD00112,4,3050100.0
TI00008687,TXN0002893,PROD00094,1,365200.0
TI00008688,TXN0002894,PROD00047,2,165600.0
TI00008689,TXN0002894,PROD00172,4,162600.0
TI00008690,TXN0002894,PROD00107,3,75800.0
TI00008691,TXN0002895,PROD00134,1,1383900.0
TI00008692,TXN0002895,PROD00100,2,546800.0
TI00008693,TXN0002895,PROD00110,2,130700.0
TI00008694,TXN0002895,PROD00150,2,874600.0
TI00008695,TXN0002895,PROD00027,2,124600.0
TI00008696,TXN0002896,PROD00022,2,1337300.0
TI00008697,TXN0002896,PROD00028,3,497400.0
TI00008698,TXN0002896,PROD00150,3,874600.0
TI00008699,TXN0002896,PROD00126,4,219500.0
TI00008700,TXN0002897,PROD00162,3,532200.0
TI00008701,TXN0002897,PROD00070,2,191800.0
TI00008702,TXN0002897,PROD00097,2,2301200.0
TI00008703,TXN0002898,PROD00074,1,99400.0
TI00008704,TXN0002898,PROD00020,3,176500.0
TI00008705,TXN0002898,PROD00029,1,747300.0
TI00008706,TXN0002899,PROD00049,3,244600.0
TI00008707,TXN0002899,PROD00131,2,2828000.0
TI00008708,TXN0002899,PROD00005,1,613400.0
TI00008709,TXN0002899,PROD00176,2,168200.0
TI00008710,TXN0002900,PROD00056,1,246400.0
TI00008711,TXN0002900,PROD00114,3,362300.0
TI00008712,TXN0002900,PROD00110,4,130700.0
TI00008713,TXN0002900,PROD00132,1,6814300.0
TI00008714,TXN0002900,PROD00078,3,473100.0
TI00008715,TXN0002901,PROD00067,2,1694500.0
TI00008716,TXN0002902,PROD00029,2,747300.0
TI00008717,TXN0002903,PROD00054,4,1692000.0
TI00008718,TXN0002903,PROD00100,4,546800.0
TI00008719,TXN0002903,PROD00003,3,623300.0
TI00008720,TXN0002903,PROD00051,4,752100.0
TI00008721,TXN0002903,PROD00001,4,179800.0
TI00008722,TXN0002904,PROD00003,4,623300.0
TI00008723,TXN0002904,PROD00108,1,570800.0
TI00008724,TXN0002904,PROD00170,2,806200.0
TI00008725,TXN0002904,PROD00171,4,9207400.0
TI00008726,TXN0002904,PROD00124,4,11671600.0
TI00008727,TXN0002905,PROD00168,4,54200.0
TI00008728,TXN0002905,PROD00124,2,11671600.0
TI00008729,TXN0002905,PROD00177,1,228400.0
TI00008730,TXN0002905,PROD00017,4,61400.0
TI00008731,TXN0002906,PROD00102,1,171600.0
TI00008732,TXN0002906,PROD00144,4,2659900.0
TI00008733,TXN0002906,PROD00013,2,1045000.0
TI00008734,TXN0002906,PROD00169,1,6358700.0
TI00008735,TXN0002906,PROD00077,2,37900.0
TI00008736,TXN0002907,PROD00168,3,54200.0
TI00008737,TXN0002907,PROD00085,4,262600.0
TI00008738,TXN0002907,PROD00103,4,499800.0
TI00008739,TXN0002908,PROD00157,2,6815900.0
TI00008740,TXN0002908,PROD00022,1,1337300.0
TI00008741,TXN0002908,PROD00103,4,499800.0
TI00008742,TXN0002908,PROD00010,3,675900.0
TI00008743,TXN0002908,PROD00083,1,6771700.0
TI00008744,TXN0002909,PROD00077,3,37900.0
TI00008745,TXN0002909,PROD00034,1,1485900.0
TI00008746,TXN0002910,PROD00142,1,324600.0
TI00008747,TXN0002911,PROD00026,4,1447900.0
TI00008748,TXN0002911,PROD00049,4,244600.0
TI00008749,TXN0002911,PROD00102,1,171600.0
TI00008750,TXN0002911,PROD00140,4,10502400.0
TI00008751,TXN0002911,PROD00037,3,718700.0
TI00008752,TXN0002912,PROD00064,2,1537200.0
TI00008753,TXN0002912,PROD00018,4,2056700.0
TI00008754,TXN0002912,PROD00154,2,192800.0
TI00008755,TXN0002913,PROD00001,4,179800.0
TI00008756,TXN0002913,PROD00036,1,11966500.0
TI00008757,TXN0002913,PROD00045,4,75500.0
TI00008758,TXN0002913,PROD00029,3,747300.0
TI00008759,TXN0002914,PROD00037,2,718700.0
TI00008760,TXN0002915,PROD00060,1,218600.0
TI00008761,TXN0002915,PROD00129,1,67800.0
TI00008762,TXN0002915,PROD00077,4,37900.0
TI00008763,TXN0002915,PROD00050,3,134700.0
TI00008764,TXN0002915,PROD00175,4,99600.0
TI00008765,TXN0002916,PROD00022,3,1337300.0
TI00008766,TXN0002916,PROD00123,3,520300.0
TI00008767,TXN0002916,PROD00080,4,204100.0
TI00008768,TXN0002917,PROD00032,1,359500.0
TI00008769,TXN0002917,PROD00007,3,456400.0
TI00008770,TXN0002917,PROD00042,1,110400.0
TI00008771,TXN0002918,PROD00063,3,631600.0
TI00008772,TXN0002918,PROD00049,4,244600.0
TI00008773,TXN0002918,PROD00023,1,225100.0
TI00008774,TXN0002918,PROD00147,2,229500.0
TI00008775,TXN0002918,PROD00085,3,262600.0
TI00008776,TXN0002919,PROD00127,1,172600.0
TI00008777,TXN0002919,PROD00021,2,423700.0
TI00008778,TXN0002919,PROD00125,1,716900.0
TI00008779,TXN0002919,PROD00180,3,96700.0
TI00008780,TXN0002920,PROD00078,4,473100.0
TI00008781,TXN0002920,PROD00019,1,353800.0
TI00008782,TXN0002920,PROD00034,3,1485900.0
TI00008783,TXN0002920,PROD00065,1,846500.0
TI00008784,TXN0002920,PROD00179,4,1206500.0
TI00008785,TXN0002921,PROD00054,4,1692000.0
TI00008786,TXN0002921,PROD00062,3,83600.0
TI00008787,TXN0002921,PROD00115,1,1810600.0
TI00008788,TXN0002922,PROD00118,1,97800.0
TI00008789,TXN0002922,PROD00119,1,3450500.0
TI00008790,TXN0002922,PROD00171,4,9207400.0
TI00008791,TXN0002922,PROD00112,3,3050100.0
TI00008792,TXN0002923,PROD00168,2,54200.0
TI00008793,TXN0002923,PROD00151,1,116700.0
TI00008794,TXN0002923,PROD00117,4,188000.0
TI00008795,TXN0002924,PROD00046,4,314500.0
TI00008796,TXN0002924,PROD00068,4,189500.0
TI00008797,TXN0002925,PROD00030,3,10909100.0
TI00008798,TXN0002925,PROD00001,1,179800.0
TI00008799,TXN0002925,PROD00078,3,473100.0
TI00008800,TXN0002926,PROD00139,1,621000.0
TI00008801,TXN0002927,PROD00075,1,382900.0
TI00008802,TXN0002927,PROD00042,4,110400.0
TI00008803,TXN0002927,PROD00124,3,11671600.0
TI00008804,TXN0002928,PROD00031,4,571800.0
TI00008805,TXN0002928,PROD00027,4,124600.0
TI00008806,TXN0002928,PROD00028,4,497400.0
TI00008807,TXN0002928,PROD00014,3,2104400.0
TI00008808,TXN0002929,PROD00108,2,570800.0
TI00008809,TXN0002929,PROD00088,4,220600.0
TI00008810,TXN0002929,PROD00119,2,3450500.0
TI00008811,TXN0002930,PROD00054,1,1692000.0
TI00008812,TXN0002930,PROD00076,2,609300.0
TI00008813,TXN0002930,PROD00130,1,213000.0
TI00008814,TXN0002930,PROD00087,3,86200.0
TI00008815,TXN0002930,PROD00069,4,145200.0
TI00008816,TXN0002931,PROD00112,4,3050100.0
TI00008817,TXN0002932,PROD00018,4,2056700.0
TI00008818,TXN0002932,PROD00056,4,246400.0
TI00008819,TXN0002932,PROD00133,1,521500.0
TI00008820,TXN0002932,PROD00034,4,1485900.0
TI00008821,TXN0002933,PROD00096,4,366200.0
TI00008822,TXN0002933,PROD00120,2,283500.0
TI00008823,TXN0002933,PROD00011,4,810900.0
TI00008824,TXN0002933,PROD00168,2,54200.0
TI00008825,TXN0002933,PROD00053,4,197800.0
TI00008826,TXN0002934,PROD00018,4,2056700.0
TI00008827,TXN0002934,PROD00172,2,162600.0
TI00008828,TXN0002934,PROD00022,3,1337300.0
TI00008829,TXN0002934,PROD00015,1,327100.0
TI00008830,TXN0002935,PROD00108,4,570800.0
TI00008831,TXN0002935,PROD00045,2,75500.0
TI00008832,TXN0002935,PROD00048,3,88700.0
TI00008833,TXN0002935,PROD00170,2,806200.0
TI00008834,TXN0002935,PROD00009,2,183500.0
TI00008835,TXN0002936,PROD00014,2,2104400.0
TI00008836,TXN0002936,PROD00037,2,718700.0
TI00008837,TXN0002937,PROD00006,3,1710300.0
TI00008838,TXN0002937,PROD00103,2,499800.0
TI00008839,TXN0002937,PROD00008,1,86100.0
TI00008840,TXN0002937,PROD00097,4,2301200.0
TI00008841,TXN0002938,PROD00113,3,4916800.0
TI00008842,TXN0002938,PROD00138,2,57200.0
TI00008843,TXN0002938,PROD00101,3,11745100.0
TI00008844,TXN0002939,PROD00088,4,220600.0
TI00008845,TXN0002939,PROD00063,3,631600.0
TI00008846,TXN0002939,PROD00124,3,11671600.0
TI00008847,TXN0002939,PROD00013,3,1045000.0
TI00008848,TXN0002939,PROD00009,3,183500.0
TI00008849,TXN0002940,PROD00063,1,631600.0
TI00008850,TXN0002940,PROD00028,3,497400.0
TI00008851,TXN0002940,PROD00030,2,10909100.0
TI00008852,TXN0002941,PROD00037,3,718700.0
TI00008853,TXN0002941,PROD00136,2,787800.0
TI00008854,TXN0002941,PROD00002,4,1365600.0
TI00008855,TXN0002942,PROD00086,4,8987800.0
TI00008856,TXN0002942,PROD00008,4,86100.0
TI00008857,TXN0002942,PROD00123,4,520300.0
TI00008858,TXN0002943,PROD00034,4,1485900.0
TI00008859,TXN0002943,PROD00044,1,2984700.0
TI00008860,TXN0002943,PROD00032,1,359500.0
TI00008861,TXN0002943,PROD00064,3,1537200.0
TI00008862,TXN0002943,PROD00020,4,176500.0
TI00008863,TXN0002944,PROD00121,4,190400.0
TI00008864,TXN0002944,PROD00145,2,626300.0
TI00008865,TXN0002944,PROD00135,1,495100.0
TI00008866,TXN0002944,PROD00124,3,11671600.0
TI00008867,TXN0002944,PROD00041,2,792800.0
TI00008868,TXN0002945,PROD00045,4,75500.0
TI00008869,TXN0002945,PROD00148,3,272900.0
TI00008870,TXN0002945,PROD00029,3,747300.0
TI00008871,TXN0002945,PROD00122,1,2205900.0
TI00008872,TXN0002946,PROD00139,1,621000.0
TI00008873,TXN0002946,PROD00143,4,115300.0
TI00008874,TXN0002947,PROD00021,2,423700.0
TI00008875,TXN0002947,PROD00180,4,96700.0
TI00008876,TXN0002947,PROD00011,3,810900.0
TI00008877,TXN0002948,PROD00038,2,3280700.0
TI00008878,TXN0002949,PROD00093,1,2689800.0
TI00008879,TXN0002949,PROD00077,4,37900.0
TI00008880,TXN0002949,PROD00094,3,365200.0
TI00008881,TXN0002949,PROD00070,4,191800.0
TI00008882,TXN0002950,PROD00015,3,327100.0
TI00008883,TXN0002951,PROD00167,3,79900.0
TI00008884,TXN0002951,PROD00005,2,613400.0
TI00008885,TXN0002951,PROD00026,4,1447900.0
TI00008886,TXN0002952,PROD00071,2,501200.0
TI00008887,TXN0002952,PROD00044,4,2984700.0
TI00008888,TXN0002952,PROD00014,1,2104400.0
TI00008889,TXN0002953,PROD00049,4,244600.0
TI00008890,TXN0002953,PROD00052,2,58000.0
TI00008891,TXN0002953,PROD00004,2,1254300.0
TI00008892,TXN0002953,PROD00147,2,229500.0
TI00008893,TXN0002953,PROD00096,4,366200.0
TI00008894,TXN0002954,PROD00023,3,225100.0
TI00008895,TXN0002955,PROD00125,3,716900.0
TI00008896,TXN0002955,PROD00020,1,176500.0
TI00008897,TXN0002955,PROD00069,4,145200.0
TI00008898,TXN0002955,PROD00170,1,806200.0
TI00008899,TXN0002956,PROD00028,4,497400.0
TI00008900,TXN0002957,PROD00159,2,3240200.0
TI00008901,TXN0002958,PROD00034,3,1485900.0
TI00008902,TXN0002958,PROD00012,2,744700.0
TI00008903,TXN0002958,PROD00031,2,571800.0
TI00008904,TXN0002958,PROD00144,2,2659900.0
TI00008905,TXN0002958,PROD00040,2,3685900.0
TI00008906,TXN0002959,PROD00069,2,145200.0
TI00008907,TXN0002960,PROD00042,3,110400.0
TI00008908,TXN0002960,PROD00152,3,170900.0
TI00008909,TXN0002960,PROD00027,1,124600.0
TI00008910,TXN0002960,PROD00088,1,220600.0
TI00008911,TXN0002960,PROD00138,4,57200.0
TI00008912,TXN0002961,PROD00154,4,192800.0
TI00008913,TXN0002961,PROD00043,3,223400.0
TI00008914,TXN0002961,PROD00005,4,613400.0
TI00008915,TXN0002962,PROD00080,2,204100.0
TI00008916,TXN0002963,PROD00061,4,8063300.0
TI00008917,TXN0002963,PROD00150,2,874600.0
TI00008918,TXN0002963,PROD00106,3,610900.0
TI00008919,TXN0002963,PROD00041,1,792800.0
TI00008920,TXN0002964,PROD00061,4,8063300.0
TI00008921,TXN0002964,PROD00178,4,55100.0
TI00008922,TXN0002964,PROD00018,2,2056700.0
TI00008923,TXN0002964,PROD00046,4,314500.0
TI00008924,TXN0002964,PROD00077,4,37900.0
TI00008925,TXN0002965,PROD00077,3,37900.0
TI00008926,TXN0002965,PROD00049,2,244600.0
TI00008927,TXN0002965,PROD00163,3,337100.0
TI00008928,TXN0002966,PROD00133,4,521500.0
TI00008929,TXN0002966,PROD00127,3,172600.0
TI00008930,TXN0002966,PROD00043,4,223400.0
TI00008931,TXN0002966,PROD00155,1,277300.0
TI00008932,TXN0002967,PROD00079,1,31800.0
TI00008933,TXN0002967,PROD00058,2,1306500.0
TI00008934,TXN0002967,PROD00133,1,521500.0
TI00008935,TXN0002967,PROD00174,2,71600.0
TI00008936,TXN0002968,PROD00165,3,242000.0
TI00008937,TXN0002969,PROD00161,1,231200.0
TI00008938,TXN0002970,PROD00154,1,192800.0
TI00008939,TXN0002971,PROD00059,3,3249400.0
TI00008940,TXN0002971,PROD00123,2,520300.0
TI00008941,TXN0002971,PROD00107,4,75800.0
TI00008942,TXN0002971,PROD00033,4,10971800.0
TI00008943,TXN0002972,PROD00067,1,1694500.0
TI00008944,TXN0002972,PROD00153,2,121800.0
TI00008945,TXN0002972,PROD00040,4,3685900.0
TI00008946,TXN0002973,PROD00022,3,1337300.0
TI00008947,TXN0002973,PROD00069,2,145200.0
TI00008948,TXN0002973,PROD00162,4,532200.0
TI00008949,TXN0002973,PROD00016,2,167400.0
TI00008950,TXN0002973,PROD00026,1,1447900.0
TI00008951,TXN0002974,PROD00048,1,88700.0
TI00008952,TXN0002974,PROD00047,3,165600.0
TI00008953,TXN0002974,PROD00102,4,171600.0
TI00008954,TXN0002974,PROD00080,3,204100.0
TI00008955,TXN0002975,PROD00003,1,623300.0
TI00008956,TXN0002976,PROD00157,2,6815900.0
TI00008957,TXN0002976,PROD00058,3,1306500.0
TI00008958,TXN0002977,PROD00042,2,110400.0
TI00008959,TXN0002977,PROD00041,3,792800.0
TI00008960,TXN0002977,PROD00148,4,272900.0
TI00008961,TXN0002978,PROD00022,1,1337300.0
TI00008962,TXN0002978,PROD00091,2,17600.0
TI00008963,TXN0002978,PROD00064,2,1537200.0
TI00008964,TXN0002978,PROD00153,4,121800.0
TI00008965,TXN0002979,PROD00061,1,8063300.0
TI00008966,TXN0002979,PROD00104,2,179700.0
TI00008967,TXN0002979,PROD00084,2,1607800.0
TI00008968,TXN0002979,PROD00003,1,623300.0
TI00008969,TXN0002980,PROD00111,3,5440300.0
TI00008970,TXN0002981,PROD00166,3,120600.0
TI00008971,TXN0002982,PROD00129,3,67800.0
TI00008972,TXN0002982,PROD00126,3,219500.0
TI00008973,TXN0002982,PROD00064,1,1537200.0
TI00008974,TXN0002982,PROD00084,3,1607800.0
TI00008975,TXN0002983,PROD00032,4,359500.0
TI00008976,TXN0002983,PROD00103,2,499800.0
TI00008977,TXN0002984,PROD00094,2,365200.0
TI00008978,TXN0002984,PROD00069,3,145200.0
TI00008979,TXN0002984,PROD00147,2,229500.0
TI00008980,TXN0002984,PROD00058,4,1306500.0
TI00008981,TXN0002985,PROD00055,2,29300.0
TI00008982,TXN0002985,PROD00172,3,162600.0
TI00008983,TXN0002985,PROD00152,2,170900.0
TI00008984,TXN0002986,PROD00117,1,188000.0
TI00008985,TXN0002986,PROD00051,2,752100.0
TI00008986,TXN0002986,PROD00064,2,1537200.0
TI00008987,TXN0002987,PROD00064,2,1537200.0
TI00008988,TXN0002987,PROD00162,1,532200.0
TI00008989,TXN0002987,PROD00174,2,71600.0
TI00008990,TXN0002988,PROD00026,3,1447900.0
TI00008991,TXN0002988,PROD00046,4,314500.0
TI00008992,TXN0002988,PROD00040,3,3685900.0
TI00008993,TXN0002989,PROD00138,1,57200.0
TI00008994,TXN0002989,PROD00096,2,366200.0
TI00008995,TXN0002989,PROD00049,2,244600.0
TI00008996,TXN0002989,PROD00118,3,97800.0
TI00008997,TXN0002989,PROD00041,1,792800.0
TI00008998,TXN0002990,PROD00013,3,1045000.0
TI00008999,TXN0002990,PROD00033,1,10971800.0
TI00009000,TXN0002990,PROD00064,1,1537200.0
TI00009001,TXN0002990,PROD00034,4,1485900.0
TI00009002,TXN0002991,PROD00084,1,1607800.0
TI00009003,TXN0002991,PROD00137,3,59500.0
TI00009004,TXN0002991,PROD00128,1,202200.0
TI00009005,TXN0002992,PROD00166,3,120600.0
TI00009006,TXN0002992,PROD00176,3,168200.0
TI00009007,TXN0002993,PROD00021,2,423700.0
TI00009008,TXN0002994,PROD00034,3,1485900.0
TI00009009,TXN0002995,PROD00125,1,716900.0
TI00009010,TXN0002996,PROD00006,3,1710300.0
TI00009011,TXN0002996,PROD00090,3,838900.0
TI00009012,TXN0002996,PROD00058,1,1306500.0
TI00009013,TXN0002997,PROD00178,3,55100.0
TI00009014,TXN0002997,PROD00128,4,202200.0
TI00009015,TXN0002997,PROD00081,1,41700.0
TI00009016,TXN0002998,PROD00045,2,75500.0
TI00009017,TXN0002998,PROD00132,3,6814300.0
TI00009018,TXN0002999,PROD00106,2,610900.0
TI00009019,TXN0003000,PROD00169,2,6358700.0
TI00009020,TXN0003000,PROD00094,1,365200.0
TI00009021,TXN0003000,PROD00111,1,5440300.0
TI00009022,TXN0003000,PROD00061,4,8063300.0
TI00009023,TXN0003000,PROD00081,4,41700.0
TI00009024,TXN0003001,PROD00075,2,382900.0
TI00009025,TXN0003002,PROD00153,3,121800.0
TI00009026,TXN0003002,PROD00115,2,1810600.0
TI00009027,TXN0003002,PROD00118,2,97800.0
TI00009028,TXN0003002,PROD00020,4,176500.0
TI00009029,TXN0003003,PROD00021,3,423700.0
TI00009030,TXN0003004,PROD00056,2,246400.0
TI00009031,TXN0003005,PROD00129,2,67800.0
TI00009032,TXN0003005,PROD00143,1,115300.0
TI00009033,TXN0003005,PROD00026,3,1447900.0
TI00009034,TXN0003005,PROD00138,4,57200.0
TI00009035,TXN0003005,PROD00153,1,121800.0
TI00009036,TXN0003006,PROD00134,3,1383900.0
TI00009037,TXN0003006,PROD00030,1,10909100.0
TI00009038,TXN0003006,PROD00105,3,76100.0
TI00009039,TXN0003006,PROD00131,4,2828000.0
TI00009040,TXN0003006,PROD00122,1,2205900.0
TI00009041,TXN0003007,PROD00170,4,806200.0
TI00009042,TXN0003008,PROD00138,1,57200.0
TI00009043,TXN0003008,PROD00042,1,110400.0
TI00009044,TXN0003008,PROD00098,4,66400.0
TI00009045,TXN0003008,PROD00123,2,520300.0
TI00009046,TXN0003008,PROD00046,4,314500.0
TI00009047,TXN0003009,PROD00115,2,1810600.0
TI00009048,TXN0003009,PROD00040,4,3685900.0
TI00009049,TXN0003009,PROD00162,2,532200.0
TI00009050,TXN0003010,PROD00005,2,613400.0
TI00009051,TXN0003010,PROD00120,1,283500.0
TI00009052,TXN0003010,PROD00133,2,521500.0
TI00009053,TXN0003011,PROD00114,3,362300.0
TI00009054,TXN0003011,PROD00134,1,1383900.0
TI00009055,TXN0003011,PROD00154,3,192800.0
TI00009056,TXN0003011,PROD00150,3,874600.0
TI00009057,TXN0003011,PROD00161,3,231200.0
TI00009058,TXN0003012,PROD00021,3,423700.0
TI00009059,TXN0003012,PROD00067,1,1694500.0
TI00009060,TXN0003012,PROD00100,4,546800.0
TI00009061,TXN0003012,PROD00124,4,11671600.0
TI00009062,TXN0003013,PROD00116,3,561100.0
TI00009063,TXN0003013,PROD00096,4,366200.0
TI00009064,TXN0003013,PROD00018,1,2056700.0
TI00009065,TXN0003013,PROD00144,1,2659900.0
TI00009066,TXN0003014,PROD00111,3,5440300.0
TI00009067,TXN0003014,PROD00012,4,744700.0
TI00009068,TXN0003014,PROD00090,2,838900.0
TI00009069,TXN0003015,PROD00013,2,1045000.0
TI00009070,TXN0003015,PROD00161,1,231200.0
TI00009071,TXN0003015,PROD00168,1,54200.0
TI00009072,TXN0003015,PROD00113,2,4916800.0
TI00009073,TXN0003015,PROD00054,3,1692000.0
TI00009074,TXN0003016,PROD00085,4,262600.0
TI00009075,TXN0003016,PROD00055,4,29300.0
TI00009076,TXN0003016,PROD00062,2,83600.0
TI00009077,TXN0003016,PROD00121,1,190400.0
TI00009078,TXN0003017,PROD00177,2,228400.0
TI00009079,TXN0003017,PROD00143,4,115300.0
TI00009080,TXN0003017,PROD00124,1,11671600.0
TI00009081,TXN0003017,PROD00028,3,497400.0
TI00009082,TXN0003018,PROD00173,2,67500.0
TI00009083,TXN0003018,PROD00040,3,3685900.0
TI00009084,TXN0003018,PROD00004,1,1254300.0
TI00009085,TXN0003018,PROD00027,2,124600.0
TI00009086,TXN0003019,PROD00007,3,456400.0
TI00009087,TXN0003019,PROD00169,3,6358700.0
TI00009088,TXN0003019,PROD00015,1,327100.0
TI00009089,TXN0003020,PROD00146,4,647500.0
TI00009090,TXN0003020,PROD00127,4,172600.0
TI00009091,TXN0003021,PROD00123,4,520300.0
TI00009092,TXN0003021,PROD00035,2,3271400.0
TI00009093,TXN0003021,PROD00080,1,204100.0
TI00009094,TXN0003021,PROD00097,2,2301200.0
TI00009095,TXN0003021,PROD00025,3,57900.0
TI00009096,TXN0003022,PROD00172,1,162600.0
TI00009097,TXN0003022,PROD00016,1,167400.0
TI00009098,TXN0003023,PROD00058,3,1306500.0
TI00009099,TXN0003023,PROD00081,2,41700.0
TI00009100,TXN0003023,PROD00041,1,792800.0
TI00009101,TXN0003024,PROD00146,3,647500.0
TI00009102,TXN0003024,PROD00145,3,626300.0
TI00009103,TXN0003024,PROD00165,4,242000.0
TI00009104,TXN0003024,PROD00106,4,610900.0
TI00009105,TXN0003025,PROD00128,4,202200.0
TI00009106,TXN0003025,PROD00178,2,55100.0
TI00009107,TXN0003025,PROD00050,2,134700.0
TI00009108,TXN0003025,PROD00092,3,198900.0
TI00009109,TXN0003025,PROD00026,2,1447900.0
TI00009110,TXN0003026,PROD00002,2,1365600.0
TI00009111,TXN0003027,PROD00010,4,675900.0
TI00009112,TXN0003027,PROD00096,4,366200.0
TI00009113,TXN0003027,PROD00098,1,66400.0
TI00009114,TXN0003028,PROD00012,2,744700.0
TI00009115,TXN0003028,PROD00068,1,189500.0
TI00009116,TXN0003028,PROD00027,3,124600.0
TI00009117,TXN0003028,PROD00133,1,521500.0
TI00009118,TXN0003028,PROD00162,4,532200.0
TI00009119,TXN0003029,PROD00030,4,10909100.0
TI00009120,TXN0003029,PROD00047,3,165600.0
TI00009121,TXN0003029,PROD00056,3,246400.0
TI00009122,TXN0003029,PROD00149,4,370000.0
TI00009123,TXN0003029,PROD00033,1,10971800.0
TI00009124,TXN0003030,PROD00022,4,1337300.0
TI00009125,TXN0003030,PROD00084,3,1607800.0
TI00009126,TXN0003030,PROD00036,3,11966500.0
TI00009127,TXN0003030,PROD00122,3,2205900.0
TI00009128,TXN0003031,PROD00178,3,55100.0
TI00009129,TXN0003031,PROD00143,4,115300.0
TI00009130,TXN0003031,PROD00039,2,1936200.0
TI00009131,TXN0003032,PROD00119,3,3450500.0
TI00009132,TXN0003032,PROD00020,3,176500.0
TI00009133,TXN0003033,PROD00179,2,1206500.0
TI00009134,TXN0003034,PROD00162,1,532200.0
TI00009135,TXN0003034,PROD00151,2,116700.0
TI00009136,TXN0003034,PROD00032,4,359500.0
TI00009137,TXN0003034,PROD00068,1,189500.0
TI00009138,TXN0003035,PROD00129,1,67800.0
TI00009139,TXN0003036,PROD00033,2,10971800.0
TI00009140,TXN0003036,PROD00081,3,41700.0
TI00009141,TXN0003036,PROD00097,4,2301200.0
TI00009142,TXN0003036,PROD00169,4,6358700.0
TI00009143,TXN0003036,PROD00174,2,71600.0
TI00009144,TXN0003037,PROD00057,3,2101600.0
TI00009145,TXN0003038,PROD00027,1,124600.0
TI00009146,TXN0003038,PROD00029,3,747300.0
TI00009147,TXN0003038,PROD00144,1,2659900.0
TI00009148,TXN0003038,PROD00163,2,337100.0
TI00009149,TXN0003038,PROD00080,2,204100.0
TI00009150,TXN0003039,PROD00114,1,362300.0
TI00009151,TXN0003040,PROD00107,3,75800.0
TI00009152,TXN0003040,PROD00001,1,179800.0
TI00009153,TXN0003040,PROD00147,4,229500.0
TI00009154,TXN0003041,PROD00135,2,495100.0
TI00009155,TXN0003041,PROD00055,1,29300.0
TI00009156,TXN0003041,PROD00018,3,2056700.0
TI00009157,TXN0003041,PROD00006,3,1710300.0
TI00009158,TXN0003042,PROD00122,4,2205900.0
TI00009159,TXN0003042,PROD00033,3,10971800.0
TI00009160,TXN0003042,PROD00040,4,3685900.0
TI00009161,TXN0003043,PROD00069,4,145200.0
TI00009162,TXN0003043,PROD00007,3,456400.0
TI00009163,TXN0003043,PROD00057,3,2101600.0
TI00009164,TXN0003043,PROD00055,4,29300.0
TI00009165,TXN0003044,PROD00059,4,3249400.0
TI00009166,TXN0003045,PROD00162,3,532200.0
TI00009167,TXN0003045,PROD00104,1,179700.0
TI00009168,TXN0003046,PROD00110,3,130700.0
TI00009169,TXN0003046,PROD00116,2,561100.0
TI00009170,TXN0003047,PROD00126,1,219500.0
TI00009171,TXN0003047,PROD00102,1,171600.0
TI00009172,TXN0003047,PROD00062,1,83600.0
TI00009173,TXN0003048,PROD00025,4,57900.0
TI00009174,TXN0003048,PROD00043,1,223400.0
TI00009175,TXN0003048,PROD00083,4,6771700.0
TI00009176,TXN0003048,PROD00058,3,1306500.0
TI00009177,TXN0003049,PROD00113,4,4916800.0
TI00009178,TXN0003049,PROD00075,4,382900.0
TI00009179,TXN0003049,PROD00134,3,1383900.0
TI00009180,TXN0003050,PROD00070,4,191800.0
TI00009181,TXN0003050,PROD00131,1,2828000.0
TI00009182,TXN0003050,PROD00065,2,846500.0
TI00009183,TXN0003050,PROD00133,4,521500.0
TI00009184,TXN0003050,PROD00018,1,2056700.0
TI00009185,TXN0003051,PROD00120,4,283500.0
TI00009186,TXN0003051,PROD00002,2,1365600.0
TI00009187,TXN0003051,PROD00019,4,353800.0
TI00009188,TXN0003051,PROD00114,3,362300.0
TI00009189,TXN0003052,PROD00051,1,752100.0
TI00009190,TXN0003052,PROD00052,1,58000.0
TI00009191,TXN0003052,PROD00010,1,675900.0
TI00009192,TXN0003052,PROD00114,4,362300.0
TI00009193,TXN0003052,PROD00136,1,787800.0
TI00009194,TXN0003053,PROD00010,3,675900.0
TI00009195,TXN0003054,PROD00069,3,145200.0
TI00009196,TXN0003055,PROD00086,4,8987800.0
TI00009197,TXN0003055,PROD00152,3,170900.0
TI00009198,TXN0003055,PROD00109,2,3001900.0
TI00009199,TXN0003056,PROD00078,3,473100.0
TI00009200,TXN0003056,PROD00170,3,806200.0
TI00009201,TXN0003056,PROD00145,2,626300.0
TI00009202,TXN0003056,PROD00105,2,76100.0
TI00009203,TXN0003056,PROD00180,1,96700.0
TI00009204,TXN0003057,PROD00093,1,2689800.0
TI00009205,TXN0003057,PROD00063,1,631600.0
TI00009206,TXN0003058,PROD00150,3,874600.0
TI00009207,TXN0003058,PROD00047,2,165600.0
TI00009208,TXN0003058,PROD00099,4,497200.0
TI00009209,TXN0003058,PROD00161,1,231200.0
TI00009210,TXN0003058,PROD00104,4,179700.0
TI00009211,TXN0003059,PROD00117,2,188000.0
TI00009212,TXN0003060,PROD00178,4,55100.0
TI00009213,TXN0003060,PROD00040,2,3685900.0
TI00009214,TXN0003060,PROD00070,2,191800.0
TI00009215,TXN0003060,PROD00130,3,213000.0
TI00009216,TXN0003061,PROD00160,4,297400.0
TI00009217,TXN0003061,PROD00040,4,3685900.0
TI00009218,TXN0003062,PROD00062,3,83600.0
TI00009219,TXN0003063,PROD00100,3,546800.0
TI00009220,TXN0003063,PROD00113,3,4916800.0
TI00009221,TXN0003063,PROD00009,1,183500.0
TI00009222,TXN0003063,PROD00111,4,5440300.0
TI00009223,TXN0003063,PROD00002,2,1365600.0
TI00009224,TXN0003064,PROD00032,4,359500.0
TI00009225,TXN0003065,PROD00101,2,11745100.0
TI00009226,TXN0003066,PROD00078,4,473100.0
TI00009227,TXN0003066,PROD00103,1,499800.0
TI00009228,TXN0003066,PROD00054,1,1692000.0
TI00009229,TXN0003066,PROD00152,3,170900.0
TI00009230,TXN0003067,PROD00002,3,1365600.0
TI00009231,TXN0003067,PROD00060,2,218600.0
TI00009232,TXN0003067,PROD00154,4,192800.0
TI00009233,TXN0003067,PROD00061,1,8063300.0
TI00009234,TXN0003068,PROD00150,2,874600.0
TI00009235,TXN0003068,PROD00039,1,1936200.0
TI00009236,TXN0003068,PROD00093,3,2689800.0
TI00009237,TXN0003068,PROD00083,1,6771700.0
TI00009238,TXN0003069,PROD00002,1,1365600.0
TI00009239,TXN0003070,PROD00022,3,1337300.0
TI00009240,TXN0003071,PROD00019,3,353800.0
TI00009241,TXN0003071,PROD00150,3,874600.0
TI00009242,TXN0003071,PROD00118,1,97800.0
TI00009243,TXN0003071,PROD00050,2,134700.0
TI00009244,TXN0003072,PROD00173,2,67500.0
TI00009245,TXN0003073,PROD00171,1,9207400.0
TI00009246,TXN0003073,PROD00097,4,2301200.0
TI00009247,TXN0003073,PROD00147,4,229500.0
TI00009248,TXN0003074,PROD00019,3,353800.0
TI00009249,TXN0003074,PROD00016,3,167400.0
TI00009250,TXN0003075,PROD00161,3,231200.0
TI00009251,TXN0003075,PROD00106,3,610900.0
TI00009252,TXN0003076,PROD00036,2,11966500.0
TI00009253,TXN0003076,PROD00033,2,10971800.0
TI00009254,TXN0003076,PROD00019,1,353800.0
TI00009255,TXN0003076,PROD00136,4,787800.0
TI00009256,TXN0003076,PROD00141,2,527900.0
TI00009257,TXN0003077,PROD00032,1,359500.0
TI00009258,TXN0003077,PROD00124,2,11671600.0
TI00009259,TXN0003077,PROD00099,1,497200.0
TI00009260,TXN0003078,PROD00156,2,117900.0
TI00009261,TXN0003078,PROD00062,3,83600.0
TI00009262,TXN0003078,PROD00109,1,3001900.0
TI00009263,TXN0003078,PROD00130,4,213000.0
TI00009264,TXN0003079,PROD00063,2,631600.0
TI00009265,TXN0003080,PROD00088,2,220600.0
TI00009266,TXN0003080,PROD00036,4,11966500.0
TI00009267,TXN0003081,PROD00155,3,277300.0
TI00009268,TXN0003081,PROD00062,3,83600.0
TI00009269,TXN0003081,PROD00119,2,3450500.0
TI00009270,TXN0003081,PROD00150,2,874600.0
TI00009271,TXN0003082,PROD00176,2,168200.0
TI00009272,TXN0003082,PROD00134,4,1383900.0
TI00009273,TXN0003082,PROD00072,4,470400.0
TI00009274,TXN0003083,PROD00057,3,2101600.0
TI00009275,TXN0003083,PROD00012,1,744700.0
TI00009276,TXN0003083,PROD00110,1,130700.0
TI00009277,TXN0003084,PROD00082,1,435600.0
TI00009278,TXN0003084,PROD00180,4,96700.0
TI00009279,TXN0003084,PROD00090,2,838900.0
TI00009280,TXN0003085,PROD00157,1,6815900.0
TI00009281,TXN0003085,PROD00014,2,2104400.0
TI00009282,TXN0003085,PROD00044,1,2984700.0
TI00009283,TXN0003085,PROD00092,3,198900.0
TI00009284,TXN0003086,PROD00030,2,10909100.0
TI00009285,TXN0003086,PROD00106,4,610900.0
TI00009286,TXN0003087,PROD00038,3,3280700.0
TI00009287,TXN0003087,PROD00049,3,244600.0
TI00009288,TXN0003088,PROD00169,4,6358700.0
TI00009289,TXN0003088,PROD00159,4,3240200.0
TI00009290,TXN0003088,PROD00151,2,116700.0
TI00009291,TXN0003089,PROD00092,1,198900.0
TI00009292,TXN0003089,PROD00126,2,219500.0
TI00009293,TXN0003089,PROD00149,3,370000.0
TI00009294,TXN0003089,PROD00081,4,41700.0
TI00009295,TXN0003089,PROD00089,3,11224800.0
TI00009296,TXN0003090,PROD00173,1,67500.0
TI00009297,TXN0003090,PROD00056,2,246400.0
TI00009298,TXN0003090,PROD00101,4,11745100.0
TI00009299,TXN0003090,PROD00117,2,188000.0
TI00009300,TXN0003091,PROD00111,3,5440300.0
TI00009301,TXN0003091,PROD00027,2,124600.0
TI00009302,TXN0003091,PROD00042,2,110400.0
TI00009303,TXN0003091,PROD00094,2,365200.0
TI00009304,TXN0003092,PROD00011,2,810900.0
TI00009305,TXN0003092,PROD00093,2,2689800.0
TI00009306,TXN0003092,PROD00102,3,171600.0
TI00009307,TXN0003092,PROD00064,2,1537200.0
TI00009308,TXN0003092,PROD00009,4,183500.0
TI00009309,TXN0003093,PROD00011,4,810900.0
TI00009310,TXN0003094,PROD00022,4,1337300.0
TI00009311,TXN0003094,PROD00044,2,2984700.0
TI00009312,TXN0003095,PROD00140,2,10502400.0
TI00009313,TXN0003095,PROD00090,1,838900.0
TI00009314,TXN0003095,PROD00039,4,1936200.0
TI00009315,TXN0003096,PROD00141,3,527900.0
TI00009316,TXN0003097,PROD00065,2,846500.0
TI00009317,TXN0003097,PROD00173,4,67500.0
TI00009318,TXN0003097,PROD00018,4,2056700.0
TI00009319,TXN0003097,PROD00112,2,3050100.0
TI00009320,TXN0003098,PROD00160,3,297400.0
TI00009321,TXN0003098,PROD00084,3,1607800.0
TI00009322,TXN0003099,PROD00009,1,183500.0
TI00009323,TXN0003100,PROD00033,2,10971800.0
TI00009324,TXN0003100,PROD00110,2,130700.0
TI00009325,TXN0003101,PROD00003,2,623300.0
TI00009326,TXN0003101,PROD00116,3,561100.0
TI00009327,TXN0003101,PROD00035,1,3271400.0
TI00009328,TXN0003101,PROD00034,2,1485900.0
TI00009329,TXN0003102,PROD00049,3,244600.0
TI00009330,TXN0003103,PROD00085,4,262600.0
TI00009331,TXN0003103,PROD00053,2,197800.0
TI00009332,TXN0003103,PROD00148,1,272900.0
TI00009333,TXN0003103,PROD00030,1,10909100.0
TI00009334,TXN0003104,PROD00032,4,359500.0
TI00009335,TXN0003104,PROD00109,4,3001900.0
TI00009336,TXN0003105,PROD00003,1,623300.0
TI00009337,TXN0003105,PROD00064,3,1537200.0
TI00009338,TXN0003105,PROD00053,3,197800.0
TI00009339,TXN0003106,PROD00005,4,613400.0
TI00009340,TXN0003107,PROD00002,3,1365600.0
TI00009341,TXN0003107,PROD00008,3,86100.0
TI00009342,TXN0003107,PROD00176,3,168200.0
TI00009343,TXN0003107,PROD00140,1,10502400.0
TI00009344,TXN0003108,PROD00037,2,718700.0
TI00009345,TXN0003108,PROD00149,1,370000.0
TI00009346,TXN0003108,PROD00106,2,610900.0
TI00009347,TXN0003109,PROD00092,1,198900.0
TI00009348,TXN0003110,PROD00050,1,134700.0
TI00009349,TXN0003111,PROD00179,2,1206500.0
TI00009350,TXN0003111,PROD00063,2,631600.0
TI00009351,TXN0003112,PROD00129,4,67800.0
TI00009352,TXN0003112,PROD00141,4,527900.0
TI00009353,TXN0003112,PROD00050,3,134700.0
TI00009354,TXN0003113,PROD00104,2,179700.0
TI00009355,TXN0003113,PROD00045,3,75500.0
TI00009356,TXN0003113,PROD00088,1,220600.0
TI00009357,TXN0003113,PROD00174,1,71600.0
TI00009358,TXN0003114,PROD00041,4,792800.0
TI00009359,TXN0003114,PROD00084,2,1607800.0
TI00009360,TXN0003114,PROD00082,4,435600.0
TI00009361,TXN0003115,PROD00046,4,314500.0
TI00009362,TXN0003115,PROD00103,3,499800.0
TI00009363,TXN0003115,PROD00011,1,810900.0
TI00009364,TXN0003115,PROD00057,2,2101600.0
TI00009365,TXN0003115,PROD00022,1,1337300.0
TI00009366,TXN0003116,PROD00152,4,170900.0
TI00009367,TXN0003117,PROD00046,2,314500.0
TI00009368,TXN0003117,PROD00156,3,117900.0
TI00009369,TXN0003118,PROD00170,2,806200.0
TI00009370,TXN0003118,PROD00094,1,365200.0
TI00009371,TXN0003118,PROD00153,3,121800.0
TI00009372,TXN0003119,PROD00114,1,362300.0
TI00009373,TXN0003119,PROD00083,1,6771700.0
TI00009374,TXN0003119,PROD00127,2,172600.0
TI00009375,TXN0003119,PROD00154,4,192800.0
TI00009376,TXN0003120,PROD00079,3,31800.0
TI00009377,TXN0003121,PROD00114,3,362300.0
TI00009378,TXN0003121,PROD00065,1,846500.0
TI00009379,TXN0003122,PROD00092,1,198900.0
TI00009380,TXN0003122,PROD00136,3,787800.0
TI00009381,TXN0003122,PROD00147,2,229500.0
TI00009382,TXN0003122,PROD00119,2,3450500.0
TI00009383,TXN0003122,PROD00010,1,675900.0
TI00009384,TXN0003123,PROD00134,1,1383900.0
TI00009385,TXN0003123,PROD00153,2,121800.0
TI00009386,TXN0003123,PROD00097,3,2301200.0
TI00009387,TXN0003123,PROD00016,4,167400.0
TI00009388,TXN0003124,PROD00163,2,337100.0
TI00009389,TXN0003124,PROD00148,1,272900.0
TI00009390,TXN0003124,PROD00133,4,521500.0
TI00009391,TXN0003124,PROD00151,3,116700.0
TI00009392,TXN0003124,PROD00159,4,3240200.0
TI00009393,TXN0003125,PROD00147,4,229500.0
TI00009394,TXN0003125,PROD00155,2,277300.0
TI00009395,TXN0003126,PROD00179,2,1206500.0
TI00009396,TXN0003126,PROD00101,2,11745100.0
TI00009397,TXN0003126,PROD00013,4,1045000.0
TI00009398,TXN0003127,PROD00038,4,3280700.0
TI00009399,TXN0003127,PROD00132,1,6814300.0
TI00009400,TXN0003127,PROD00094,3,365200.0
TI00009401,TXN0003128,PROD00120,1,283500.0
TI00009402,TXN0003128,PROD00102,1,171600.0
TI00009403,TXN0003128,PROD00179,4,1206500.0
TI00009404,TXN0003128,PROD00063,2,631600.0
TI00009405,TXN0003128,PROD00014,4,2104400.0
TI00009406,TXN0003129,PROD00157,4,6815900.0
TI00009407,TXN0003129,PROD00168,3,54200.0
TI00009408,TXN0003129,PROD00077,3,37900.0
TI00009409,TXN0003129,PROD00071,3,501200.0
TI00009410,TXN0003129,PROD00081,1,41700.0
TI00009411,TXN0003130,PROD00149,4,370000.0
TI00009412,TXN0003130,PROD00044,3,2984700.0
TI00009413,TXN0003130,PROD00110,3,130700.0
TI00009414,TXN0003130,PROD00035,2,3271400.0
TI00009415,TXN0003131,PROD00146,4,647500.0
TI00009416,TXN0003131,PROD00028,1,497400.0
TI00009417,TXN0003131,PROD00177,3,228400.0
TI00009418,TXN0003132,PROD00167,3,79900.0
TI00009419,TXN0003132,PROD00132,1,6814300.0
TI00009420,TXN0003132,PROD00054,4,1692000.0
TI00009421,TXN0003132,PROD00157,4,6815900.0
TI00009422,TXN0003132,PROD00133,3,521500.0
TI00009423,TXN0003133,PROD00058,1,1306500.0
TI00009424,TXN0003133,PROD00173,4,67500.0
TI00009425,TXN0003133,PROD00128,4,202200.0
TI00009426,TXN0003133,PROD00085,3,262600.0
TI00009427,TXN0003133,PROD00107,2,75800.0
TI00009428,TXN0003134,PROD00015,1,327100.0
TI00009429,TXN0003134,PROD00114,4,362300.0
TI00009430,TXN0003135,PROD00081,1,41700.0
TI00009431,TXN0003135,PROD00169,1,6358700.0
TI00009432,TXN0003136,PROD00150,2,874600.0
TI00009433,TXN0003136,PROD00041,3,792800.0
TI00009434,TXN0003136,PROD00039,3,1936200.0
TI00009435,TXN0003136,PROD00049,1,244600.0
TI00009436,TXN0003137,PROD00149,2,370000.0
TI00009437,TXN0003137,PROD00151,3,116700.0
TI00009438,TXN0003137,PROD00155,1,277300.0
TI00009439,TXN0003137,PROD00088,2,220600.0
TI00009440,TXN0003138,PROD00041,2,792800.0
TI00009441,TXN0003138,PROD00118,3,97800.0
TI00009442,TXN0003139,PROD00160,3,297400.0
TI00009443,TXN0003139,PROD00116,1,561100.0
TI00009444,TXN0003139,PROD00040,2,3685900.0
TI00009445,TXN0003140,PROD00125,3,716900.0
TI00009446,TXN0003140,PROD00020,1,176500.0
TI00009447,TXN0003140,PROD00075,2,382900.0
TI00009448,TXN0003140,PROD00109,3,3001900.0
TI00009449,TXN0003141,PROD00010,4,675900.0
TI00009450,TXN0003141,PROD00011,1,810900.0
TI00009451,TXN0003142,PROD00080,3,204100.0
TI00009452,TXN0003142,PROD00068,4,189500.0
TI00009453,TXN0003142,PROD00093,4,2689800.0
TI00009454,TXN0003142,PROD00145,1,626300.0
TI00009455,TXN0003143,PROD00064,2,1537200.0
TI00009456,TXN0003143,PROD00170,4,806200.0
TI00009457,TXN0003143,PROD00153,1,121800.0
TI00009458,TXN0003143,PROD00024,4,595000.0
TI00009459,TXN0003143,PROD00163,3,337100.0
TI00009460,TXN0003144,PROD00039,2,1936200.0
TI00009461,TXN0003144,PROD00139,1,621000.0
TI00009462,TXN0003145,PROD00073,3,55700.0
TI00009463,TXN0003145,PROD00108,2,570800.0
TI00009464,TXN0003145,PROD00143,1,115300.0
TI00009465,TXN0003146,PROD00088,1,220600.0
TI00009466,TXN0003146,PROD00149,2,370000.0
TI00009467,TXN0003146,PROD00086,4,8987800.0
TI00009468,TXN0003147,PROD00002,3,1365600.0
TI00009469,TXN0003147,PROD00128,2,202200.0
TI00009470,TXN0003147,PROD00125,2,716900.0
TI00009471,TXN0003147,PROD00138,2,57200.0
TI00009472,TXN0003148,PROD00148,1,272900.0
TI00009473,TXN0003148,PROD00154,3,192800.0
TI00009474,TXN0003149,PROD00134,2,1383900.0
TI00009475,TXN0003150,PROD00097,1,2301200.0
TI00009476,TXN0003150,PROD00170,2,806200.0
TI00009477,TXN0003150,PROD00037,2,718700.0
TI00009478,TXN0003150,PROD00109,2,3001900.0
TI00009479,TXN0003150,PROD00145,1,626300.0
TI00009480,TXN0003151,PROD00103,1,499800.0
TI00009481,TXN0003152,PROD00007,1,456400.0
TI00009482,TXN0003152,PROD00018,2,2056700.0
TI00009483,TXN0003152,PROD00088,1,220600.0
TI00009484,TXN0003152,PROD00174,1,71600.0
TI00009485,TXN0003153,PROD00009,2,183500.0
TI00009486,TXN0003153,PROD00118,1,97800.0
TI00009487,TXN0003153,PROD00112,4,3050100.0
TI00009488,TXN0003153,PROD00154,2,192800.0
TI00009489,TXN0003153,PROD00122,1,2205900.0
TI00009490,TXN0003154,PROD00151,1,116700.0
TI00009491,TXN0003154,PROD00163,2,337100.0
TI00009492,TXN0003155,PROD00038,1,3280700.0
TI00009493,TXN0003155,PROD00029,4,747300.0
TI00009494,TXN0003155,PROD00001,1,179800.0
TI00009495,TXN0003155,PROD00087,2,86200.0
TI00009496,TXN0003155,PROD00058,2,1306500.0
TI00009497,TXN0003156,PROD00144,2,2659900.0
TI00009498,TXN0003157,PROD00168,4,54200.0
TI00009499,TXN0003157,PROD00119,3,3450500.0
TI00009500,TXN0003158,PROD00144,4,2659900.0
TI00009501,TXN0003158,PROD00083,2,6771700.0
TI00009502,TXN0003158,PROD00126,2,219500.0
TI00009503,TXN0003158,PROD00139,1,621000.0
TI00009504,TXN0003158,PROD00138,4,57200.0
TI00009505,TXN0003159,PROD00178,1,55100.0
TI00009506,TXN0003159,PROD00170,1,806200.0
TI00009507,TXN0003160,PROD00142,4,324600.0
TI00009508,TXN0003160,PROD00014,3,2104400.0
TI00009509,TXN0003160,PROD00075,3,382900.0
TI00009510,TXN0003160,PROD00067,2,1694500.0
TI00009511,TXN0003160,PROD00107,3,75800.0
TI00009512,TXN0003161,PROD00146,4,647500.0
TI00009513,TXN0003162,PROD00113,3,4916800.0
TI00009514,TXN0003162,PROD00040,3,3685900.0
TI00009515,TXN0003162,PROD00178,2,55100.0
TI00009516,TXN0003163,PROD00178,3,55100.0
TI00009517,TXN0003163,PROD00065,1,846500.0
TI00009518,TXN0003163,PROD00121,4,190400.0
TI00009519,TXN0003163,PROD00127,1,172600.0
TI00009520,TXN0003164,PROD00123,1,520300.0
TI00009521,TXN0003164,PROD00120,4,283500.0
TI00009522,TXN0003164,PROD00118,1,97800.0
TI00009523,TXN0003165,PROD00040,1,3685900.0
TI00009524,TXN0003165,PROD00103,2,499800.0
TI00009525,TXN0003165,PROD00134,2,1383900.0
TI00009526,TXN0003166,PROD00165,4,242000.0
TI00009527,TXN0003167,PROD00007,4,456400.0
TI00009528,TXN0003167,PROD00001,1,179800.0
TI00009529,TXN0003167,PROD00088,4,220600.0
TI00009530,TXN0003167,PROD00051,1,752100.0
TI00009531,TXN0003168,PROD00139,1,621000.0
TI00009532,TXN0003168,PROD00132,4,6814300.0
TI00009533,TXN0003168,PROD00003,4,623300.0
TI00009534,TXN0003168,PROD00052,3,58000.0
TI00009535,TXN0003169,PROD00163,4,337100.0
TI00009536,TXN0003169,PROD00017,2,61400.0
TI00009537,TXN0003169,PROD00037,1,718700.0
TI00009538,TXN0003170,PROD00176,3,168200.0
TI00009539,TXN0003170,PROD00093,1,2689800.0
TI00009540,TXN0003170,PROD00061,4,8063300.0
TI00009541,TXN0003170,PROD00096,1,366200.0
TI00009542,TXN0003170,PROD00173,1,67500.0
TI00009543,TXN0003171,PROD00175,4,99600.0
TI00009544,TXN0003171,PROD00067,1,1694500.0
TI00009545,TXN0003171,PROD00143,1,115300.0
TI00009546,TXN0003171,PROD00006,4,1710300.0
TI00009547,TXN0003171,PROD00134,1,1383900.0
TI00009548,TXN0003172,PROD00094,2,365200.0
TI00009549,TXN0003173,PROD00121,3,190400.0
TI00009550,TXN0003174,PROD00058,3,1306500.0
TI00009551,TXN0003174,PROD00109,4,3001900.0
TI00009552,TXN0003175,PROD00106,1,610900.0
TI00009553,TXN0003175,PROD00022,3,1337300.0
TI00009554,TXN0003175,PROD00172,1,162600.0
TI00009555,TXN0003176,PROD00001,4,179800.0
TI00009556,TXN0003176,PROD00014,3,2104400.0
TI00009557,TXN0003176,PROD00174,1,71600.0
TI00009558,TXN0003176,PROD00121,2,190400.0
TI00009559,TXN0003176,PROD00028,1,497400.0
TI00009560,TXN0003177,PROD00145,2,626300.0
TI00009561,TXN0003177,PROD00122,2,2205900.0
TI00009562,TXN0003177,PROD00042,1,110400.0
TI00009563,TXN0003178,PROD00159,3,3240200.0
TI00009564,TXN0003178,PROD00121,4,190400.0
TI00009565,TXN0003179,PROD00164,4,103200.0
TI00009566,TXN0003179,PROD00059,3,3249400.0
TI00009567,TXN0003179,PROD00154,4,192800.0
TI00009568,TXN0003180,PROD00089,4,11224800.0
TI00009569,TXN0003180,PROD00039,3,1936200.0
TI00009570,TXN0003181,PROD00022,1,1337300.0
TI00009571,TXN0003181,PROD00104,3,179700.0
TI00009572,TXN0003181,PROD00073,2,55700.0
TI00009573,TXN0003182,PROD00024,4,595000.0
TI00009574,TXN0003182,PROD00049,2,244600.0
TI00009575,TXN0003182,PROD00062,4,83600.0
TI00009576,TXN0003183,PROD00176,1,168200.0
TI00009577,TXN0003183,PROD00156,4,117900.0
TI00009578,TXN0003183,PROD00115,1,1810600.0
TI00009579,TXN0003183,PROD00098,3,66400.0
TI00009580,TXN0003183,PROD00137,3,59500.0
TI00009581,TXN0003184,PROD00078,3,473100.0
TI00009582,TXN0003184,PROD00154,3,192800.0
TI00009583,TXN0003184,PROD00169,4,6358700.0
TI00009584,TXN0003184,PROD00012,1,744700.0
TI00009585,TXN0003185,PROD00157,3,6815900.0
TI00009586,TXN0003185,PROD00009,4,183500.0
TI00009587,TXN0003185,PROD00132,2,6814300.0
TI00009588,TXN0003185,PROD00015,3,327100.0
TI00009589,TXN0003185,PROD00055,1,29300.0
TI00009590,TXN0003186,PROD00085,4,262600.0
TI00009591,TXN0003186,PROD00007,2,456400.0
TI00009592,TXN0003186,PROD00145,2,626300.0
TI00009593,TXN0003187,PROD00082,4,435600.0
TI00009594,TXN0003187,PROD00038,1,3280700.0
TI00009595,TXN0003188,PROD00180,3,96700.0
TI00009596,TXN0003189,PROD00174,3,71600.0
TI00009597,TXN0003189,PROD00109,2,3001900.0
TI00009598,TXN0003189,PROD00131,2,2828000.0
TI00009599,TXN0003189,PROD00157,1,6815900.0
TI00009600,TXN0003190,PROD00106,1,610900.0
TI00009601,TXN0003190,PROD00031,4,571800.0
TI00009602,TXN0003190,PROD00129,2,67800.0
TI00009603,TXN0003190,PROD00171,3,9207400.0
TI00009604,TXN0003190,PROD00054,1,1692000.0
TI00009605,TXN0003191,PROD00169,3,6358700.0
TI00009606,TXN0003191,PROD00108,2,570800.0
TI00009607,TXN0003192,PROD00085,2,262600.0
TI00009608,TXN0003192,PROD00076,4,609300.0
TI00009609,TXN0003192,PROD00140,1,10502400.0
TI00009610,TXN0003193,PROD00121,3,190400.0
TI00009611,TXN0003193,PROD00175,4,99600.0
TI00009612,TXN0003193,PROD00066,3,162000.0
TI00009613,TXN0003194,PROD00027,4,124600.0
TI00009614,TXN0003194,PROD00124,2,11671600.0
TI00009615,TXN0003194,PROD00141,1,527900.0
TI00009616,TXN0003194,PROD00065,3,846500.0
TI00009617,TXN0003195,PROD00087,3,86200.0
TI00009618,TXN0003195,PROD00138,2,57200.0
TI00009619,TXN0003195,PROD00013,2,1045000.0
TI00009620,TXN0003195,PROD00070,4,191800.0
TI00009621,TXN0003196,PROD00133,4,521500.0
TI00009622,TXN0003196,PROD00167,4,79900.0
TI00009623,TXN0003196,PROD00159,3,3240200.0
TI00009624,TXN0003196,PROD00117,3,188000.0
TI00009625,TXN0003196,PROD00151,3,116700.0
TI00009626,TXN0003197,PROD00116,2,561100.0
TI00009627,TXN0003197,PROD00076,3,609300.0
TI00009628,TXN0003197,PROD00018,1,2056700.0
TI00009629,TXN0003198,PROD00149,2,370000.0
TI00009630,TXN0003198,PROD00178,4,55100.0
TI00009631,TXN0003199,PROD00112,1,3050100.0
TI00009632,TXN0003199,PROD00047,2,165600.0
TI00009633,TXN0003199,PROD00179,3,1206500.0
TI00009634,TXN0003199,PROD00117,4,188000.0
TI00009635,TXN0003199,PROD00086,2,8987800.0
TI00009636,TXN0003200,PROD00072,3,470400.0
TI00009637,TXN0003200,PROD00136,3,787800.0
TI00009638,TXN0003201,PROD00105,3,76100.0
TI00009639,TXN0003201,PROD00031,4,571800.0
TI00009640,TXN0003201,PROD00018,4,2056700.0
TI00009641,TXN0003202,PROD00120,1,283500.0
TI00009642,TXN0003203,PROD00065,1,846500.0
TI00009643,TXN0003203,PROD00133,4,521500.0
TI00009644,TXN0003203,PROD00008,1,86100.0
TI00009645,TXN0003203,PROD00081,2,41700.0
TI00009646,TXN0003203,PROD00060,2,218600.0
TI00009647,TXN0003204,PROD00062,2,83600.0
TI00009648,TXN0003204,PROD00064,4,1537200.0
TI00009649,TXN0003204,PROD00014,2,2104400.0
TI00009650,TXN0003205,PROD00106,3,610900.0
TI00009651,TXN0003205,PROD00163,4,337100.0
TI00009652,TXN0003205,PROD00167,3,79900.0
TI00009653,TXN0003205,PROD00042,4,110400.0
TI00009654,TXN0003205,PROD00073,2,55700.0
TI00009655,TXN0003206,PROD00161,2,231200.0
TI00009656,TXN0003206,PROD00020,1,176500.0
TI00009657,TXN0003207,PROD00139,1,621000.0
TI00009658,TXN0003207,PROD00013,3,1045000.0
TI00009659,TXN0003207,PROD00102,3,171600.0
TI00009660,TXN0003207,PROD00107,3,75800.0
TI00009661,TXN0003208,PROD00103,3,499800.0
TI00009662,TXN0003208,PROD00097,3,2301200.0
TI00009663,TXN0003208,PROD00060,1,218600.0
TI00009664,TXN0003208,PROD00091,1,17600.0
TI00009665,TXN0003208,PROD00111,2,5440300.0
TI00009666,TXN0003209,PROD00087,1,86200.0
TI00009667,TXN0003209,PROD00036,2,11966500.0
TI00009668,TXN0003210,PROD00150,3,874600.0
TI00009669,TXN0003210,PROD00011,4,810900.0
TI00009670,TXN0003210,PROD00081,3,41700.0
TI00009671,TXN0003210,PROD00158,2,488300.0
TI00009672,TXN0003211,PROD00115,2,1810600.0
TI00009673,TXN0003211,PROD00010,1,675900.0
TI00009674,TXN0003211,PROD00085,2,262600.0
TI00009675,TXN0003212,PROD00143,2,115300.0
TI00009676,TXN0003212,PROD00118,1,97800.0
TI00009677,TXN0003212,PROD00024,2,595000.0
TI00009678,TXN0003212,PROD00043,4,223400.0
TI00009679,TXN0003212,PROD00054,4,1692000.0
TI00009680,TXN0003213,PROD00033,4,10971800.0
TI00009681,TXN0003213,PROD00114,2,362300.0
TI00009682,TXN0003213,PROD00124,4,11671600.0
TI00009683,TXN0003214,PROD00048,4,88700.0
TI00009684,TXN0003214,PROD00121,4,190400.0
TI00009685,TXN0003214,PROD00037,1,718700.0
TI00009686,TXN0003215,PROD00130,4,213000.0
TI00009687,TXN0003216,PROD00069,1,145200.0
TI00009688,TXN0003216,PROD00113,1,4916800.0
TI00009689,TXN0003217,PROD00059,3,3249400.0
TI00009690,TXN0003217,PROD00057,3,2101600.0
TI00009691,TXN0003217,PROD00069,4,145200.0
TI00009692,TXN0003217,PROD00164,2,103200.0
TI00009693,TXN0003217,PROD00163,3,337100.0
TI00009694,TXN0003218,PROD00167,4,79900.0
TI00009695,TXN0003218,PROD00034,4,1485900.0
TI00009696,TXN0003219,PROD00085,3,262600.0
TI00009697,TXN0003219,PROD00055,4,29300.0
TI00009698,TXN0003219,PROD00087,2,86200.0
TI00009699,TXN0003220,PROD00044,3,2984700.0
TI00009700,TXN0003220,PROD00141,4,527900.0
TI00009701,TXN0003221,PROD00066,2,162000.0
TI00009702,TXN0003221,PROD00011,3,810900.0
TI00009703,TXN0003222,PROD00180,4,96700.0
TI00009704,TXN0003222,PROD00176,1,168200.0
TI00009705,TXN0003222,PROD00058,3,1306500.0
TI00009706,TXN0003222,PROD00149,1,370000.0
TI00009707,TXN0003222,PROD00116,1,561100.0
TI00009708,TXN0003223,PROD00138,3,57200.0
TI00009709,TXN0003223,PROD00018,4,2056700.0
TI00009710,TXN0003223,PROD00093,4,2689800.0
TI00009711,TXN0003223,PROD00150,2,874600.0
TI00009712,TXN0003223,PROD00108,4,570800.0
TI00009713,TXN0003224,PROD00003,3,623300.0
TI00009714,TXN0003224,PROD00077,4,37900.0
TI00009715,TXN0003224,PROD00072,4,470400.0
TI00009716,TXN0003224,PROD00132,2,6814300.0
TI00009717,TXN0003224,PROD00172,2,162600.0
TI00009718,TXN0003225,PROD00019,3,353800.0
TI00009719,TXN0003225,PROD00177,3,228400.0
TI00009720,TXN0003225,PROD00042,4,110400.0
TI00009721,TXN0003225,PROD00073,4,55700.0
TI00009722,TXN0003225,PROD00140,1,10502400.0
TI00009723,TXN0003226,PROD00042,3,110400.0
TI00009724,TXN0003226,PROD00062,3,83600.0
TI00009725,TXN0003226,PROD00174,3,71600.0
TI00009726,TXN0003226,PROD00158,2,488300.0
TI00009727,TXN0003227,PROD00007,3,456400.0
TI00009728,TXN0003227,PROD00163,2,337100.0
TI00009729,TXN0003227,PROD00143,1,115300.0
TI00009730,TXN0003227,PROD00153,1,121800.0
TI00009731,TXN0003228,PROD00063,1,631600.0
TI00009732,TXN0003228,PROD00148,1,272900.0
TI00009733,TXN0003229,PROD00140,2,10502400.0
TI00009734,TXN0003229,PROD00058,3,1306500.0
TI00009735,TXN0003230,PROD00020,1,176500.0
TI00009736,TXN0003230,PROD00010,3,675900.0
TI00009737,TXN0003230,PROD00139,2,621000.0
TI00009738,TXN0003230,PROD00173,2,67500.0
TI00009739,TXN0003230,PROD00005,4,613400.0
TI00009740,TXN0003231,PROD00006,4,1710300.0
TI00009741,TXN0003231,PROD00034,4,1485900.0
TI00009742,TXN0003231,PROD00163,2,337100.0
TI00009743,TXN0003231,PROD00168,4,54200.0
TI00009744,TXN0003232,PROD00094,3,365200.0
TI00009745,TXN0003232,PROD00156,4,117900.0
TI00009746,TXN0003232,PROD00111,3,5440300.0
TI00009747,TXN0003232,PROD00169,3,6358700.0
TI00009748,TXN0003233,PROD00088,3,220600.0
TI00009749,TXN0003233,PROD00157,3,6815900.0
TI00009750,TXN0003233,PROD00146,2,647500.0
TI00009751,TXN0003233,PROD00095,4,428500.0
TI00009752,TXN0003233,PROD00007,2,456400.0
TI00009753,TXN0003234,PROD00114,1,362300.0
TI00009754,TXN0003235,PROD00058,3,1306500.0
TI00009755,TXN0003235,PROD00160,2,297400.0
TI00009756,TXN0003235,PROD00089,3,11224800.0
TI00009757,TXN0003235,PROD00042,2,110400.0
TI00009758,TXN0003235,PROD00177,1,228400.0
TI00009759,TXN0003236,PROD00042,1,110400.0
TI00009760,TXN0003236,PROD00020,1,176500.0
TI00009761,TXN0003236,PROD00101,2,11745100.0
TI00009762,TXN0003236,PROD00167,1,79900.0
TI00009763,TXN0003236,PROD00081,3,41700.0
TI00009764,TXN0003237,PROD00076,1,609300.0
TI00009765,TXN0003237,PROD00082,2,435600.0
TI00009766,TXN0003237,PROD00039,1,1936200.0
TI00009767,TXN0003238,PROD00160,1,297400.0
TI00009768,TXN0003238,PROD00068,2,189500.0
TI00009769,TXN0003238,PROD00119,3,3450500.0
TI00009770,TXN0003238,PROD00052,1,58000.0
TI00009771,TXN0003239,PROD00175,1,99600.0
TI00009772,TXN0003239,PROD00062,2,83600.0
TI00009773,TXN0003239,PROD00045,3,75500.0
TI00009774,TXN0003240,PROD00150,4,874600.0
TI00009775,TXN0003240,PROD00052,2,58000.0
TI00009776,TXN0003241,PROD00046,1,314500.0
TI00009777,TXN0003242,PROD00091,3,17600.0
TI00009778,TXN0003242,PROD00123,1,520300.0
TI00009779,TXN0003243,PROD00065,2,846500.0
TI00009780,TXN0003243,PROD00023,3,225100.0
TI00009781,TXN0003243,PROD00035,3,3271400.0
TI00009782,TXN0003243,PROD00168,4,54200.0
TI00009783,TXN0003243,PROD00061,1,8063300.0
TI00009784,TXN0003244,PROD00023,3,225100.0
TI00009785,TXN0003244,PROD00030,3,10909100.0
TI00009786,TXN0003244,PROD00053,4,197800.0
TI00009787,TXN0003244,PROD00078,1,473100.0
TI00009788,TXN0003244,PROD00060,2,218600.0
TI00009789,TXN0003245,PROD00110,2,130700.0
TI00009790,TXN0003245,PROD00140,4,10502400.0
TI00009791,TXN0003245,PROD00107,2,75800.0
TI00009792,TXN0003245,PROD00023,3,225100.0
TI00009793,TXN0003246,PROD00039,1,1936200.0
TI00009794,TXN0003247,PROD00179,2,1206500.0
TI00009795,TXN0003248,PROD00011,3,810900.0
TI00009796,TXN0003248,PROD00024,3,595000.0
TI00009797,TXN0003249,PROD00155,1,277300.0
TI00009798,TXN0003249,PROD00013,4,1045000.0
TI00009799,TXN0003249,PROD00143,4,115300.0
TI00009800,TXN0003249,PROD00140,3,10502400.0
TI00009801,TXN0003249,PROD00166,3,120600.0
TI00009802,TXN0003250,PROD00147,1,229500.0
TI00009803,TXN0003251,PROD00132,2,6814300.0
TI00009804,TXN0003252,PROD00083,2,6771700.0
TI00009805,TXN0003252,PROD00101,1,11745100.0
TI00009806,TXN0003253,PROD00111,4,5440300.0
TI00009807,TXN0003253,PROD00161,4,231200.0
TI00009808,TXN0003254,PROD00003,2,623300.0
TI00009809,TXN0003255,PROD00030,3,10909100.0
TI00009810,TXN0003255,PROD00130,1,213000.0
TI00009811,TXN0003255,PROD00123,1,520300.0
TI00009812,TXN0003255,PROD00075,2,382900.0
TI00009813,TXN0003255,PROD00010,2,675900.0
TI00009814,TXN0003256,PROD00070,3,191800.0
TI00009815,TXN0003256,PROD00068,4,189500.0
TI00009816,TXN0003257,PROD00066,4,162000.0
TI00009817,TXN0003258,PROD00127,4,172600.0
TI00009818,TXN0003259,PROD00092,4,198900.0
TI00009819,TXN0003259,PROD00168,2,54200.0
TI00009820,TXN0003260,PROD00054,2,1692000.0
TI00009821,TXN0003260,PROD00031,4,571800.0
TI00009822,TXN0003260,PROD00101,1,11745100.0
TI00009823,TXN0003260,PROD00007,1,456400.0
TI00009824,TXN0003261,PROD00008,4,86100.0
TI00009825,TXN0003261,PROD00049,2,244600.0
TI00009826,TXN0003261,PROD00147,1,229500.0
TI00009827,TXN0003261,PROD00157,4,6815900.0
TI00009828,TXN0003262,PROD00004,3,1254300.0
TI00009829,TXN0003263,PROD00102,2,171600.0
TI00009830,TXN0003263,PROD00176,2,168200.0
TI00009831,TXN0003263,PROD00155,4,277300.0
TI00009832,TXN0003263,PROD00063,1,631600.0
TI00009833,TXN0003263,PROD00036,1,11966500.0
TI00009834,TXN0003264,PROD00007,4,456400.0
TI00009835,TXN0003265,PROD00144,4,2659900.0
TI00009836,TXN0003266,PROD00056,2,246400.0
TI00009837,TXN0003266,PROD00077,1,37900.0
TI00009838,TXN0003267,PROD00126,2,219500.0
TI00009839,TXN0003267,PROD00076,2,609300.0
TI00009840,TXN0003267,PROD00074,2,99400.0
TI00009841,TXN0003267,PROD00179,4,1206500.0
TI00009842,TXN0003267,PROD00139,3,621000.0
TI00009843,TXN0003268,PROD00048,2,88700.0
TI00009844,TXN0003268,PROD00037,3,718700.0
TI00009845,TXN0003268,PROD00135,3,495100.0
TI00009846,TXN0003268,PROD00084,3,1607800.0
TI00009847,TXN0003269,PROD00055,1,29300.0
TI00009848,TXN0003270,PROD00055,3,29300.0
TI00009849,TXN0003271,PROD00127,4,172600.0
TI00009850,TXN0003271,PROD00139,2,621000.0
TI00009851,TXN0003271,PROD00144,4,2659900.0
TI00009852,TXN0003271,PROD00053,2,197800.0
TI00009853,TXN0003272,PROD00067,2,1694500.0
TI00009854,TXN0003273,PROD00094,4,365200.0
TI00009855,TXN0003273,PROD00133,3,521500.0
TI00009856,TXN0003273,PROD00080,4,204100.0
TI00009857,TXN0003273,PROD00106,4,610900.0
TI00009858,TXN0003274,PROD00060,1,218600.0
TI00009859,TXN0003274,PROD00126,4,219500.0
TI00009860,TXN0003274,PROD00023,2,225100.0
TI00009861,TXN0003274,PROD00034,1,1485900.0
TI00009862,TXN0003275,PROD00044,4,2984700.0
TI00009863,TXN0003275,PROD00148,4,272900.0
TI00009864,TXN0003275,PROD00114,1,362300.0
TI00009865,TXN0003276,PROD00132,1,6814300.0
TI00009866,TXN0003276,PROD00078,1,473100.0
TI00009867,TXN0003276,PROD00002,3,1365600.0
TI00009868,TXN0003277,PROD00113,1,4916800.0
TI00009869,TXN0003277,PROD00046,3,314500.0
TI00009870,TXN0003277,PROD00140,2,10502400.0
TI00009871,TXN0003278,PROD00138,3,57200.0
TI00009872,TXN0003278,PROD00098,4,66400.0
TI00009873,TXN0003278,PROD00031,1,571800.0
TI00009874,TXN0003278,PROD00027,2,124600.0
TI00009875,TXN0003279,PROD00156,3,117900.0
TI00009876,TXN0003279,PROD00043,3,223400.0
TI00009877,TXN0003279,PROD00103,3,499800.0
TI00009878,TXN0003279,PROD00006,4,1710300.0
TI00009879,TXN0003279,PROD00086,3,8987800.0
TI00009880,TXN0003280,PROD00129,3,67800.0
TI00009881,TXN0003280,PROD00064,2,1537200.0
TI00009882,TXN0003280,PROD00098,4,66400.0
TI00009883,TXN0003280,PROD00130,4,213000.0
TI00009884,TXN0003281,PROD00051,3,752100.0
TI00009885,TXN0003282,PROD00072,3,470400.0
TI00009886,TXN0003282,PROD00087,4,86200.0
TI00009887,TXN0003282,PROD00146,4,647500.0
TI00009888,TXN0003283,PROD00002,1,1365600.0
TI00009889,TXN0003283,PROD00023,4,225100.0
TI00009890,TXN0003284,PROD00039,4,1936200.0
TI00009891,TXN0003284,PROD00057,3,2101600.0
TI00009892,TXN0003284,PROD00134,2,1383900.0
TI00009893,TXN0003284,PROD00097,1,2301200.0
TI00009894,TXN0003285,PROD00136,1,787800.0
TI00009895,TXN0003285,PROD00060,3,218600.0
TI00009896,TXN0003285,PROD00137,4,59500.0
TI00009897,TXN0003285,PROD00095,1,428500.0
TI00009898,TXN0003286,PROD00008,1,86100.0
TI00009899,TXN0003286,PROD00155,4,277300.0
TI00009900,TXN0003286,PROD00147,3,229500.0
TI00009901,TXN0003287,PROD00018,2,2056700.0
TI00009902,TXN0003288,PROD00071,3,501200.0
TI00009903,TXN0003288,PROD00136,3,787800.0
TI00009904,TXN0003289,PROD00119,4,3450500.0
TI00009905,TXN0003289,PROD00009,2,183500.0
TI00009906,TXN0003289,PROD00004,4,1254300.0
TI00009907,TXN0003289,PROD00177,3,228400.0
TI00009908,TXN0003290,PROD00079,2,31800.0
TI00009909,TXN0003291,PROD00157,3,6815900.0
TI00009910,TXN0003291,PROD00100,3,546800.0
TI00009911,TXN0003291,PROD00110,2,130700.0
TI00009912,TXN0003292,PROD00179,4,1206500.0
TI00009913,TXN0003292,PROD00091,3,17600.0
TI00009914,TXN0003292,PROD00112,2,3050100.0
TI00009915,TXN0003292,PROD00034,1,1485900.0
TI00009916,TXN0003293,PROD00018,3,2056700.0
TI00009917,TXN0003293,PROD00166,3,120600.0
TI00009918,TXN0003293,PROD00115,4,1810600.0
TI00009919,TXN0003293,PROD00053,3,197800.0
TI00009920,TXN0003294,PROD00060,1,218600.0
TI00009921,TXN0003294,PROD00081,4,41700.0
TI00009922,TXN0003295,PROD00042,3,110400.0
TI00009923,TXN0003295,PROD00109,4,3001900.0
TI00009924,TXN0003296,PROD00114,1,362300.0
TI00009925,TXN0003297,PROD00033,3,10971800.0
TI00009926,TXN0003298,PROD00020,3,176500.0
TI00009927,TXN0003298,PROD00062,3,83600.0
TI00009928,TXN0003298,PROD00011,1,810900.0
TI00009929,TXN0003298,PROD00070,3,191800.0
TI00009930,TXN0003299,PROD00039,2,1936200.0
TI00009931,TXN0003299,PROD00139,4,621000.0
TI00009932,TXN0003299,PROD00052,2,58000.0
TI00009933,TXN0003300,PROD00104,1,179700.0
TI00009934,TXN0003300,PROD00169,2,6358700.0
TI00009935,TXN0003300,PROD00126,1,219500.0
TI00009936,TXN0003301,PROD00071,1,501200.0
TI00009937,TXN0003301,PROD00164,1,103200.0
TI00009938,TXN0003301,PROD00117,3,188000.0
TI00009939,TXN0003301,PROD00121,2,190400.0
TI00009940,TXN0003302,PROD00010,3,675900.0
TI00009941,TXN0003302,PROD00173,1,67500.0
TI00009942,TXN0003302,PROD00134,1,1383900.0
TI00009943,TXN0003302,PROD00153,4,121800.0
TI00009944,TXN0003303,PROD00031,3,571800.0
TI00009945,TXN0003303,PROD00020,3,176500.0
TI00009946,TXN0003303,PROD00077,4,37900.0
TI00009947,TXN0003303,PROD00103,1,499800.0
TI00009948,TXN0003304,PROD00016,4,167400.0
TI00009949,TXN0003304,PROD00148,3,272900.0
TI00009950,TXN0003305,PROD00055,3,29300.0
TI00009951,TXN0003305,PROD00172,2,162600.0
TI00009952,TXN0003305,PROD00133,2,521500.0
TI00009953,TXN0003305,PROD00140,4,10502400.0
TI00009954,TXN0003306,PROD00173,4,67500.0
TI00009955,TXN0003306,PROD00127,1,172600.0
TI00009956,TXN0003306,PROD00118,2,97800.0
TI00009957,TXN0003306,PROD00002,3,1365600.0
TI00009958,TXN0003306,PROD00015,2,327100.0
TI00009959,TXN0003307,PROD00041,1,792800.0
TI00009960,TXN0003308,PROD00042,1,110400.0
TI00009961,TXN0003308,PROD00043,4,223400.0
TI00009962,TXN0003308,PROD00104,4,179700.0
TI00009963,TXN0003308,PROD00124,4,11671600.0
TI00009964,TXN0003308,PROD00147,1,229500.0
TI00009965,TXN0003309,PROD00093,3,2689800.0
TI00009966,TXN0003309,PROD00053,4,197800.0
TI00009967,TXN0003309,PROD00141,1,527900.0
TI00009968,TXN0003309,PROD00056,4,246400.0
TI00009969,TXN0003310,PROD00035,4,3271400.0
TI00009970,TXN0003310,PROD00028,1,497400.0
TI00009971,TXN0003310,PROD00001,1,179800.0
TI00009972,TXN0003310,PROD00004,4,1254300.0
TI00009973,TXN0003310,PROD00049,1,244600.0
TI00009974,TXN0003311,PROD00016,4,167400.0
TI00009975,TXN0003311,PROD00136,2,787800.0
TI00009976,TXN0003311,PROD00162,2,532200.0
TI00009977,TXN0003311,PROD00132,1,6814300.0
TI00009978,TXN0003311,PROD00107,4,75800.0
TI00009979,TXN0003312,PROD00061,4,8063300.0
TI00009980,TXN0003312,PROD00070,4,191800.0
TI00009981,TXN0003312,PROD00130,3,213000.0
TI00009982,TXN0003312,PROD00153,4,121800.0
TI00009983,TXN0003312,PROD00040,4,3685900.0
TI00009984,TXN0003313,PROD00089,3,11224800.0
TI00009985,TXN0003313,PROD00016,3,167400.0
TI00009986,TXN0003313,PROD00122,4,2205900.0
TI00009987,TXN0003313,PROD00074,3,99400.0
TI00009988,TXN0003314,PROD00121,3,190400.0
TI00009989,TXN0003314,PROD00102,1,171600.0
TI00009990,TXN0003314,PROD00093,2,2689800.0
TI00009991,TXN0003314,PROD00174,1,71600.0
TI00009992,TXN0003315,PROD00123,1,520300.0
TI00009993,TXN0003315,PROD00148,2,272900.0
TI00009994,TXN0003315,PROD00090,3,838900.0
TI00009995,TXN0003315,PROD00001,3,179800.0
TI00009996,TXN0003316,PROD00048,4,88700.0
TI00009997,TXN0003317,PROD00056,2,246400.0
TI00009998,TXN0003318,PROD00089,4,11224800.0
TI00009999,TXN0003318,PROD00044,2,2984700.0
TI00010000,TXN0003318,PROD00096,2,366200.0
TI00010001,TXN0003319,PROD00119,3,3450500.0
TI00010002,TXN0003320,PROD00059,3,3249400.0
TI00010003,TXN0003320,PROD00086,2,8987800.0
TI00010004,TXN0003320,PROD00023,2,225100.0
TI00010005,TXN0003320,PROD00111,3,5440300.0
TI00010006,TXN0003321,PROD00033,3,10971800.0
TI00010007,TXN0003322,PROD00163,1,337100.0
TI00010008,TXN0003322,PROD00148,3,272900.0
TI00010009,TXN0003322,PROD00152,2,170900.0
TI00010010,TXN0003322,PROD00007,4,456400.0
TI00010011,TXN0003323,PROD00035,4,3271400.0
TI00010012,TXN0003323,PROD00127,2,172600.0
TI00010013,TXN0003324,PROD00091,2,17600.0
TI00010014,TXN0003324,PROD00179,4,1206500.0
TI00010015,TXN0003324,PROD00103,2,499800.0
TI00010016,TXN0003324,PROD00041,2,792800.0
TI00010017,TXN0003324,PROD00134,4,1383900.0
TI00010018,TXN0003325,PROD00054,4,1692000.0
TI00010019,TXN0003325,PROD00027,1,124600.0
TI00010020,TXN0003325,PROD00010,1,675900.0
TI00010021,TXN0003325,PROD00060,3,218600.0
TI00010022,TXN0003325,PROD00059,2,3249400.0
TI00010023,TXN0003326,PROD00115,3,1810600.0
TI00010024,TXN0003326,PROD00003,2,623300.0
TI00010025,TXN0003327,PROD00175,2,99600.0
TI00010026,TXN0003327,PROD00032,3,359500.0
TI00010027,TXN0003328,PROD00033,3,10971800.0
TI00010028,TXN0003329,PROD00069,4,145200.0
TI00010029,TXN0003330,PROD00152,3,170900.0
TI00010030,TXN0003331,PROD00147,1,229500.0
TI00010031,TXN0003331,PROD00169,4,6358700.0
TI00010032,TXN0003331,PROD00099,3,497200.0
TI00010033,TXN0003331,PROD00139,3,621000.0
TI00010034,TXN0003332,PROD00177,3,228400.0
TI00010035,TXN0003332,PROD00037,4,718700.0
TI00010036,TXN0003332,PROD00025,2,57900.0
TI00010037,TXN0003333,PROD00008,2,86100.0
TI00010038,TXN0003333,PROD00083,4,6771700.0
TI00010039,TXN0003333,PROD00053,2,197800.0
TI00010040,TXN0003334,PROD00093,2,2689800.0
TI00010041,TXN0003334,PROD00158,1,488300.0
TI00010042,TXN0003334,PROD00053,2,197800.0
TI00010043,TXN0003334,PROD00068,4,189500.0
TI00010044,TXN0003334,PROD00034,4,1485900.0
TI00010045,TXN0003335,PROD00021,3,423700.0
TI00010046,TXN0003335,PROD00178,1,55100.0
TI00010047,TXN0003336,PROD00153,3,121800.0
TI00010048,TXN0003337,PROD00021,1,423700.0
TI00010049,TXN0003337,PROD00175,2,99600.0
TI00010050,TXN0003337,PROD00176,3,168200.0
TI00010051,TXN0003338,PROD00112,1,3050100.0
TI00010052,TXN0003338,PROD00167,4,79900.0
TI00010053,TXN0003338,PROD00135,4,495100.0
TI00010054,TXN0003338,PROD00104,2,179700.0
TI00010055,TXN0003339,PROD00024,4,595000.0
TI00010056,TXN0003339,PROD00077,2,37900.0
TI00010057,TXN0003339,PROD00146,2,647500.0
TI00010058,TXN0003339,PROD00148,3,272900.0
TI00010059,TXN0003340,PROD00136,2,787800.0
TI00010060,TXN0003340,PROD00086,3,8987800.0
TI00010061,TXN0003341,PROD00044,3,2984700.0
TI00010062,TXN0003341,PROD00040,4,3685900.0
TI00010063,TXN0003341,PROD00027,2,124600.0
TI00010064,TXN0003341,PROD00084,4,1607800.0
TI00010065,TXN0003342,PROD00066,1,162000.0
TI00010066,TXN0003342,PROD00158,2,488300.0
TI00010067,TXN0003342,PROD00087,3,86200.0
TI00010068,TXN0003342,PROD00153,3,121800.0
TI00010069,TXN0003342,PROD00074,3,99400.0
TI00010070,TXN0003343,PROD00170,1,806200.0
TI00010071,TXN0003343,PROD00168,4,54200.0
TI00010072,TXN0003343,PROD00095,1,428500.0
TI00010073,TXN0003343,PROD00051,4,752100.0
TI00010074,TXN0003344,PROD00039,1,1936200.0
TI00010075,TXN0003345,PROD00053,2,197800.0
TI00010076,TXN0003345,PROD00098,2,66400.0
TI00010077,TXN0003345,PROD00172,3,162600.0
TI00010078,TXN0003345,PROD00097,4,2301200.0
TI00010079,TXN0003346,PROD00044,3,2984700.0
TI00010080,TXN0003346,PROD00053,4,197800.0
TI00010081,TXN0003347,PROD00002,1,1365600.0
TI00010082,TXN0003347,PROD00025,1,57900.0
TI00010083,TXN0003347,PROD00149,3,370000.0
TI00010084,TXN0003347,PROD00032,4,359500.0
TI00010085,TXN0003348,PROD00054,3,1692000.0
TI00010086,TXN0003348,PROD00040,4,3685900.0
TI00010087,TXN0003348,PROD00106,2,610900.0
TI00010088,TXN0003348,PROD00080,4,204100.0
TI00010089,TXN0003349,PROD00124,4,11671600.0
TI00010090,TXN0003350,PROD00127,4,172600.0
TI00010091,TXN0003350,PROD00025,3,57900.0
TI00010092,TXN0003351,PROD00028,2,497400.0
TI00010093,TXN0003351,PROD00004,3,1254300.0
TI00010094,TXN0003351,PROD00074,4,99400.0
TI00010095,TXN0003351,PROD00090,4,838900.0
TI00010096,TXN0003351,PROD00126,3,219500.0
TI00010097,TXN0003352,PROD00139,1,621000.0
TI00010098,TXN0003352,PROD00113,3,4916800.0
TI00010099,TXN0003353,PROD00089,4,11224800.0
TI00010100,TXN0003353,PROD00023,3,225100.0
TI00010101,TXN0003353,PROD00142,4,324600.0
TI00010102,TXN0003353,PROD00049,4,244600.0
TI00010103,TXN0003354,PROD00068,1,189500.0
TI00010104,TXN0003354,PROD00091,4,17600.0
TI00010105,TXN0003355,PROD00102,2,171600.0
TI00010106,TXN0003356,PROD00062,4,83600.0
TI00010107,TXN0003356,PROD00012,3,744700.0
TI00010108,TXN0003357,PROD00060,4,218600.0
TI00010109,TXN0003357,PROD00092,3,198900.0
TI00010110,TXN0003357,PROD00065,2,846500.0
TI00010111,TXN0003358,PROD00100,4,546800.0
TI00010112,TXN0003358,PROD00009,1,183500.0
TI00010113,TXN0003358,PROD00061,1,8063300.0
TI00010114,TXN0003359,PROD00080,3,204100.0
TI00010115,TXN0003359,PROD00108,4,570800.0
TI00010116,TXN0003359,PROD00160,4,297400.0
TI00010117,TXN0003360,PROD00016,4,167400.0
TI00010118,TXN0003360,PROD00055,3,29300.0
TI00010119,TXN0003360,PROD00123,4,520300.0
TI00010120,TXN0003360,PROD00104,4,179700.0
TI00010121,TXN0003360,PROD00067,1,1694500.0
TI00010122,TXN0003361,PROD00048,2,88700.0
TI00010123,TXN0003362,PROD00175,4,99600.0
TI00010124,TXN0003362,PROD00104,1,179700.0
TI00010125,TXN0003362,PROD00179,1,1206500.0
TI00010126,TXN0003362,PROD00081,1,41700.0
TI00010127,TXN0003362,PROD00090,3,838900.0
TI00010128,TXN0003363,PROD00034,4,1485900.0
TI00010129,TXN0003363,PROD00140,1,10502400.0
TI00010130,TXN0003363,PROD00107,1,75800.0
TI00010131,TXN0003364,PROD00081,2,41700.0
TI00010132,TXN0003364,PROD00001,3,179800.0
TI00010133,TXN0003364,PROD00007,4,456400.0
TI00010134,TXN0003365,PROD00048,3,88700.0
TI00010135,TXN0003366,PROD00024,1,595000.0
TI00010136,TXN0003366,PROD00096,3,366200.0
TI00010137,TXN0003366,PROD00144,1,2659900.0
TI00010138,TXN0003366,PROD00015,2,327100.0
TI00010139,TXN0003366,PROD00099,4,497200.0
TI00010140,TXN0003367,PROD00087,1,86200.0
TI00010141,TXN0003367,PROD00031,2,571800.0
TI00010142,TXN0003367,PROD00148,4,272900.0
TI00010143,TXN0003368,PROD00129,4,67800.0
TI00010144,TXN0003369,PROD00002,3,1365600.0
TI00010145,TXN0003369,PROD00138,2,57200.0
TI00010146,TXN0003369,PROD00003,2,623300.0
TI00010147,TXN0003369,PROD00165,2,242000.0
TI00010148,TXN0003370,PROD00126,1,219500.0
TI00010149,TXN0003371,PROD00152,2,170900.0
TI00010150,TXN0003371,PROD00057,2,2101600.0
TI00010151,TXN0003372,PROD00148,2,272900.0
TI00010152,TXN0003372,PROD00091,1,17600.0
TI00010153,TXN0003372,PROD00042,3,110400.0
TI00010154,TXN0003373,PROD00055,4,29300.0
TI00010155,TXN0003374,PROD00093,4,2689800.0
TI00010156,TXN0003374,PROD00134,2,1383900.0
TI00010157,TXN0003374,PROD00143,4,115300.0
TI00010158,TXN0003374,PROD00090,3,838900.0
TI00010159,TXN0003375,PROD00103,2,499800.0
TI00010160,TXN0003375,PROD00028,4,497400.0
TI00010161,TXN0003375,PROD00018,2,2056700.0
TI00010162,TXN0003375,PROD00177,1,228400.0
TI00010163,TXN0003376,PROD00095,1,428500.0
TI00010164,TXN0003376,PROD00019,2,353800.0
TI00010165,TXN0003376,PROD00110,1,130700.0
TI00010166,TXN0003376,PROD00082,1,435600.0
TI00010167,TXN0003376,PROD00126,4,219500.0
TI00010168,TXN0003377,PROD00139,1,621000.0
TI00010169,TXN0003378,PROD00174,2,71600.0
TI00010170,TXN0003378,PROD00158,2,488300.0
TI00010171,TXN0003379,PROD00127,2,172600.0
TI00010172,TXN0003379,PROD00149,2,370000.0
TI00010173,TXN0003379,PROD00035,1,3271400.0
TI00010174,TXN0003379,PROD00016,3,167400.0
TI00010175,TXN0003379,PROD00110,3,130700.0
TI00010176,TXN0003380,PROD00027,1,124600.0
TI00010177,TXN0003380,PROD00006,4,1710300.0
TI00010178,TXN0003380,PROD00150,1,874600.0
TI00010179,TXN0003380,PROD00100,3,546800.0
TI00010180,TXN0003380,PROD00163,3,337100.0
TI00010181,TXN0003381,PROD00023,2,225100.0
TI00010182,TXN0003381,PROD00017,1,61400.0
TI00010183,TXN0003382,PROD00032,1,359500.0
TI00010184,TXN0003382,PROD00104,3,179700.0
TI00010185,TXN0003382,PROD00071,3,501200.0
TI00010186,TXN0003382,PROD00027,4,124600.0
TI00010187,TXN0003382,PROD00177,1,228400.0
TI00010188,TXN0003383,PROD00178,4,55100.0
TI00010189,TXN0003384,PROD00142,2,324600.0
TI00010190,TXN0003385,PROD00084,1,1607800.0
TI00010191,TXN0003385,PROD00068,4,189500.0
TI00010192,TXN0003385,PROD00072,1,470400.0
TI00010193,TXN0003385,PROD00145,3,626300.0
TI00010194,TXN0003385,PROD00091,1,17600.0
TI00010195,TXN0003386,PROD00068,2,189500.0
TI00010196,TXN0003386,PROD00088,3,220600.0
TI00010197,TXN0003386,PROD00102,1,171600.0
TI00010198,TXN0003386,PROD00111,4,5440300.0
TI00010199,TXN0003387,PROD00171,1,9207400.0
TI00010200,TXN0003387,PROD00159,3,3240200.0
TI00010201,TXN0003388,PROD00111,3,5440300.0
TI00010202,TXN0003388,PROD00046,4,314500.0
TI00010203,TXN0003388,PROD00081,4,41700.0
TI00010204,TXN0003388,PROD00049,4,244600.0
TI00010205,TXN0003389,PROD00025,4,57900.0
TI00010206,TXN0003390,PROD00135,4,495100.0
TI00010207,TXN0003390,PROD00162,1,532200.0
TI00010208,TXN0003391,PROD00133,2,521500.0
TI00010209,TXN0003391,PROD00082,4,435600.0
TI00010210,TXN0003391,PROD00150,2,874600.0
TI00010211,TXN0003391,PROD00004,4,1254300.0
TI00010212,TXN0003392,PROD00100,4,546800.0
TI00010213,TXN0003393,PROD00003,2,623300.0
TI00010214,TXN0003393,PROD00049,3,244600.0
TI00010215,TXN0003393,PROD00079,4,31800.0
TI00010216,TXN0003393,PROD00153,4,121800.0
TI00010217,TXN0003394,PROD00095,4,428500.0
TI00010218,TXN0003394,PROD00097,3,2301200.0
TI00010219,TXN0003394,PROD00041,1,792800.0
TI00010220,TXN0003394,PROD00128,2,202200.0
TI00010221,TXN0003395,PROD00023,3,225100.0
TI00010222,TXN0003395,PROD00038,2,3280700.0
TI00010223,TXN0003396,PROD00088,3,220600.0
TI00010224,TXN0003396,PROD00039,4,1936200.0
TI00010225,TXN0003397,PROD00134,4,1383900.0
TI00010226,TXN0003397,PROD00159,1,3240200.0
TI00010227,TXN0003397,PROD00080,4,204100.0
TI00010228,TXN0003398,PROD00003,3,623300.0
TI00010229,TXN0003398,PROD00161,2,231200.0
TI00010230,TXN0003399,PROD00070,2,191800.0
TI00010231,TXN0003399,PROD00096,3,366200.0
TI00010232,TXN0003399,PROD00106,2,610900.0
TI00010233,TXN0003399,PROD00005,2,613400.0
TI00010234,TXN0003399,PROD00085,2,262600.0
TI00010235,TXN0003400,PROD00002,1,1365600.0
TI00010236,TXN0003401,PROD00058,1,1306500.0
TI00010237,TXN0003401,PROD00028,3,497400.0
TI00010238,TXN0003401,PROD00071,1,501200.0
TI00010239,TXN0003402,PROD00057,4,2101600.0
TI00010240,TXN0003402,PROD00068,4,189500.0
TI00010241,TXN0003402,PROD00178,2,55100.0
TI00010242,TXN0003402,PROD00051,3,752100.0
TI00010243,TXN0003402,PROD00175,1,99600.0
TI00010244,TXN0003403,PROD00110,2,130700.0
TI00010245,TXN0003404,PROD00021,1,423700.0
TI00010246,TXN0003404,PROD00129,4,67800.0
TI00010247,TXN0003404,PROD00028,2,497400.0
TI00010248,TXN0003404,PROD00168,3,54200.0
TI00010249,TXN0003404,PROD00004,2,1254300.0
TI00010250,TXN0003405,PROD00133,3,521500.0
TI00010251,TXN0003405,PROD00158,3,488300.0
TI00010252,TXN0003405,PROD00112,4,3050100.0
TI00010253,TXN0003405,PROD00056,4,246400.0
TI00010254,TXN0003406,PROD00055,2,29300.0
TI00010255,TXN0003406,PROD00180,2,96700.0
TI00010256,TXN0003406,PROD00077,4,37900.0
TI00010257,TXN0003406,PROD00129,2,67800.0
TI00010258,TXN0003407,PROD00048,3,88700.0
TI00010259,TXN0003407,PROD00033,2,10971800.0
TI00010260,TXN0003407,PROD00164,3,103200.0
TI00010261,TXN0003408,PROD00135,1,495100.0
TI00010262,TXN0003408,PROD00174,3,71600.0
TI00010263,TXN0003408,PROD00143,1,115300.0
TI00010264,TXN0003408,PROD00048,2,88700.0
TI00010265,TXN0003409,PROD00048,3,88700.0
TI00010266,TXN0003409,PROD00131,4,2828000.0
TI00010267,TXN0003409,PROD00121,4,190400.0
TI00010268,TXN0003409,PROD00041,4,792800.0
TI00010269,TXN0003409,PROD00002,4,1365600.0
TI00010270,TXN0003410,PROD00137,2,59500.0
TI00010271,TXN0003411,PROD00179,1,1206500.0
TI00010272,TXN0003411,PROD00129,2,67800.0
TI00010273,TXN0003411,PROD00115,1,1810600.0
TI00010274,TXN0003412,PROD00176,2,168200.0
TI00010275,TXN0003413,PROD00155,3,277300.0
TI00010276,TXN0003413,PROD00049,2,244600.0
TI00010277,TXN0003413,PROD00027,4,124600.0
TI00010278,TXN0003414,PROD00066,3,162000.0
TI00010279,TXN0003415,PROD00072,3,470400.0
TI00010280,TXN0003416,PROD00153,3,121800.0
TI00010281,TXN0003416,PROD00098,3,66400.0
TI00010282,TXN0003416,PROD00079,2,31800.0
TI00010283,TXN0003416,PROD00091,2,17600.0
TI00010284,TXN0003416,PROD00119,1,3450500.0
TI00010285,TXN0003417,PROD00175,3,99600.0
TI00010286,TXN0003418,PROD00071,4,501200.0
TI00010287,TXN0003418,PROD00149,2,370000.0
TI00010288,TXN0003419,PROD00120,2,283500.0
TI00010289,TXN0003419,PROD00008,3,86100.0
TI00010290,TXN0003419,PROD00024,2,595000.0
TI00010291,TXN0003419,PROD00007,3,456400.0
TI00010292,TXN0003419,PROD00012,3,744700.0
TI00010293,TXN0003420,PROD00180,1,96700.0
TI00010294,TXN0003420,PROD00092,1,198900.0
TI00010295,TXN0003420,PROD00142,4,324600.0
TI00010296,TXN0003420,PROD00106,4,610900.0
TI00010297,TXN0003420,PROD00161,1,231200.0
TI00010298,TXN0003421,PROD00147,4,229500.0
TI00010299,TXN0003421,PROD00152,3,170900.0
TI00010300,TXN0003421,PROD00040,2,3685900.0
TI00010301,TXN0003422,PROD00132,4,6814300.0
TI00010302,TXN0003422,PROD00033,3,10971800.0
TI00010303,TXN0003423,PROD00031,2,571800.0
TI00010304,TXN0003423,PROD00042,2,110400.0
TI00010305,TXN0003424,PROD00143,1,115300.0
TI00010306,TXN0003424,PROD00011,3,810900.0
TI00010307,TXN0003424,PROD00113,4,4916800.0
TI00010308,TXN0003425,PROD00056,4,246400.0
TI00010309,TXN0003425,PROD00102,4,171600.0
TI00010310,TXN0003425,PROD00143,4,115300.0
TI00010311,TXN0003425,PROD00119,3,3450500.0
TI00010312,TXN0003425,PROD00080,1,204100.0
TI00010313,TXN0003426,PROD00104,4,179700.0
TI00010314,TXN0003426,PROD00099,3,497200.0
TI00010315,TXN0003427,PROD00036,1,11966500.0
TI00010316,TXN0003427,PROD00042,2,110400.0
TI00010317,TXN0003427,PROD00141,2,527900.0
TI00010318,TXN0003427,PROD00040,1,3685900.0
TI00010319,TXN0003428,PROD00138,3,57200.0
TI00010320,TXN0003428,PROD00043,4,223400.0
TI00010321,TXN0003428,PROD00124,2,11671600.0
TI00010322,TXN0003428,PROD00143,4,115300.0
TI00010323,TXN0003429,PROD00053,4,197800.0
TI00010324,TXN0003429,PROD00051,2,752100.0
TI00010325,TXN0003429,PROD00003,1,623300.0
TI00010326,TXN0003429,PROD00077,4,37900.0
TI00010327,TXN0003429,PROD00093,4,2689800.0
TI00010328,TXN0003430,PROD00140,1,10502400.0
TI00010329,TXN0003430,PROD00091,2,17600.0
TI00010330,TXN0003430,PROD00060,2,218600.0
TI00010331,TXN0003431,PROD00088,3,220600.0
TI00010332,TXN0003431,PROD00134,1,1383900.0
TI00010333,TXN0003432,PROD00169,2,6358700.0
TI00010334,TXN0003432,PROD00080,3,204100.0
TI00010335,TXN0003432,PROD00111,2,5440300.0
TI00010336,TXN0003432,PROD00090,1,838900.0
TI00010337,TXN0003432,PROD00026,1,1447900.0
TI00010338,TXN0003433,PROD00143,1,115300.0
TI00010339,TXN0003433,PROD00175,3,99600.0
TI00010340,TXN0003433,PROD00023,2,225100.0
TI00010341,TXN0003433,PROD00122,4,2205900.0
TI00010342,TXN0003434,PROD00087,3,86200.0
TI00010343,TXN0003434,PROD00149,3,370000.0
TI00010344,TXN0003434,PROD00090,2,838900.0
TI00010345,TXN0003434,PROD00093,1,2689800.0
TI00010346,TXN0003435,PROD00027,4,124600.0
TI00010347,TXN0003435,PROD00054,2,1692000.0
TI00010348,TXN0003436,PROD00128,4,202200.0
TI00010349,TXN0003436,PROD00046,4,314500.0
TI00010350,TXN0003436,PROD00126,4,219500.0
TI00010351,TXN0003436,PROD00103,4,499800.0
TI00010352,TXN0003436,PROD00119,3,3450500.0
TI00010353,TXN0003437,PROD00144,2,2659900.0
TI00010354,TXN0003437,PROD00109,3,3001900.0
TI00010355,TXN0003437,PROD00019,1,353800.0
TI00010356,TXN0003438,PROD00019,1,353800.0
TI00010357,TXN0003438,PROD00150,3,874600.0
TI00010358,TXN0003438,PROD00089,2,11224800.0
TI00010359,TXN0003438,PROD00057,4,2101600.0
TI00010360,TXN0003438,PROD00143,4,115300.0
TI00010361,TXN0003439,PROD00156,4,117900.0
TI00010362,TXN0003439,PROD00004,4,1254300.0
TI00010363,TXN0003440,PROD00009,1,183500.0
TI00010364,TXN0003441,PROD00135,3,495100.0
TI00010365,TXN0003441,PROD00001,2,179800.0
TI00010366,TXN0003441,PROD00079,2,31800.0
TI00010367,TXN0003442,PROD00159,1,3240200.0
TI00010368,TXN0003442,PROD00041,1,792800.0
TI00010369,TXN0003442,PROD00020,1,176500.0
TI00010370,TXN0003442,PROD00067,4,1694500.0
TI00010371,TXN0003443,PROD00118,3,97800.0
TI00010372,TXN0003443,PROD00156,1,117900.0
TI00010373,TXN0003443,PROD00005,3,613400.0
TI00010374,TXN0003444,PROD00170,4,806200.0
TI00010375,TXN0003444,PROD00007,4,456400.0
TI00010376,TXN0003444,PROD00098,2,66400.0
TI00010377,TXN0003444,PROD00117,4,188000.0
TI00010378,TXN0003444,PROD00157,4,6815900.0
TI00010379,TXN0003445,PROD00173,2,67500.0
TI00010380,TXN0003445,PROD00101,4,11745100.0
TI00010381,TXN0003445,PROD00031,2,571800.0
TI00010382,TXN0003445,PROD00012,4,744700.0
TI00010383,TXN0003445,PROD00047,3,165600.0
TI00010384,TXN0003446,PROD00015,4,327100.0
TI00010385,TXN0003446,PROD00094,4,365200.0
TI00010386,TXN0003447,PROD00121,3,190400.0
TI00010387,TXN0003447,PROD00027,4,124600.0
TI00010388,TXN0003447,PROD00171,2,9207400.0
TI00010389,TXN0003447,PROD00166,2,120600.0
TI00010390,TXN0003447,PROD00094,4,365200.0
TI00010391,TXN0003448,PROD00030,3,10909100.0
TI00010392,TXN0003449,PROD00053,1,197800.0
TI00010393,TXN0003449,PROD00161,4,231200.0
TI00010394,TXN0003449,PROD00047,3,165600.0
TI00010395,TXN0003449,PROD00106,4,610900.0
TI00010396,TXN0003450,PROD00165,1,242000.0
TI00010397,TXN0003450,PROD00176,3,168200.0
TI00010398,TXN0003450,PROD00141,4,527900.0
TI00010399,TXN0003450,PROD00108,2,570800.0
TI00010400,TXN0003450,PROD00017,3,61400.0
TI00010401,TXN0003451,PROD00076,3,609300.0
TI00010402,TXN0003451,PROD00055,3,29300.0
TI00010403,TXN0003451,PROD00179,4,1206500.0
TI00010404,TXN0003451,PROD00050,1,134700.0
TI00010405,TXN0003451,PROD00106,2,610900.0
TI00010406,TXN0003452,PROD00126,4,219500.0
TI00010407,TXN0003452,PROD00102,4,171600.0
TI00010408,TXN0003453,PROD00068,4,189500.0
TI00010409,TXN0003453,PROD00086,4,8987800.0
TI00010410,TXN0003453,PROD00133,3,521500.0
TI00010411,TXN0003453,PROD00114,3,362300.0
TI00010412,TXN0003454,PROD00161,4,231200.0
TI00010413,TXN0003454,PROD00062,3,83600.0
TI00010414,TXN0003454,PROD00071,3,501200.0
TI00010415,TXN0003455,PROD00094,2,365200.0
TI00010416,TXN0003456,PROD00144,3,2659900.0
TI00010417,TXN0003457,PROD00081,3,41700.0
TI00010418,TXN0003457,PROD00059,3,3249400.0
TI00010419,TXN0003457,PROD00165,1,242000.0
TI00010420,TXN0003457,PROD00160,2,297400.0
TI00010421,TXN0003458,PROD00009,2,183500.0
TI00010422,TXN0003458,PROD00124,2,11671600.0
TI00010423,TXN0003458,PROD00135,2,495100.0
TI00010424,TXN0003458,PROD00002,3,1365600.0
TI00010425,TXN0003458,PROD00096,4,366200.0
TI00010426,TXN0003459,PROD00156,2,117900.0
TI00010427,TXN0003459,PROD00031,4,571800.0
TI00010428,TXN0003460,PROD00011,2,810900.0
TI00010429,TXN0003460,PROD00179,4,1206500.0
TI00010430,TXN0003460,PROD00071,2,501200.0
TI00010431,TXN0003460,PROD00008,1,86100.0
TI00010432,TXN0003460,PROD00122,3,2205900.0
TI00010433,TXN0003461,PROD00066,3,162000.0
TI00010434,TXN0003461,PROD00008,1,86100.0
TI00010435,TXN0003462,PROD00059,4,3249400.0
TI00010436,TXN0003462,PROD00137,2,59500.0
TI00010437,TXN0003462,PROD00116,2,561100.0
TI00010438,TXN0003462,PROD00162,3,532200.0
TI00010439,TXN0003462,PROD00149,4,370000.0
TI00010440,TXN0003463,PROD00111,2,5440300.0
TI00010441,TXN0003463,PROD00010,4,675900.0
TI00010442,TXN0003463,PROD00064,2,1537200.0
TI00010443,TXN0003463,PROD00056,4,246400.0
TI00010444,TXN0003464,PROD00153,3,121800.0
TI00010445,TXN0003464,PROD00038,1,3280700.0
TI00010446,TXN0003464,PROD00014,1,2104400.0
TI00010447,TXN0003465,PROD00112,1,3050100.0
TI00010448,TXN0003465,PROD00012,3,744700.0
TI00010449,TXN0003465,PROD00124,1,11671600.0
TI00010450,TXN0003465,PROD00137,4,59500.0
TI00010451,TXN0003466,PROD00163,2,337100.0
TI00010452,TXN0003466,PROD00121,1,190400.0
TI00010453,TXN0003466,PROD00052,4,58000.0
TI00010454,TXN0003466,PROD00133,1,521500.0
TI00010455,TXN0003466,PROD00051,3,752100.0
TI00010456,TXN0003467,PROD00122,2,2205900.0
TI00010457,TXN0003467,PROD00136,3,787800.0
TI00010458,TXN0003467,PROD00152,1,170900.0
TI00010459,TXN0003468,PROD00105,2,76100.0
TI00010460,TXN0003468,PROD00009,4,183500.0
TI00010461,TXN0003469,PROD00121,1,190400.0
TI00010462,TXN0003469,PROD00086,1,8987800.0
TI00010463,TXN0003469,PROD00111,2,5440300.0
TI00010464,TXN0003469,PROD00016,2,167400.0
TI00010465,TXN0003469,PROD00124,2,11671600.0
TI00010466,TXN0003470,PROD00146,2,647500.0
TI00010467,TXN0003470,PROD00029,2,747300.0
TI00010468,TXN0003471,PROD00166,1,120600.0
TI00010469,TXN0003471,PROD00151,2,116700.0
TI00010470,TXN0003471,PROD00134,2,1383900.0
TI00010471,TXN0003471,PROD00077,4,37900.0
TI00010472,TXN0003471,PROD00173,4,67500.0
TI00010473,TXN0003472,PROD00178,4,55100.0
TI00010474,TXN0003472,PROD00130,1,213000.0
TI00010475,TXN0003472,PROD00003,1,623300.0
TI00010476,TXN0003473,PROD00008,4,86100.0
TI00010477,TXN0003474,PROD00053,4,197800.0
TI00010478,TXN0003474,PROD00138,3,57200.0
TI00010479,TXN0003474,PROD00175,2,99600.0
TI00010480,TXN0003474,PROD00166,1,120600.0
TI00010481,TXN0003474,PROD00078,2,473100.0
TI00010482,TXN0003475,PROD00119,3,3450500.0
TI00010483,TXN0003475,PROD00055,3,29300.0
TI00010484,TXN0003475,PROD00111,1,5440300.0
TI00010485,TXN0003476,PROD00034,1,1485900.0
TI00010486,TXN0003476,PROD00123,2,520300.0
TI00010487,TXN0003476,PROD00048,1,88700.0
TI00010488,TXN0003476,PROD00132,4,6814300.0
TI00010489,TXN0003476,PROD00015,2,327100.0
TI00010490,TXN0003477,PROD00022,4,1337300.0
TI00010491,TXN0003477,PROD00110,3,130700.0
TI00010492,TXN0003478,PROD00069,3,145200.0
TI00010493,TXN0003478,PROD00011,2,810900.0
TI00010494,TXN0003478,PROD00142,1,324600.0
TI00010495,TXN0003479,PROD00112,2,3050100.0
TI00010496,TXN0003479,PROD00002,4,1365600.0
TI00010497,TXN0003479,PROD00088,1,220600.0
TI00010498,TXN0003480,PROD00034,4,1485900.0
TI00010499,TXN0003481,PROD00063,4,631600.0
TI00010500,TXN0003481,PROD00092,3,198900.0
TI00010501,TXN0003482,PROD00008,1,86100.0
TI00010502,TXN0003482,PROD00113,3,4916800.0
TI00010503,TXN0003483,PROD00175,2,99600.0
TI00010504,TXN0003483,PROD00119,2,3450500.0
TI00010505,TXN0003484,PROD00161,3,231200.0
TI00010506,TXN0003484,PROD00156,2,117900.0
TI00010507,TXN0003485,PROD00002,2,1365600.0
TI00010508,TXN0003485,PROD00006,2,1710300.0
TI00010509,TXN0003485,PROD00075,1,382900.0
TI00010510,TXN0003486,PROD00178,4,55100.0
TI00010511,TXN0003487,PROD00078,1,473100.0
TI00010512,TXN0003488,PROD00015,3,327100.0
TI00010513,TXN0003488,PROD00089,3,11224800.0
TI00010514,TXN0003489,PROD00092,2,198900.0
TI00010515,TXN0003489,PROD00114,2,362300.0
TI00010516,TXN0003489,PROD00125,3,716900.0
TI00010517,TXN0003489,PROD00154,3,192800.0
TI00010518,TXN0003489,PROD00115,3,1810600.0
TI00010519,TXN0003490,PROD00096,1,366200.0
TI00010520,TXN0003491,PROD00132,4,6814300.0
TI00010521,TXN0003491,PROD00036,3,11966500.0
TI00010522,TXN0003492,PROD00088,4,220600.0
TI00010523,TXN0003492,PROD00048,4,88700.0
TI00010524,TXN0003492,PROD00093,1,2689800.0
TI00010525,TXN0003492,PROD00094,3,365200.0
TI00010526,TXN0003492,PROD00166,3,120600.0
TI00010527,TXN0003493,PROD00032,3,359500.0
TI00010528,TXN0003493,PROD00148,3,272900.0
TI00010529,TXN0003493,PROD00109,4,3001900.0
TI00010530,TXN0003493,PROD00159,4,3240200.0
TI00010531,TXN0003493,PROD00085,1,262600.0
TI00010532,TXN0003494,PROD00132,1,6814300.0
TI00010533,TXN0003494,PROD00142,3,324600.0
TI00010534,TXN0003494,PROD00073,1,55700.0
TI00010535,TXN0003495,PROD00074,1,99400.0
TI00010536,TXN0003495,PROD00105,2,76100.0
TI00010537,TXN0003495,PROD00075,3,382900.0
TI00010538,TXN0003496,PROD00154,3,192800.0
TI00010539,TXN0003496,PROD00179,3,1206500.0
TI00010540,TXN0003496,PROD00054,1,1692000.0
TI00010541,TXN0003497,PROD00170,4,806200.0
TI00010542,TXN0003497,PROD00040,4,3685900.0
TI00010543,TXN0003498,PROD00161,3,231200.0
TI00010544,TXN0003498,PROD00128,2,202200.0
TI00010545,TXN0003498,PROD00127,3,172600.0
TI00010546,TXN0003498,PROD00070,3,191800.0
TI00010547,TXN0003499,PROD00132,2,6814300.0
TI00010548,TXN0003499,PROD00115,3,1810600.0
TI00010549,TXN0003500,PROD00121,1,190400.0
TI00010550,TXN0003500,PROD00158,3,488300.0
TI00010551,TXN0003500,PROD00010,3,675900.0
TI00010552,TXN0003500,PROD00005,3,613400.0
TI00010553,TXN0003500,PROD00127,3,172600.0
TI00010554,TXN0003501,PROD00119,4,3450500.0
TI00010555,TXN0003501,PROD00068,2,189500.0
TI00010556,TXN0003501,PROD00028,2,497400.0
TI00010557,TXN0003501,PROD00112,3,3050100.0
TI00010558,TXN0003502,PROD00085,2,262600.0
TI00010559,TXN0003502,PROD00094,3,365200.0
TI00010560,TXN0003503,PROD00111,1,5440300.0
TI00010561,TXN0003503,PROD00115,4,1810600.0
TI00010562,TXN0003503,PROD00068,3,189500.0
TI00010563,TXN0003503,PROD00160,1,297400.0
TI00010564,TXN0003504,PROD00174,4,71600.0
TI00010565,TXN0003504,PROD00124,3,11671600.0
TI00010566,TXN0003505,PROD00095,2,428500.0
TI00010567,TXN0003505,PROD00029,3,747300.0
TI00010568,TXN0003505,PROD00178,1,55100.0
TI00010569,TXN0003506,PROD00073,2,55700.0
TI00010570,TXN0003506,PROD00094,3,365200.0
TI00010571,TXN0003506,PROD00087,3,86200.0
TI00010572,TXN0003507,PROD00032,2,359500.0
TI00010573,TXN0003507,PROD00109,2,3001900.0
TI00010574,TXN0003508,PROD00180,3,96700.0
TI00010575,TXN0003508,PROD00107,1,75800.0
TI00010576,TXN0003508,PROD00131,3,2828000.0
TI00010577,TXN0003508,PROD00014,1,2104400.0
TI00010578,TXN0003509,PROD00014,4,2104400.0
TI00010579,TXN0003509,PROD00076,1,609300.0
TI00010580,TXN0003509,PROD00052,3,58000.0
TI00010581,TXN0003509,PROD00021,3,423700.0
TI00010582,TXN0003510,PROD00041,4,792800.0
TI00010583,TXN0003510,PROD00024,2,595000.0
TI00010584,TXN0003510,PROD00161,2,231200.0
TI00010585,TXN0003511,PROD00012,1,744700.0
TI00010586,TXN0003511,PROD00158,4,488300.0
TI00010587,TXN0003511,PROD00175,1,99600.0
TI00010588,TXN0003511,PROD00063,3,631600.0
TI00010589,TXN0003512,PROD00095,3,428500.0
TI00010590,TXN0003513,PROD00021,2,423700.0
TI00010591,TXN0003513,PROD00024,1,595000.0
TI00010592,TXN0003513,PROD00028,2,497400.0
TI00010593,TXN0003513,PROD00095,4,428500.0
TI00010594,TXN0003513,PROD00053,3,197800.0
TI00010595,TXN0003514,PROD00049,4,244600.0
TI00010596,TXN0003514,PROD00176,2,168200.0
TI00010597,TXN0003514,PROD00174,4,71600.0
TI00010598,TXN0003514,PROD00061,1,8063300.0
TI00010599,TXN0003514,PROD00056,2,246400.0
TI00010600,TXN0003515,PROD00140,4,10502400.0
TI00010601,TXN0003515,PROD00144,2,2659900.0
TI00010602,TXN0003516,PROD00158,4,488300.0
TI00010603,TXN0003516,PROD00055,1,29300.0
TI00010604,TXN0003516,PROD00136,4,787800.0
TI00010605,TXN0003516,PROD00077,4,37900.0
TI00010606,TXN0003516,PROD00073,4,55700.0
TI00010607,TXN0003517,PROD00140,2,10502400.0
TI00010608,TXN0003518,PROD00104,3,179700.0
TI00010609,TXN0003518,PROD00112,4,3050100.0
TI00010610,TXN0003519,PROD00066,4,162000.0
TI00010611,TXN0003520,PROD00127,4,172600.0
TI00010612,TXN0003520,PROD00154,4,192800.0
TI00010613,TXN0003521,PROD00167,4,79900.0
TI00010614,TXN0003521,PROD00084,4,1607800.0
TI00010615,TXN0003521,PROD00133,3,521500.0
TI00010616,TXN0003521,PROD00024,3,595000.0
TI00010617,TXN0003521,PROD00175,2,99600.0
TI00010618,TXN0003522,PROD00115,4,1810600.0
TI00010619,TXN0003522,PROD00170,2,806200.0
TI00010620,TXN0003522,PROD00023,3,225100.0
TI00010621,TXN0003522,PROD00079,2,31800.0
TI00010622,TXN0003522,PROD00066,1,162000.0
TI00010623,TXN0003523,PROD00104,2,179700.0
TI00010624,TXN0003523,PROD00080,3,204100.0
TI00010625,TXN0003523,PROD00168,1,54200.0
TI00010626,TXN0003523,PROD00037,2,718700.0
TI00010627,TXN0003524,PROD00145,4,626300.0
TI00010628,TXN0003524,PROD00097,4,2301200.0
TI00010629,TXN0003524,PROD00069,1,145200.0
TI00010630,TXN0003524,PROD00151,1,116700.0
TI00010631,TXN0003524,PROD00100,2,546800.0
TI00010632,TXN0003525,PROD00171,2,9207400.0
TI00010633,TXN0003525,PROD00167,3,79900.0
TI00010634,TXN0003526,PROD00036,4,11966500.0
TI00010635,TXN0003526,PROD00048,2,88700.0
TI00010636,TXN0003526,PROD00014,2,2104400.0
TI00010637,TXN0003526,PROD00058,4,1306500.0
TI00010638,TXN0003527,PROD00100,1,546800.0
TI00010639,TXN0003528,PROD00126,4,219500.0
TI00010640,TXN0003528,PROD00078,2,473100.0
TI00010641,TXN0003528,PROD00134,1,1383900.0
TI00010642,TXN0003528,PROD00084,3,1607800.0
TI00010643,TXN0003529,PROD00099,4,497200.0
TI00010644,TXN0003529,PROD00176,3,168200.0
TI00010645,TXN0003529,PROD00084,4,1607800.0
TI00010646,TXN0003529,PROD00173,4,67500.0
TI00010647,TXN0003529,PROD00116,1,561100.0
TI00010648,TXN0003530,PROD00102,4,171600.0
TI00010649,TXN0003530,PROD00164,4,103200.0
TI00010650,TXN0003531,PROD00058,3,1306500.0
TI00010651,TXN0003531,PROD00043,4,223400.0
TI00010652,TXN0003531,PROD00120,1,283500.0
TI00010653,TXN0003531,PROD00010,3,675900.0
TI00010654,TXN0003532,PROD00065,1,846500.0
TI00010655,TXN0003532,PROD00046,1,314500.0
TI00010656,TXN0003533,PROD00176,4,168200.0
TI00010657,TXN0003534,PROD00026,2,1447900.0
TI00010658,TXN0003534,PROD00095,3,428500.0
TI00010659,TXN0003534,PROD00036,1,11966500.0
TI00010660,TXN0003534,PROD00013,1,1045000.0
TI00010661,TXN0003535,PROD00088,4,220600.0
TI00010662,TXN0003536,PROD00141,1,527900.0
TI00010663,TXN0003536,PROD00082,3,435600.0
TI00010664,TXN0003536,PROD00013,2,1045000.0
TI00010665,TXN0003537,PROD00122,4,2205900.0
TI00010666,TXN0003537,PROD00109,1,3001900.0
TI00010667,TXN0003537,PROD00106,3,610900.0
TI00010668,TXN0003537,PROD00053,2,197800.0
TI00010669,TXN0003537,PROD00048,2,88700.0
TI00010670,TXN0003538,PROD00001,4,179800.0
TI00010671,TXN0003539,PROD00020,2,176500.0
TI00010672,TXN0003539,PROD00126,2,219500.0
TI00010673,TXN0003539,PROD00012,1,744700.0
TI00010674,TXN0003539,PROD00010,3,675900.0
TI00010675,TXN0003539,PROD00094,3,365200.0
TI00010676,TXN0003540,PROD00105,3,76100.0
TI00010677,TXN0003540,PROD00093,2,2689800.0
TI00010678,TXN0003540,PROD00159,4,3240200.0
TI00010679,TXN0003540,PROD00154,1,192800.0
TI00010680,TXN0003540,PROD00006,2,1710300.0
TI00010681,TXN0003541,PROD00110,3,130700.0
TI00010682,TXN0003541,PROD00025,2,57900.0
TI00010683,TXN0003541,PROD00029,1,747300.0
TI00010684,TXN0003541,PROD00075,3,382900.0
TI00010685,TXN0003541,PROD00056,1,246400.0
TI00010686,TXN0003542,PROD00032,4,359500.0
TI00010687,TXN0003542,PROD00057,1,2101600.0
TI00010688,TXN0003542,PROD00011,1,810900.0
TI00010689,TXN0003543,PROD00103,4,499800.0
TI00010690,TXN0003544,PROD00118,3,97800.0
TI00010691,TXN0003544,PROD00029,4,747300.0
TI00010692,TXN0003545,PROD00073,2,55700.0
TI00010693,TXN0003546,PROD00023,4,225100.0
TI00010694,TXN0003546,PROD00046,4,314500.0
TI00010695,TXN0003547,PROD00012,4,744700.0
TI00010696,TXN0003547,PROD00045,1,75500.0
TI00010697,TXN0003547,PROD00057,4,2101600.0
TI00010698,TXN0003547,PROD00052,3,58000.0
TI00010699,TXN0003548,PROD00108,2,570800.0
TI00010700,TXN0003549,PROD00108,2,570800.0
TI00010701,TXN0003549,PROD00117,1,188000.0
TI00010702,TXN0003550,PROD00015,1,327100.0
TI00010703,TXN0003550,PROD00037,1,718700.0
TI00010704,TXN0003550,PROD00117,1,188000.0
TI00010705,TXN0003550,PROD00081,3,41700.0
TI00010706,TXN0003551,PROD00011,3,810900.0
TI00010707,TXN0003551,PROD00110,4,130700.0
TI00010708,TXN0003551,PROD00149,1,370000.0
TI00010709,TXN0003551,PROD00001,1,179800.0
TI00010710,TXN0003552,PROD00024,2,595000.0
TI00010711,TXN0003552,PROD00099,2,497200.0
TI00010712,TXN0003552,PROD00117,2,188000.0
TI00010713,TXN0003552,PROD00177,3,228400.0
TI00010714,TXN0003552,PROD00154,2,192800.0
TI00010715,TXN0003553,PROD00179,1,1206500.0
TI00010716,TXN0003553,PROD00060,3,218600.0
TI00010717,TXN0003554,PROD00150,1,874600.0
TI00010718,TXN0003554,PROD00180,4,96700.0
TI00010719,TXN0003554,PROD00082,3,435600.0
TI00010720,TXN0003555,PROD00076,2,609300.0
TI00010721,TXN0003555,PROD00049,1,244600.0
TI00010722,TXN0003555,PROD00038,2,3280700.0
TI00010723,TXN0003555,PROD00028,3,497400.0
TI00010724,TXN0003555,PROD00136,2,787800.0
TI00010725,TXN0003556,PROD00106,3,610900.0
TI00010726,TXN0003556,PROD00136,1,787800.0
TI00010727,TXN0003556,PROD00086,1,8987800.0
TI00010728,TXN0003557,PROD00078,1,473100.0
TI00010729,TXN0003558,PROD00140,3,10502400.0
TI00010730,TXN0003558,PROD00130,1,213000.0
TI00010731,TXN0003558,PROD00009,1,183500.0
TI00010732,TXN0003559,PROD00101,2,11745100.0
TI00010733,TXN0003559,PROD00094,4,365200.0
TI00010734,TXN0003559,PROD00064,2,1537200.0
TI00010735,TXN0003560,PROD00095,4,428500.0
TI00010736,TXN0003560,PROD00180,1,96700.0
TI00010737,TXN0003560,PROD00078,1,473100.0
TI00010738,TXN0003560,PROD00050,3,134700.0
TI00010739,TXN0003561,PROD00060,1,218600.0
TI00010740,TXN0003561,PROD00116,2,561100.0
TI00010741,TXN0003561,PROD00115,1,1810600.0
TI00010742,TXN0003562,PROD00113,2,4916800.0
TI00010743,TXN0003562,PROD00016,3,167400.0
TI00010744,TXN0003562,PROD00029,2,747300.0
TI00010745,TXN0003563,PROD00055,4,29300.0
TI00010746,TXN0003563,PROD00161,1,231200.0
TI00010747,TXN0003564,PROD00136,4,787800.0
TI00010748,TXN0003564,PROD00028,3,497400.0
TI00010749,TXN0003564,PROD00117,1,188000.0
TI00010750,TXN0003564,PROD00097,3,2301200.0
TI00010751,TXN0003565,PROD00062,3,83600.0
TI00010752,TXN0003565,PROD00008,3,86100.0
TI00010753,TXN0003565,PROD00180,1,96700.0
TI00010754,TXN0003565,PROD00018,4,2056700.0
TI00010755,TXN0003565,PROD00015,2,327100.0
TI00010756,TXN0003566,PROD00097,4,2301200.0
TI00010757,TXN0003566,PROD00074,1,99400.0
TI00010758,TXN0003567,PROD00077,3,37900.0
TI00010759,TXN0003567,PROD00012,3,744700.0
TI00010760,TXN0003567,PROD00099,3,497200.0
TI00010761,TXN0003568,PROD00147,4,229500.0
TI00010762,TXN0003568,PROD00052,1,58000.0
TI00010763,TXN0003568,PROD00095,4,428500.0
TI00010764,TXN0003569,PROD00148,3,272900.0
TI00010765,TXN0003570,PROD00109,2,3001900.0
TI00010766,TXN0003570,PROD00038,4,3280700.0
TI00010767,TXN0003570,PROD00168,1,54200.0
TI00010768,TXN0003571,PROD00033,4,10971800.0
TI00010769,TXN0003572,PROD00112,2,3050100.0
TI00010770,TXN0003572,PROD00132,4,6814300.0
TI00010771,TXN0003572,PROD00006,1,1710300.0
TI00010772,TXN0003572,PROD00031,1,571800.0
TI00010773,TXN0003572,PROD00007,3,456400.0
TI00010774,TXN0003573,PROD00018,2,2056700.0
TI00010775,TXN0003573,PROD00168,4,54200.0
TI00010776,TXN0003573,PROD00120,4,283500.0
TI00010777,TXN0003573,PROD00013,2,1045000.0
TI00010778,TXN0003573,PROD00051,1,752100.0
TI00010779,TXN0003574,PROD00013,4,1045000.0
TI00010780,TXN0003574,PROD00022,2,1337300.0
TI00010781,TXN0003574,PROD00072,4,470400.0
TI00010782,TXN0003574,PROD00172,2,162600.0
TI00010783,TXN0003575,PROD00086,4,8987800.0
TI00010784,TXN0003575,PROD00110,3,130700.0
TI00010785,TXN0003575,PROD00166,4,120600.0
TI00010786,TXN0003575,PROD00168,1,54200.0
TI00010787,TXN0003575,PROD00154,4,192800.0
TI00010788,TXN0003576,PROD00100,1,546800.0
TI00010789,TXN0003576,PROD00179,2,1206500.0
TI00010790,TXN0003576,PROD00145,2,626300.0
TI00010791,TXN0003577,PROD00053,3,197800.0
TI00010792,TXN0003578,PROD00136,2,787800.0
TI00010793,TXN0003578,PROD00172,3,162600.0
TI00010794,TXN0003578,PROD00157,1,6815900.0
TI00010795,TXN0003579,PROD00069,4,145200.0
TI00010796,TXN0003579,PROD00135,2,495100.0
TI00010797,TXN0003579,PROD00107,3,75800.0
TI00010798,TXN0003579,PROD00164,1,103200.0
TI00010799,TXN0003580,PROD00126,4,219500.0
TI00010800,TXN0003581,PROD00156,3,117900.0
TI00010801,TXN0003581,PROD00062,3,83600.0
TI00010802,TXN0003581,PROD00096,2,366200.0
TI00010803,TXN0003581,PROD00158,2,488300.0
TI00010804,TXN0003582,PROD00038,2,3280700.0
TI00010805,TXN0003582,PROD00010,1,675900.0
TI00010806,TXN0003582,PROD00021,4,423700.0
TI00010807,TXN0003583,PROD00039,4,1936200.0
TI00010808,TXN0003584,PROD00023,2,225100.0
TI00010809,TXN0003584,PROD00146,2,647500.0
TI00010810,TXN0003584,PROD00108,3,570800.0
TI00010811,TXN0003584,PROD00150,2,874600.0
TI00010812,TXN0003584,PROD00148,1,272900.0
TI00010813,TXN0003585,PROD00063,4,631600.0
TI00010814,TXN0003586,PROD00083,4,6771700.0
TI00010815,TXN0003587,PROD00060,3,218600.0
TI00010816,TXN0003587,PROD00061,2,8063300.0
TI00010817,TXN0003587,PROD00085,4,262600.0
TI00010818,TXN0003588,PROD00154,3,192800.0
TI00010819,TXN0003588,PROD00173,4,67500.0
TI00010820,TXN0003589,PROD00032,4,359500.0
TI00010821,TXN0003589,PROD00030,2,10909100.0
TI00010822,TXN0003589,PROD00048,3,88700.0
TI00010823,TXN0003589,PROD00143,3,115300.0
TI00010824,TXN0003589,PROD00041,1,792800.0
TI00010825,TXN0003590,PROD00036,2,11966500.0
TI00010826,TXN0003590,PROD00149,1,370000.0
TI00010827,TXN0003591,PROD00111,3,5440300.0
TI00010828,TXN0003591,PROD00086,4,8987800.0
TI00010829,TXN0003591,PROD00003,3,623300.0
TI00010830,TXN0003591,PROD00063,1,631600.0
TI00010831,TXN0003591,PROD00146,3,647500.0
TI00010832,TXN0003592,PROD00021,2,423700.0
TI00010833,TXN0003592,PROD00118,3,97800.0
TI00010834,TXN0003592,PROD00077,2,37900.0
TI00010835,TXN0003592,PROD00053,3,197800.0
TI00010836,TXN0003592,PROD00019,3,353800.0
TI00010837,TXN0003593,PROD00177,3,228400.0
TI00010838,TXN0003594,PROD00151,2,116700.0
TI00010839,TXN0003595,PROD00159,3,3240200.0
TI00010840,TXN0003596,PROD00098,3,66400.0
TI00010841,TXN0003596,PROD00152,4,170900.0
TI00010842,TXN0003597,PROD00157,2,6815900.0
TI00010843,TXN0003597,PROD00066,2,162000.0
TI00010844,TXN0003598,PROD00118,3,97800.0
TI00010845,TXN0003598,PROD00002,3,1365600.0
TI00010846,TXN0003598,PROD00134,1,1383900.0
TI00010847,TXN0003598,PROD00138,4,57200.0
TI00010848,TXN0003599,PROD00149,3,370000.0
TI00010849,TXN0003599,PROD00165,3,242000.0
TI00010850,TXN0003600,PROD00077,2,37900.0
TI00010851,TXN0003601,PROD00160,3,297400.0
TI00010852,TXN0003601,PROD00050,2,134700.0
TI00010853,TXN0003601,PROD00090,1,838900.0
TI00010854,TXN0003602,PROD00019,4,353800.0
TI00010855,TXN0003602,PROD00130,1,213000.0
TI00010856,TXN0003602,PROD00140,2,10502400.0
TI00010857,TXN0003602,PROD00164,2,103200.0
TI00010858,TXN0003602,PROD00158,2,488300.0
TI00010859,TXN0003603,PROD00054,1,1692000.0
TI00010860,TXN0003603,PROD00136,1,787800.0
TI00010861,TXN0003603,PROD00079,1,31800.0
TI00010862,TXN0003604,PROD00077,3,37900.0
TI00010863,TXN0003604,PROD00118,4,97800.0
TI00010864,TXN0003605,PROD00099,3,497200.0
TI00010865,TXN0003605,PROD00048,3,88700.0
TI00010866,TXN0003606,PROD00042,2,110400.0
TI00010867,TXN0003606,PROD00001,3,179800.0
TI00010868,TXN0003606,PROD00046,3,314500.0
TI00010869,TXN0003606,PROD00032,4,359500.0
TI00010870,TXN0003607,PROD00146,1,647500.0
TI00010871,TXN0003607,PROD00073,4,55700.0
TI00010872,TXN0003608,PROD00064,3,1537200.0
TI00010873,TXN0003608,PROD00171,4,9207400.0
TI00010874,TXN0003608,PROD00076,4,609300.0
TI00010875,TXN0003608,PROD00059,1,3249400.0
TI00010876,TXN0003609,PROD00176,1,168200.0
TI00010877,TXN0003609,PROD00013,2,1045000.0
TI00010878,TXN0003609,PROD00170,1,806200.0
TI00010879,TXN0003609,PROD00107,1,75800.0
TI00010880,TXN0003610,PROD00049,3,244600.0
TI00010881,TXN0003610,PROD00087,1,86200.0
TI00010882,TXN0003610,PROD00035,2,3271400.0
TI00010883,TXN0003610,PROD00020,1,176500.0
TI00010884,TXN0003611,PROD00125,3,716900.0
TI00010885,TXN0003612,PROD00087,3,86200.0
TI00010886,TXN0003612,PROD00112,3,3050100.0
TI00010887,TXN0003612,PROD00065,1,846500.0
TI00010888,TXN0003612,PROD00171,2,9207400.0
TI00010889,TXN0003612,PROD00022,2,1337300.0
TI00010890,TXN0003613,PROD00004,3,1254300.0
TI00010891,TXN0003613,PROD00036,1,11966500.0
TI00010892,TXN0003613,PROD00133,3,521500.0
TI00010893,TXN0003614,PROD00113,1,4916800.0
TI00010894,TXN0003615,PROD00044,3,2984700.0
TI00010895,TXN0003615,PROD00145,2,626300.0
TI00010896,TXN0003615,PROD00016,2,167400.0
TI00010897,TXN0003615,PROD00085,1,262600.0
TI00010898,TXN0003615,PROD00046,1,314500.0
TI00010899,TXN0003616,PROD00147,3,229500.0
TI00010900,TXN0003616,PROD00150,1,874600.0
TI00010901,TXN0003617,PROD00002,3,1365600.0
TI00010902,TXN0003617,PROD00022,4,1337300.0
TI00010903,TXN0003617,PROD00056,2,246400.0
TI00010904,TXN0003618,PROD00044,2,2984700.0
TI00010905,TXN0003618,PROD00106,1,610900.0
TI00010906,TXN0003618,PROD00083,1,6771700.0
TI00010907,TXN0003619,PROD00116,3,561100.0
TI00010908,TXN0003620,PROD00159,3,3240200.0
TI00010909,TXN0003621,PROD00129,3,67800.0
TI00010910,TXN0003621,PROD00132,3,6814300.0
TI00010911,TXN0003621,PROD00134,1,1383900.0
TI00010912,TXN0003621,PROD00101,2,11745100.0
TI00010913,TXN0003621,PROD00104,4,179700.0
TI00010914,TXN0003622,PROD00118,1,97800.0
TI00010915,TXN0003622,PROD00172,4,162600.0
TI00010916,TXN0003622,PROD00084,3,1607800.0
TI00010917,TXN0003622,PROD00156,3,117900.0
TI00010918,TXN0003623,PROD00049,1,244600.0
TI00010919,TXN0003623,PROD00039,1,1936200.0
TI00010920,TXN0003623,PROD00030,1,10909100.0
TI00010921,TXN0003624,PROD00081,4,41700.0
TI00010922,TXN0003624,PROD00036,2,11966500.0
TI00010923,TXN0003624,PROD00056,2,246400.0
TI00010924,TXN0003624,PROD00027,3,124600.0
TI00010925,TXN0003624,PROD00092,2,198900.0
TI00010926,TXN0003625,PROD00065,2,846500.0
TI00010927,TXN0003625,PROD00102,4,171600.0
TI00010928,TXN0003626,PROD00041,2,792800.0
TI00010929,TXN0003626,PROD00003,3,623300.0
TI00010930,TXN0003627,PROD00041,4,792800.0
TI00010931,TXN0003627,PROD00062,4,83600.0
TI00010932,TXN0003627,PROD00138,1,57200.0
TI00010933,TXN0003628,PROD00008,2,86100.0
TI00010934,TXN0003628,PROD00080,4,204100.0
TI00010935,TXN0003628,PROD00035,4,3271400.0
TI00010936,TXN0003628,PROD00159,4,3240200.0
TI00010937,TXN0003629,PROD00139,4,621000.0
TI00010938,TXN0003630,PROD00115,3,1810600.0
TI00010939,TXN0003631,PROD00056,1,246400.0
TI00010940,TXN0003631,PROD00179,3,1206500.0
TI00010941,TXN0003632,PROD00038,3,3280700.0
TI00010942,TXN0003632,PROD00073,3,55700.0
TI00010943,TXN0003632,PROD00119,2,3450500.0
TI00010944,TXN0003632,PROD00036,4,11966500.0
TI00010945,TXN0003633,PROD00112,2,3050100.0
TI00010946,TXN0003634,PROD00149,3,370000.0
TI00010947,TXN0003634,PROD00142,2,324600.0
TI00010948,TXN0003635,PROD00142,2,324600.0
TI00010949,TXN0003636,PROD00098,2,66400.0
TI00010950,TXN0003636,PROD00166,2,120600.0
TI00010951,TXN0003637,PROD00133,3,521500.0
TI00010952,TXN0003637,PROD00006,2,1710300.0
TI00010953,TXN0003637,PROD00123,2,520300.0
TI00010954,TXN0003637,PROD00011,3,810900.0
TI00010955,TXN0003638,PROD00021,3,423700.0
TI00010956,TXN0003638,PROD00134,2,1383900.0
TI00010957,TXN0003639,PROD00175,1,99600.0
TI00010958,TXN0003639,PROD00149,2,370000.0
TI00010959,TXN0003639,PROD00152,3,170900.0
TI00010960,TXN0003639,PROD00048,2,88700.0
TI00010961,TXN0003640,PROD00015,1,327100.0
TI00010962,TXN0003640,PROD00089,4,11224800.0
TI00010963,TXN0003640,PROD00002,4,1365600.0
TI00010964,TXN0003640,PROD00121,3,190400.0
TI00010965,TXN0003641,PROD00142,4,324600.0
TI00010966,TXN0003641,PROD00077,2,37900.0
TI00010967,TXN0003641,PROD00145,3,626300.0
TI00010968,TXN0003641,PROD00073,4,55700.0
TI00010969,TXN0003641,PROD00169,4,6358700.0
TI00010970,TXN0003642,PROD00033,1,10971800.0
TI00010971,TXN0003642,PROD00019,3,353800.0
TI00010972,TXN0003642,PROD00061,3,8063300.0
TI00010973,TXN0003642,PROD00140,1,10502400.0
TI00010974,TXN0003643,PROD00092,2,198900.0
TI00010975,TXN0003643,PROD00072,3,470400.0
TI00010976,TXN0003643,PROD00044,3,2984700.0
TI00010977,TXN0003644,PROD00084,1,1607800.0
TI00010978,TXN0003645,PROD00149,4,370000.0
TI00010979,TXN0003646,PROD00029,4,747300.0
TI00010980,TXN0003646,PROD00026,4,1447900.0
TI00010981,TXN0003646,PROD00007,3,456400.0
TI00010982,TXN0003647,PROD00110,4,130700.0
TI00010983,TXN0003647,PROD00059,3,3249400.0
TI00010984,TXN0003648,PROD00065,1,846500.0
TI00010985,TXN0003649,PROD00037,4,718700.0
TI00010986,TXN0003649,PROD00061,4,8063300.0
TI00010987,TXN0003649,PROD00067,4,1694500.0
TI00010988,TXN0003649,PROD00035,1,3271400.0
TI00010989,TXN0003650,PROD00056,1,246400.0
TI00010990,TXN0003650,PROD00163,2,337100.0
TI00010991,TXN0003651,PROD00160,3,297400.0
TI00010992,TXN0003651,PROD00168,4,54200.0
TI00010993,TXN0003651,PROD00146,3,647500.0
TI00010994,TXN0003651,PROD00059,2,3249400.0
TI00010995,TXN0003651,PROD00091,1,17600.0
TI00010996,TXN0003652,PROD00082,4,435600.0
TI00010997,TXN0003652,PROD00149,2,370000.0
TI00010998,TXN0003652,PROD00109,1,3001900.0
TI00010999,TXN0003652,PROD00063,1,631600.0
TI00011000,TXN0003653,PROD00137,4,59500.0
TI00011001,TXN0003654,PROD00149,1,370000.0
TI00011002,TXN0003654,PROD00067,1,1694500.0
TI00011003,TXN0003654,PROD00173,2,67500.0
TI00011004,TXN0003655,PROD00005,3,613400.0
TI00011005,TXN0003655,PROD00063,1,631600.0
TI00011006,TXN0003655,PROD00107,1,75800.0
TI00011007,TXN0003655,PROD00077,1,37900.0
TI00011008,TXN0003655,PROD00141,2,527900.0
TI00011009,TXN0003656,PROD00078,3,473100.0
TI00011010,TXN0003656,PROD00020,1,176500.0
TI00011011,TXN0003657,PROD00133,4,521500.0
TI00011012,TXN0003657,PROD00068,1,189500.0
TI00011013,TXN0003658,PROD00121,2,190400.0
TI00011014,TXN0003658,PROD00137,2,59500.0
TI00011015,TXN0003658,PROD00115,1,1810600.0
TI00011016,TXN0003658,PROD00165,3,242000.0
TI00011017,TXN0003658,PROD00162,4,532200.0
TI00011018,TXN0003659,PROD00006,2,1710300.0
TI00011019,TXN0003659,PROD00072,3,470400.0
TI00011020,TXN0003660,PROD00053,3,197800.0
TI00011021,TXN0003660,PROD00079,2,31800.0
TI00011022,TXN0003661,PROD00006,3,1710300.0
TI00011023,TXN0003662,PROD00162,3,532200.0
TI00011024,TXN0003663,PROD00061,3,8063300.0
TI00011025,TXN0003664,PROD00147,4,229500.0
TI00011026,TXN0003664,PROD00078,2,473100.0
TI00011027,TXN0003664,PROD00035,2,3271400.0
TI00011028,TXN0003664,PROD00013,2,1045000.0
TI00011029,TXN0003665,PROD00034,4,1485900.0
TI00011030,TXN0003665,PROD00169,1,6358700.0
TI00011031,TXN0003665,PROD00022,4,1337300.0
TI00011032,TXN0003665,PROD00126,4,219500.0
TI00011033,TXN0003666,PROD00017,4,61400.0
TI00011034,TXN0003666,PROD00056,4,246400.0
TI00011035,TXN0003666,PROD00129,1,67800.0
TI00011036,TXN0003667,PROD00147,2,229500.0
TI00011037,TXN0003667,PROD00058,1,1306500.0
TI00011038,TXN0003667,PROD00158,3,488300.0
TI00011039,TXN0003667,PROD00117,4,188000.0
TI00011040,TXN0003667,PROD00165,2,242000.0
TI00011041,TXN0003668,PROD00030,3,10909100.0
TI00011042,TXN0003668,PROD00151,3,116700.0
TI00011043,TXN0003668,PROD00065,4,846500.0
TI00011044,TXN0003669,PROD00058,1,1306500.0
TI00011045,TXN0003669,PROD00072,4,470400.0
TI00011046,TXN0003669,PROD00030,4,10909100.0
TI00011047,TXN0003669,PROD00138,3,57200.0
TI00011048,TXN0003670,PROD00090,4,838900.0
TI00011049,TXN0003671,PROD00159,1,3240200.0
TI00011050,TXN0003671,PROD00050,3,134700.0
TI00011051,TXN0003671,PROD00146,2,647500.0
TI00011052,TXN0003672,PROD00072,2,470400.0
TI00011053,TXN0003672,PROD00079,2,31800.0
TI00011054,TXN0003672,PROD00154,2,192800.0
TI00011055,TXN0003673,PROD00008,3,86100.0
TI00011056,TXN0003673,PROD00106,4,610900.0
TI00011057,TXN0003673,PROD00059,4,3249400.0
TI00011058,TXN0003674,PROD00051,3,752100.0
TI00011059,TXN0003674,PROD00118,2,97800.0
TI00011060,TXN0003674,PROD00144,1,2659900.0
TI00011061,TXN0003675,PROD00087,3,86200.0
TI00011062,TXN0003675,PROD00057,3,2101600.0
TI00011063,TXN0003675,PROD00173,3,67500.0
TI00011064,TXN0003676,PROD00152,2,170900.0
TI00011065,TXN0003676,PROD00174,2,71600.0
TI00011066,TXN0003676,PROD00106,1,610900.0
TI00011067,TXN0003676,PROD00117,1,188000.0
TI00011068,TXN0003676,PROD00120,1,283500.0
TI00011069,TXN0003677,PROD00006,4,1710300.0
TI00011070,TXN0003677,PROD00159,1,3240200.0
TI00011071,TXN0003677,PROD00080,1,204100.0
TI00011072,TXN0003678,PROD00177,4,228400.0
TI00011073,TXN0003679,PROD00138,1,57200.0
TI00011074,TXN0003679,PROD00178,1,55100.0
TI00011075,TXN0003679,PROD00004,3,1254300.0
TI00011076,TXN0003679,PROD00072,4,470400.0
TI00011077,TXN0003680,PROD00070,2,191800.0
TI00011078,TXN0003680,PROD00039,3,1936200.0
TI00011079,TXN0003680,PROD00111,3,5440300.0
TI00011080,TXN0003681,PROD00145,4,626300.0
TI00011081,TXN0003681,PROD00141,1,527900.0
TI00011082,TXN0003681,PROD00107,1,75800.0
TI00011083,TXN0003682,PROD00120,2,283500.0
TI00011084,TXN0003682,PROD00004,3,1254300.0
TI00011085,TXN0003682,PROD00060,4,218600.0
TI00011086,TXN0003682,PROD00063,1,631600.0
TI00011087,TXN0003683,PROD00119,2,3450500.0
TI00011088,TXN0003684,PROD00145,1,626300.0
TI00011089,TXN0003684,PROD00158,2,488300.0
TI00011090,TXN0003684,PROD00124,1,11671600.0
TI00011091,TXN0003684,PROD00169,3,6358700.0
TI00011092,TXN0003684,PROD00066,2,162000.0
TI00011093,TXN0003685,PROD00114,2,362300.0
TI00011094,TXN0003685,PROD00160,3,297400.0
TI00011095,TXN0003685,PROD00153,4,121800.0
TI00011096,TXN0003685,PROD00129,2,67800.0
TI00011097,TXN0003686,PROD00073,1,55700.0
TI00011098,TXN0003687,PROD00110,1,130700.0
TI00011099,TXN0003687,PROD00074,3,99400.0
TI00011100,TXN0003687,PROD00063,3,631600.0
TI00011101,TXN0003687,PROD00035,4,3271400.0
TI00011102,TXN0003687,PROD00064,3,1537200.0
TI00011103,TXN0003688,PROD00043,4,223400.0
TI00011104,TXN0003689,PROD00015,2,327100.0
TI00011105,TXN0003689,PROD00006,4,1710300.0
TI00011106,TXN0003689,PROD00063,3,631600.0
TI00011107,TXN0003689,PROD00070,2,191800.0
TI00011108,TXN0003690,PROD00175,3,99600.0
TI00011109,TXN0003690,PROD00121,2,190400.0
TI00011110,TXN0003690,PROD00076,4,609300.0
TI00011111,TXN0003690,PROD00008,2,86100.0
TI00011112,TXN0003691,PROD00087,3,86200.0
TI00011113,TXN0003692,PROD00164,2,103200.0
TI00011114,TXN0003693,PROD00103,2,499800.0
TI00011115,TXN0003693,PROD00167,1,79900.0
TI00011116,TXN0003694,PROD00046,3,314500.0
TI00011117,TXN0003694,PROD00020,3,176500.0
TI00011118,TXN0003695,PROD00168,3,54200.0
TI00011119,TXN0003695,PROD00063,2,631600.0
TI00011120,TXN0003695,PROD00094,3,365200.0
TI00011121,TXN0003695,PROD00052,4,58000.0
TI00011122,TXN0003696,PROD00028,3,497400.0
TI00011123,TXN0003696,PROD00176,3,168200.0
TI00011124,TXN0003696,PROD00081,2,41700.0
TI00011125,TXN0003696,PROD00172,4,162600.0
TI00011126,TXN0003697,PROD00085,4,262600.0
TI00011127,TXN0003697,PROD00081,3,41700.0
TI00011128,TXN0003697,PROD00054,2,1692000.0
TI00011129,TXN0003698,PROD00165,3,242000.0
TI00011130,TXN0003698,PROD00160,1,297400.0
TI00011131,TXN0003699,PROD00047,2,165600.0
TI00011132,TXN0003700,PROD00059,2,3249400.0
TI00011133,TXN0003700,PROD00090,3,838900.0
TI00011134,TXN0003700,PROD00131,2,2828000.0
TI00011135,TXN0003700,PROD00015,1,327100.0
TI00011136,TXN0003700,PROD00178,3,55100.0
TI00011137,TXN0003701,PROD00012,1,744700.0
TI00011138,TXN0003701,PROD00128,4,202200.0
TI00011139,TXN0003701,PROD00171,2,9207400.0
TI00011140,TXN0003702,PROD00034,3,1485900.0
TI00011141,TXN0003702,PROD00092,4,198900.0
TI00011142,TXN0003702,PROD00047,4,165600.0
TI00011143,TXN0003703,PROD00145,2,626300.0
TI00011144,TXN0003703,PROD00100,1,546800.0
TI00011145,TXN0003703,PROD00068,3,189500.0
TI00011146,TXN0003704,PROD00013,4,1045000.0
TI00011147,TXN0003705,PROD00112,3,3050100.0
TI00011148,TXN0003705,PROD00033,2,10971800.0
TI00011149,TXN0003705,PROD00172,4,162600.0
TI00011150,TXN0003705,PROD00118,4,97800.0
TI00011151,TXN0003705,PROD00094,2,365200.0
TI00011152,TXN0003706,PROD00168,1,54200.0
TI00011153,TXN0003706,PROD00098,2,66400.0
TI00011154,TXN0003706,PROD00006,1,1710300.0
TI00011155,TXN0003707,PROD00093,3,2689800.0
TI00011156,TXN0003707,PROD00065,2,846500.0
TI00011157,TXN0003708,PROD00112,1,3050100.0
TI00011158,TXN0003709,PROD00162,4,532200.0
TI00011159,TXN0003709,PROD00065,1,846500.0
TI00011160,TXN0003710,PROD00102,3,171600.0
TI00011161,TXN0003710,PROD00035,1,3271400.0
TI00011162,TXN0003711,PROD00176,4,168200.0
TI00011163,TXN0003712,PROD00016,3,167400.0
TI00011164,TXN0003712,PROD00167,2,79900.0
TI00011165,TXN0003712,PROD00060,3,218600.0
TI00011166,TXN0003713,PROD00143,2,115300.0
TI00011167,TXN0003713,PROD00147,4,229500.0
TI00011168,TXN0003713,PROD00092,1,198900.0
TI00011169,TXN0003713,PROD00040,4,3685900.0
TI00011170,TXN0003714,PROD00068,3,189500.0
TI00011171,TXN0003714,PROD00087,3,86200.0
TI00011172,TXN0003714,PROD00079,4,31800.0
TI00011173,TXN0003714,PROD00155,1,277300.0
TI00011174,TXN0003715,PROD00175,4,99600.0
TI00011175,TXN0003715,PROD00169,1,6358700.0
TI00011176,TXN0003715,PROD00037,2,718700.0
TI00011177,TXN0003716,PROD00007,2,456400.0
TI00011178,TXN0003716,PROD00042,4,110400.0
TI00011179,TXN0003716,PROD00055,2,29300.0
TI00011180,TXN0003717,PROD00070,1,191800.0
TI00011181,TXN0003717,PROD00008,3,86100.0
TI00011182,TXN0003717,PROD00171,4,9207400.0
TI00011183,TXN0003717,PROD00071,3,501200.0
TI00011184,TXN0003718,PROD00142,2,324600.0
TI00011185,TXN0003718,PROD00097,1,2301200.0
TI00011186,TXN0003719,PROD00002,2,1365600.0
TI00011187,TXN0003719,PROD00035,1,3271400.0
TI00011188,TXN0003719,PROD00034,4,1485900.0
TI00011189,TXN0003720,PROD00151,2,116700.0
TI00011190,TXN0003720,PROD00092,4,198900.0
TI00011191,TXN0003720,PROD00044,4,2984700.0
TI00011192,TXN0003721,PROD00047,2,165600.0
TI00011193,TXN0003721,PROD00053,3,197800.0
TI00011194,TXN0003721,PROD00160,3,297400.0
TI00011195,TXN0003722,PROD00164,2,103200.0
TI00011196,TXN0003722,PROD00117,2,188000.0
TI00011197,TXN0003723,PROD00156,2,117900.0
TI00011198,TXN0003723,PROD00108,1,570800.0
TI00011199,TXN0003724,PROD00004,2,1254300.0
TI00011200,TXN0003725,PROD00066,2,162000.0
TI00011201,TXN0003726,PROD00146,2,647500.0
TI00011202,TXN0003726,PROD00171,4,9207400.0
TI00011203,TXN0003726,PROD00098,1,66400.0
TI00011204,TXN0003726,PROD00088,3,220600.0
TI00011205,TXN0003727,PROD00007,3,456400.0
TI00011206,TXN0003728,PROD00057,3,2101600.0
TI00011207,TXN0003728,PROD00008,1,86100.0
TI00011208,TXN0003728,PROD00171,4,9207400.0
TI00011209,TXN0003728,PROD00146,2,647500.0
TI00011210,TXN0003729,PROD00059,4,3249400.0
TI00011211,TXN0003729,PROD00027,2,124600.0
TI00011212,TXN0003729,PROD00034,3,1485900.0
TI00011213,TXN0003729,PROD00157,1,6815900.0
TI00011214,TXN0003730,PROD00014,4,2104400.0
TI00011215,TXN0003730,PROD00041,3,792800.0
TI00011216,TXN0003730,PROD00176,1,168200.0
TI00011217,TXN0003731,PROD00140,1,10502400.0
TI00011218,TXN0003731,PROD00005,4,613400.0
TI00011219,TXN0003731,PROD00001,2,179800.0
TI00011220,TXN0003731,PROD00156,2,117900.0
TI00011221,TXN0003732,PROD00134,3,1383900.0
TI00011222,TXN0003733,PROD00010,1,675900.0
TI00011223,TXN0003733,PROD00034,3,1485900.0
TI00011224,TXN0003733,PROD00061,4,8063300.0
TI00011225,TXN0003733,PROD00054,3,1692000.0
TI00011226,TXN0003734,PROD00115,2,1810600.0
TI00011227,TXN0003734,PROD00159,2,3240200.0
TI00011228,TXN0003734,PROD00008,2,86100.0
TI00011229,TXN0003735,PROD00073,2,55700.0
TI00011230,TXN0003735,PROD00018,3,2056700.0
TI00011231,TXN0003735,PROD00120,1,283500.0
TI00011232,TXN0003735,PROD00087,2,86200.0
TI00011233,TXN0003735,PROD00004,1,1254300.0
TI00011234,TXN0003736,PROD00180,3,96700.0
TI00011235,TXN0003736,PROD00125,1,716900.0
TI00011236,TXN0003736,PROD00084,3,1607800.0
TI00011237,TXN0003736,PROD00088,1,220600.0
TI00011238,TXN0003736,PROD00175,3,99600.0
TI00011239,TXN0003737,PROD00101,3,11745100.0
TI00011240,TXN0003737,PROD00106,4,610900.0
TI00011241,TXN0003738,PROD00027,3,124600.0
TI00011242,TXN0003738,PROD00139,2,621000.0
TI00011243,TXN0003738,PROD00032,1,359500.0
TI00011244,TXN0003739,PROD00070,3,191800.0
TI00011245,TXN0003739,PROD00170,4,806200.0
TI00011246,TXN0003739,PROD00083,2,6771700.0
TI00011247,TXN0003739,PROD00012,1,744700.0
TI00011248,TXN0003739,PROD00175,4,99600.0
TI00011249,TXN0003740,PROD00155,3,277300.0
TI00011250,TXN0003740,PROD00052,1,58000.0
TI00011251,TXN0003740,PROD00147,4,229500.0
TI00011252,TXN0003741,PROD00009,4,183500.0
TI00011253,TXN0003741,PROD00114,3,362300.0
TI00011254,TXN0003741,PROD00143,3,115300.0
TI00011255,TXN0003742,PROD00102,4,171600.0
TI00011256,TXN0003743,PROD00024,2,595000.0
TI00011257,TXN0003743,PROD00130,4,213000.0
TI00011258,TXN0003743,PROD00115,3,1810600.0
TI00011259,TXN0003744,PROD00072,2,470400.0
TI00011260,TXN0003744,PROD00148,1,272900.0
TI00011261,TXN0003745,PROD00134,1,1383900.0
TI00011262,TXN0003745,PROD00038,3,3280700.0
TI00011263,TXN0003745,PROD00067,4,1694500.0
TI00011264,TXN0003745,PROD00064,1,1537200.0
TI00011265,TXN0003745,PROD00113,3,4916800.0
TI00011266,TXN0003746,PROD00052,4,58000.0
TI00011267,TXN0003746,PROD00100,3,546800.0
TI00011268,TXN0003746,PROD00089,4,11224800.0
TI00011269,TXN0003746,PROD00018,2,2056700.0
TI00011270,TXN0003746,PROD00131,4,2828000.0
TI00011271,TXN0003747,PROD00172,4,162600.0
TI00011272,TXN0003747,PROD00041,2,792800.0
TI00011273,TXN0003748,PROD00037,3,718700.0
TI00011274,TXN0003749,PROD00019,2,353800.0
TI00011275,TXN0003749,PROD00040,1,3685900.0
TI00011276,TXN0003750,PROD00148,2,272900.0
TI00011277,TXN0003750,PROD00090,2,838900.0
TI00011278,TXN0003750,PROD00151,3,116700.0
TI00011279,TXN0003750,PROD00030,2,10909100.0
TI00011280,TXN0003750,PROD00095,3,428500.0
TI00011281,TXN0003751,PROD00002,1,1365600.0
TI00011282,TXN0003752,PROD00138,1,57200.0
TI00011283,TXN0003752,PROD00055,2,29300.0
TI00011284,TXN0003752,PROD00105,1,76100.0
TI00011285,TXN0003752,PROD00168,2,54200.0
TI00011286,TXN0003753,PROD00164,3,103200.0
TI00011287,TXN0003753,PROD00104,2,179700.0
TI00011288,TXN0003754,PROD00069,4,145200.0
TI00011289,TXN0003754,PROD00158,1,488300.0
TI00011290,TXN0003754,PROD00174,4,71600.0
TI00011291,TXN0003754,PROD00155,1,277300.0
TI00011292,TXN0003754,PROD00114,4,362300.0
TI00011293,TXN0003755,PROD00072,2,470400.0
TI00011294,TXN0003756,PROD00152,4,170900.0
TI00011295,TXN0003756,PROD00021,3,423700.0
TI00011296,TXN0003756,PROD00170,3,806200.0
TI00011297,TXN0003757,PROD00062,4,83600.0
TI00011298,TXN0003757,PROD00129,2,67800.0
TI00011299,TXN0003757,PROD00180,1,96700.0
TI00011300,TXN0003757,PROD00118,3,97800.0
TI00011301,TXN0003758,PROD00084,3,1607800.0
TI00011302,TXN0003759,PROD00032,4,359500.0
TI00011303,TXN0003759,PROD00135,3,495100.0
TI00011304,TXN0003759,PROD00039,1,1936200.0
TI00011305,TXN0003759,PROD00075,3,382900.0
TI00011306,TXN0003760,PROD00093,1,2689800.0
TI00011307,TXN0003760,PROD00060,4,218600.0
TI00011308,TXN0003760,PROD00161,2,231200.0
TI00011309,TXN0003760,PROD00017,4,61400.0
TI00011310,TXN0003760,PROD00065,2,846500.0
TI00011311,TXN0003761,PROD00022,2,1337300.0
TI00011312,TXN0003761,PROD00163,2,337100.0
TI00011313,TXN0003762,PROD00135,1,495100.0
TI00011314,TXN0003762,PROD00041,1,792800.0
TI00011315,TXN0003762,PROD00032,4,359500.0
TI00011316,TXN0003762,PROD00081,1,41700.0
TI00011317,TXN0003762,PROD00145,2,626300.0
TI00011318,TXN0003763,PROD00075,3,382900.0
TI00011319,TXN0003764,PROD00108,1,570800.0
TI00011320,TXN0003764,PROD00117,3,188000.0
TI00011321,TXN0003764,PROD00124,3,11671600.0
TI00011322,TXN0003765,PROD00100,4,546800.0
TI00011323,TXN0003765,PROD00002,2,1365600.0
TI00011324,TXN0003765,PROD00076,1,609300.0
TI00011325,TXN0003765,PROD00081,1,41700.0
TI00011326,TXN0003766,PROD00168,4,54200.0
TI00011327,TXN0003766,PROD00103,4,499800.0
TI00011328,TXN0003766,PROD00126,3,219500.0
TI00011329,TXN0003766,PROD00171,4,9207400.0
TI00011330,TXN0003767,PROD00065,3,846500.0
TI00011331,TXN0003767,PROD00124,2,11671600.0
TI00011332,TXN0003767,PROD00101,1,11745100.0
TI00011333,TXN0003767,PROD00012,3,744700.0
TI00011334,TXN0003768,PROD00080,1,204100.0
TI00011335,TXN0003768,PROD00085,4,262600.0
TI00011336,TXN0003768,PROD00083,3,6771700.0
TI00011337,TXN0003768,PROD00048,1,88700.0
TI00011338,TXN0003769,PROD00138,4,57200.0
TI00011339,TXN0003769,PROD00133,2,521500.0
TI00011340,TXN0003769,PROD00127,4,172600.0
TI00011341,TXN0003769,PROD00136,3,787800.0
TI00011342,TXN0003769,PROD00035,3,3271400.0
TI00011343,TXN0003770,PROD00111,1,5440300.0
TI00011344,TXN0003771,PROD00107,2,75800.0
TI00011345,TXN0003772,PROD00166,4,120600.0
TI00011346,TXN0003772,PROD00135,3,495100.0
TI00011347,TXN0003773,PROD00123,4,520300.0
TI00011348,TXN0003773,PROD00036,2,11966500.0
TI00011349,TXN0003773,PROD00079,1,31800.0
TI00011350,TXN0003773,PROD00107,2,75800.0
TI00011351,TXN0003774,PROD00064,1,1537200.0
TI00011352,TXN0003774,PROD00015,2,327100.0
TI00011353,TXN0003774,PROD00050,2,134700.0
TI00011354,TXN0003775,PROD00021,1,423700.0
TI00011355,TXN0003776,PROD00068,3,189500.0
TI00011356,TXN0003776,PROD00172,3,162600.0
TI00011357,TXN0003776,PROD00006,3,1710300.0
TI00011358,TXN0003776,PROD00103,4,499800.0
TI00011359,TXN0003776,PROD00091,3,17600.0
TI00011360,TXN0003777,PROD00092,4,198900.0
TI00011361,TXN0003777,PROD00040,1,3685900.0
TI00011362,TXN0003777,PROD00146,3,647500.0
TI00011363,TXN0003778,PROD00106,4,610900.0
TI00011364,TXN0003778,PROD00156,3,117900.0
TI00011365,TXN0003779,PROD00147,4,229500.0
TI00011366,TXN0003779,PROD00140,1,10502400.0
TI00011367,TXN0003779,PROD00052,2,58000.0
TI00011368,TXN0003779,PROD00167,3,79900.0
TI00011369,TXN0003780,PROD00159,2,3240200.0
TI00011370,TXN0003780,PROD00111,3,5440300.0
TI00011371,TXN0003780,PROD00064,4,1537200.0
TI00011372,TXN0003780,PROD00169,3,6358700.0
TI00011373,TXN0003781,PROD00178,1,55100.0
TI00011374,TXN0003782,PROD00034,3,1485900.0
TI00011375,TXN0003782,PROD00068,4,189500.0
TI00011376,TXN0003782,PROD00109,4,3001900.0
TI00011377,TXN0003782,PROD00155,2,277300.0
TI00011378,TXN0003783,PROD00073,1,55700.0
TI00011379,TXN0003783,PROD00036,4,11966500.0
TI00011380,TXN0003783,PROD00111,4,5440300.0
TI00011381,TXN0003783,PROD00135,2,495100.0
TI00011382,TXN0003783,PROD00093,4,2689800.0
TI00011383,TXN0003784,PROD00013,4,1045000.0
TI00011384,TXN0003784,PROD00024,1,595000.0
TI00011385,TXN0003784,PROD00002,1,1365600.0
TI00011386,TXN0003784,PROD00034,3,1485900.0
TI00011387,TXN0003784,PROD00168,2,54200.0
TI00011388,TXN0003785,PROD00041,3,792800.0
TI00011389,TXN0003785,PROD00026,1,1447900.0
TI00011390,TXN0003785,PROD00033,1,10971800.0
TI00011391,TXN0003785,PROD00032,3,359500.0
TI00011392,TXN0003786,PROD00070,2,191800.0
TI00011393,TXN0003786,PROD00107,2,75800.0
TI00011394,TXN0003786,PROD00177,1,228400.0
TI00011395,TXN0003787,PROD00109,2,3001900.0
TI00011396,TXN0003787,PROD00105,2,76100.0
TI00011397,TXN0003787,PROD00056,3,246400.0
TI00011398,TXN0003788,PROD00074,2,99400.0
TI00011399,TXN0003788,PROD00049,4,244600.0
TI00011400,TXN0003789,PROD00173,1,67500.0
TI00011401,TXN0003789,PROD00138,3,57200.0
TI00011402,TXN0003790,PROD00153,1,121800.0
TI00011403,TXN0003790,PROD00135,3,495100.0
TI00011404,TXN0003790,PROD00073,2,55700.0
TI00011405,TXN0003791,PROD00089,4,11224800.0
TI00011406,TXN0003791,PROD00013,3,1045000.0
TI00011407,TXN0003792,PROD00014,4,2104400.0
TI00011408,TXN0003792,PROD00150,1,874600.0
TI00011409,TXN0003792,PROD00164,2,103200.0
TI00011410,TXN0003792,PROD00145,3,626300.0
TI00011411,TXN0003792,PROD00156,3,117900.0
TI00011412,TXN0003793,PROD00004,2,1254300.0
TI00011413,TXN0003793,PROD00120,2,283500.0
TI00011414,TXN0003793,PROD00124,3,11671600.0
TI00011415,TXN0003793,PROD00025,2,57900.0
TI00011416,TXN0003793,PROD00172,2,162600.0
TI00011417,TXN0003794,PROD00126,3,219500.0
TI00011418,TXN0003794,PROD00112,3,3050100.0
TI00011419,TXN0003795,PROD00017,3,61400.0
TI00011420,TXN0003795,PROD00113,4,4916800.0
TI00011421,TXN0003795,PROD00033,2,10971800.0
TI00011422,TXN0003795,PROD00114,3,362300.0
TI00011423,TXN0003796,PROD00047,4,165600.0
TI00011424,TXN0003797,PROD00149,2,370000.0
TI00011425,TXN0003797,PROD00056,3,246400.0
TI00011426,TXN0003798,PROD00036,1,11966500.0
TI00011427,TXN0003799,PROD00163,1,337100.0
TI00011428,TXN0003799,PROD00064,4,1537200.0
TI00011429,TXN0003800,PROD00139,2,621000.0
TI00011430,TXN0003800,PROD00157,3,6815900.0
TI00011431,TXN0003800,PROD00165,4,242000.0
TI00011432,TXN0003800,PROD00085,4,262600.0
TI00011433,TXN0003800,PROD00130,2,213000.0
TI00011434,TXN0003801,PROD00034,1,1485900.0
TI00011435,TXN0003802,PROD00089,3,11224800.0
TI00011436,TXN0003802,PROD00154,3,192800.0
TI00011437,TXN0003802,PROD00063,4,631600.0
TI00011438,TXN0003802,PROD00146,1,647500.0
TI00011439,TXN0003803,PROD00108,2,570800.0
TI00011440,TXN0003804,PROD00168,1,54200.0
TI00011441,TXN0003804,PROD00173,1,67500.0
TI00011442,TXN0003804,PROD00084,1,1607800.0
TI00011443,TXN0003804,PROD00154,3,192800.0
TI00011444,TXN0003805,PROD00065,3,846500.0
TI00011445,TXN0003805,PROD00056,3,246400.0
TI00011446,TXN0003805,PROD00101,2,11745100.0
TI00011447,TXN0003805,PROD00069,2,145200.0
TI00011448,TXN0003806,PROD00024,1,595000.0
TI00011449,TXN0003806,PROD00065,1,846500.0
TI00011450,TXN0003806,PROD00038,4,3280700.0
TI00011451,TXN0003806,PROD00041,2,792800.0
TI00011452,TXN0003806,PROD00177,2,228400.0
TI00011453,TXN0003807,PROD00062,1,83600.0
TI00011454,TXN0003807,PROD00082,4,435600.0
TI00011455,TXN0003807,PROD00041,3,792800.0
TI00011456,TXN0003807,PROD00119,4,3450500.0
TI00011457,TXN0003807,PROD00131,1,2828000.0
TI00011458,TXN0003808,PROD00011,1,810900.0
TI00011459,TXN0003808,PROD00004,1,1254300.0
TI00011460,TXN0003809,PROD00163,3,337100.0
TI00011461,TXN0003809,PROD00036,4,11966500.0
TI00011462,TXN0003810,PROD00085,4,262600.0
TI00011463,TXN0003810,PROD00073,1,55700.0
TI00011464,TXN0003810,PROD00104,4,179700.0
TI00011465,TXN0003810,PROD00095,2,428500.0
TI00011466,TXN0003811,PROD00119,2,3450500.0
TI00011467,TXN0003811,PROD00168,3,54200.0
TI00011468,TXN0003811,PROD00008,3,86100.0
TI00011469,TXN0003812,PROD00057,3,2101600.0
TI00011470,TXN0003812,PROD00048,4,88700.0
TI00011471,TXN0003813,PROD00136,3,787800.0
TI00011472,TXN0003813,PROD00073,4,55700.0
TI00011473,TXN0003813,PROD00017,2,61400.0
TI00011474,TXN0003813,PROD00086,3,8987800.0
TI00011475,TXN0003814,PROD00018,1,2056700.0
TI00011476,TXN0003814,PROD00132,4,6814300.0
TI00011477,TXN0003814,PROD00094,4,365200.0
TI00011478,TXN0003815,PROD00145,4,626300.0
TI00011479,TXN0003815,PROD00093,3,2689800.0
TI00011480,TXN0003815,PROD00149,4,370000.0
TI00011481,TXN0003816,PROD00057,3,2101600.0
TI00011482,TXN0003816,PROD00115,2,1810600.0
TI00011483,TXN0003817,PROD00070,2,191800.0
TI00011484,TXN0003817,PROD00133,1,521500.0
TI00011485,TXN0003817,PROD00066,1,162000.0
TI00011486,TXN0003817,PROD00164,2,103200.0
TI00011487,TXN0003818,PROD00024,3,595000.0
TI00011488,TXN0003818,PROD00068,4,189500.0
TI00011489,TXN0003818,PROD00087,3,86200.0
TI00011490,TXN0003819,PROD00059,4,3249400.0
TI00011491,TXN0003819,PROD00125,4,716900.0
TI00011492,TXN0003820,PROD00073,2,55700.0
TI00011493,TXN0003821,PROD00048,4,88700.0
TI00011494,TXN0003822,PROD00057,4,2101600.0
TI00011495,TXN0003823,PROD00144,2,2659900.0
TI00011496,TXN0003823,PROD00037,3,718700.0
TI00011497,TXN0003823,PROD00032,2,359500.0
TI00011498,TXN0003823,PROD00005,3,613400.0
TI00011499,TXN0003823,PROD00159,2,3240200.0
TI00011500,TXN0003824,PROD00009,3,183500.0
TI00011501,TXN0003824,PROD00023,4,225100.0
TI00011502,TXN0003824,PROD00173,2,67500.0
TI00011503,TXN0003825,PROD00118,4,97800.0
TI00011504,TXN0003826,PROD00014,3,2104400.0
TI00011505,TXN0003826,PROD00140,4,10502400.0
TI00011506,TXN0003826,PROD00120,4,283500.0
TI00011507,TXN0003826,PROD00138,4,57200.0
TI00011508,TXN0003826,PROD00055,1,29300.0
TI00011509,TXN0003827,PROD00040,4,3685900.0
TI00011510,TXN0003827,PROD00080,4,204100.0
TI00011511,TXN0003827,PROD00078,3,473100.0
TI00011512,TXN0003827,PROD00103,2,499800.0
TI00011513,TXN0003827,PROD00111,4,5440300.0
TI00011514,TXN0003828,PROD00163,2,337100.0
TI00011515,TXN0003828,PROD00080,3,204100.0
TI00011516,TXN0003828,PROD00054,1,1692000.0
TI00011517,TXN0003828,PROD00133,3,521500.0
TI00011518,TXN0003828,PROD00105,3,76100.0
TI00011519,TXN0003829,PROD00043,4,223400.0
TI00011520,TXN0003829,PROD00147,4,229500.0
TI00011521,TXN0003829,PROD00123,2,520300.0
TI00011522,TXN0003829,PROD00048,2,88700.0
TI00011523,TXN0003830,PROD00041,3,792800.0
TI00011524,TXN0003830,PROD00125,4,716900.0
TI00011525,TXN0003830,PROD00063,2,631600.0
TI00011526,TXN0003830,PROD00162,4,532200.0
TI00011527,TXN0003831,PROD00050,2,134700.0
TI00011528,TXN0003831,PROD00173,3,67500.0
TI00011529,TXN0003832,PROD00027,3,124600.0
TI00011530,TXN0003832,PROD00012,4,744700.0
TI00011531,TXN0003832,PROD00091,1,17600.0
TI00011532,TXN0003832,PROD00026,1,1447900.0
TI00011533,TXN0003833,PROD00129,4,67800.0
TI00011534,TXN0003833,PROD00141,4,527900.0
TI00011535,TXN0003834,PROD00155,2,277300.0
TI00011536,TXN0003834,PROD00066,3,162000.0
TI00011537,TXN0003834,PROD00005,1,613400.0
TI00011538,TXN0003835,PROD00083,3,6771700.0
TI00011539,TXN0003835,PROD00107,3,75800.0
TI00011540,TXN0003835,PROD00023,1,225100.0
TI00011541,TXN0003835,PROD00059,2,3249400.0
TI00011542,TXN0003835,PROD00171,2,9207400.0
TI00011543,TXN0003836,PROD00008,3,86100.0
TI00011544,TXN0003836,PROD00032,4,359500.0
TI00011545,TXN0003836,PROD00102,4,171600.0
TI00011546,TXN0003836,PROD00149,1,370000.0
TI00011547,TXN0003836,PROD00049,2,244600.0
TI00011548,TXN0003837,PROD00155,1,277300.0
TI00011549,TXN0003837,PROD00064,1,1537200.0
TI00011550,TXN0003837,PROD00162,2,532200.0
TI00011551,TXN0003837,PROD00157,2,6815900.0
TI00011552,TXN0003838,PROD00056,2,246400.0
TI00011553,TXN0003838,PROD00025,1,57900.0
TI00011554,TXN0003838,PROD00129,1,67800.0
TI00011555,TXN0003838,PROD00094,2,365200.0
TI00011556,TXN0003839,PROD00019,2,353800.0
TI00011557,TXN0003839,PROD00050,4,134700.0
TI00011558,TXN0003840,PROD00075,1,382900.0
TI00011559,TXN0003841,PROD00043,4,223400.0
TI00011560,TXN0003842,PROD00032,4,359500.0
TI00011561,TXN0003842,PROD00141,4,527900.0
TI00011562,TXN0003843,PROD00005,4,613400.0
TI00011563,TXN0003843,PROD00063,3,631600.0
TI00011564,TXN0003843,PROD00026,4,1447900.0
TI00011565,TXN0003843,PROD00170,1,806200.0
TI00011566,TXN0003843,PROD00117,1,188000.0
TI00011567,TXN0003844,PROD00119,4,3450500.0
TI00011568,TXN0003845,PROD00076,2,609300.0
TI00011569,TXN0003845,PROD00080,3,204100.0
TI00011570,TXN0003846,PROD00124,3,11671600.0
TI00011571,TXN0003846,PROD00030,4,10909100.0
TI00011572,TXN0003846,PROD00096,3,366200.0
TI00011573,TXN0003846,PROD00019,4,353800.0
TI00011574,TXN0003846,PROD00081,1,41700.0
TI00011575,TXN0003847,PROD00177,4,228400.0
TI00011576,TXN0003848,PROD00009,1,183500.0
TI00011577,TXN0003848,PROD00066,1,162000.0
TI00011578,TXN0003849,PROD00052,1,58000.0
TI00011579,TXN0003849,PROD00073,2,55700.0
TI00011580,TXN0003849,PROD00161,2,231200.0
TI00011581,TXN0003849,PROD00146,2,647500.0
TI00011582,TXN0003849,PROD00165,1,242000.0
TI00011583,TXN0003850,PROD00055,2,29300.0
TI00011584,TXN0003850,PROD00046,2,314500.0
TI00011585,TXN0003850,PROD00068,3,189500.0
TI00011586,TXN0003850,PROD00179,2,1206500.0
TI00011587,TXN0003850,PROD00020,4,176500.0
TI00011588,TXN0003851,PROD00038,2,3280700.0
TI00011589,TXN0003851,PROD00168,1,54200.0
TI00011590,TXN0003851,PROD00011,2,810900.0
TI00011591,TXN0003852,PROD00120,2,283500.0
TI00011592,TXN0003852,PROD00145,2,626300.0
TI00011593,TXN0003852,PROD00089,2,11224800.0
TI00011594,TXN0003852,PROD00075,4,382900.0
TI00011595,TXN0003853,PROD00103,4,499800.0
TI00011596,TXN0003854,PROD00111,4,5440300.0
TI00011597,TXN0003855,PROD00154,2,192800.0
TI00011598,TXN0003855,PROD00002,3,1365600.0
TI00011599,TXN0003856,PROD00044,2,2984700.0
TI00011600,TXN0003856,PROD00111,1,5440300.0
TI00011601,TXN0003856,PROD00114,2,362300.0
TI00011602,TXN0003857,PROD00147,3,229500.0
TI00011603,TXN0003857,PROD00077,2,37900.0
TI00011604,TXN0003857,PROD00022,1,1337300.0
TI00011605,TXN0003857,PROD00124,3,11671600.0
TI00011606,TXN0003857,PROD00176,1,168200.0
TI00011607,TXN0003858,PROD00156,3,117900.0
TI00011608,TXN0003859,PROD00008,3,86100.0
TI00011609,TXN0003859,PROD00115,1,1810600.0
TI00011610,TXN0003859,PROD00083,3,6771700.0
TI00011611,TXN0003860,PROD00141,4,527900.0
TI00011612,TXN0003860,PROD00075,4,382900.0
TI00011613,TXN0003861,PROD00130,4,213000.0
TI00011614,TXN0003861,PROD00065,1,846500.0
TI00011615,TXN0003861,PROD00112,1,3050100.0
TI00011616,TXN0003861,PROD00116,2,561100.0
TI00011617,TXN0003862,PROD00169,3,6358700.0
TI00011618,TXN0003862,PROD00076,2,609300.0
TI00011619,TXN0003862,PROD00011,3,810900.0
TI00011620,TXN0003863,PROD00114,4,362300.0
TI00011621,TXN0003863,PROD00043,4,223400.0
TI00011622,TXN0003864,PROD00048,2,88700.0
TI00011623,TXN0003864,PROD00145,2,626300.0
TI00011624,TXN0003864,PROD00007,1,456400.0
TI00011625,TXN0003864,PROD00031,3,571800.0
TI00011626,TXN0003864,PROD00177,1,228400.0
TI00011627,TXN0003865,PROD00066,4,162000.0
TI00011628,TXN0003865,PROD00008,2,86100.0
TI00011629,TXN0003866,PROD00019,1,353800.0
TI00011630,TXN0003867,PROD00078,4,473100.0
TI00011631,TXN0003867,PROD00011,3,810900.0
TI00011632,TXN0003868,PROD00023,4,225100.0
TI00011633,TXN0003869,PROD00146,4,647500.0
TI00011634,TXN0003869,PROD00112,2,3050100.0
TI00011635,TXN0003869,PROD00131,1,2828000.0
TI00011636,TXN0003869,PROD00143,2,115300.0
TI00011637,TXN0003870,PROD00170,3,806200.0
TI00011638,TXN0003870,PROD00155,1,277300.0
TI00011639,TXN0003870,PROD00007,2,456400.0
TI00011640,TXN0003870,PROD00079,1,31800.0
TI00011641,TXN0003871,PROD00086,4,8987800.0
TI00011642,TXN0003871,PROD00179,4,1206500.0
TI00011643,TXN0003871,PROD00105,4,76100.0
TI00011644,TXN0003872,PROD00069,4,145200.0
TI00011645,TXN0003872,PROD00145,1,626300.0
TI00011646,TXN0003873,PROD00116,4,561100.0
TI00011647,TXN0003874,PROD00124,4,11671600.0
TI00011648,TXN0003875,PROD00171,1,9207400.0
TI00011649,TXN0003875,PROD00053,3,197800.0
TI00011650,TXN0003876,PROD00116,4,561100.0
TI00011651,TXN0003876,PROD00130,4,213000.0
TI00011652,TXN0003876,PROD00042,2,110400.0
TI00011653,TXN0003877,PROD00016,3,167400.0
TI00011654,TXN0003877,PROD00159,2,3240200.0
TI00011655,TXN0003878,PROD00122,2,2205900.0
TI00011656,TXN0003878,PROD00061,4,8063300.0
TI00011657,TXN0003878,PROD00093,2,2689800.0
TI00011658,TXN0003878,PROD00129,2,67800.0
TI00011659,TXN0003878,PROD00128,2,202200.0
TI00011660,TXN0003879,PROD00042,3,110400.0
TI00011661,TXN0003880,PROD00148,4,272900.0
TI00011662,TXN0003880,PROD00129,4,67800.0
TI00011663,TXN0003881,PROD00136,3,787800.0
TI00011664,TXN0003881,PROD00079,3,31800.0
TI00011665,TXN0003881,PROD00099,2,497200.0
TI00011666,TXN0003881,PROD00074,4,99400.0
TI00011667,TXN0003881,PROD00137,2,59500.0
TI00011668,TXN0003882,PROD00101,2,11745100.0
TI00011669,TXN0003882,PROD00174,2,71600.0
TI00011670,TXN0003882,PROD00089,1,11224800.0
TI00011671,TXN0003883,PROD00170,2,806200.0
TI00011672,TXN0003883,PROD00117,4,188000.0
TI00011673,TXN0003883,PROD00104,2,179700.0
TI00011674,TXN0003883,PROD00043,3,223400.0
TI00011675,TXN0003884,PROD00001,2,179800.0
TI00011676,TXN0003884,PROD00100,1,546800.0
TI00011677,TXN0003884,PROD00162,1,532200.0
TI00011678,TXN0003885,PROD00063,1,631600.0
TI00011679,TXN0003885,PROD00070,1,191800.0
TI00011680,TXN0003886,PROD00177,2,228400.0
TI00011681,TXN0003886,PROD00051,4,752100.0
TI00011682,TXN0003886,PROD00066,2,162000.0
TI00011683,TXN0003886,PROD00088,4,220600.0
TI00011684,TXN0003887,PROD00094,1,365200.0
TI00011685,TXN0003887,PROD00118,3,97800.0
TI00011686,TXN0003888,PROD00093,3,2689800.0
TI00011687,TXN0003888,PROD00031,2,571800.0
TI00011688,TXN0003888,PROD00168,3,54200.0
TI00011689,TXN0003889,PROD00027,4,124600.0
TI00011690,TXN0003890,PROD00123,2,520300.0
TI00011691,TXN0003890,PROD00165,1,242000.0
TI00011692,TXN0003890,PROD00074,3,99400.0
TI00011693,TXN0003891,PROD00029,1,747300.0
TI00011694,TXN0003891,PROD00094,1,365200.0
TI00011695,TXN0003891,PROD00020,4,176500.0
TI00011696,TXN0003891,PROD00042,3,110400.0
TI00011697,TXN0003891,PROD00160,4,297400.0
TI00011698,TXN0003892,PROD00170,2,806200.0
TI00011699,TXN0003892,PROD00100,4,546800.0
TI00011700,TXN0003892,PROD00074,2,99400.0
TI00011701,TXN0003893,PROD00083,4,6771700.0
TI00011702,TXN0003893,PROD00055,3,29300.0
TI00011703,TXN0003894,PROD00062,4,83600.0
TI00011704,TXN0003894,PROD00001,3,179800.0
TI00011705,TXN0003894,PROD00016,1,167400.0
TI00011706,TXN0003895,PROD00123,2,520300.0
TI00011707,TXN0003895,PROD00146,1,647500.0
TI00011708,TXN0003895,PROD00046,3,314500.0
TI00011709,TXN0003896,PROD00067,2,1694500.0
TI00011710,TXN0003896,PROD00084,1,1607800.0
TI00011711,TXN0003897,PROD00077,4,37900.0
TI00011712,TXN0003897,PROD00062,2,83600.0
TI00011713,TXN0003897,PROD00123,3,520300.0
TI00011714,TXN0003897,PROD00137,2,59500.0
TI00011715,TXN0003898,PROD00162,4,532200.0
TI00011716,TXN0003898,PROD00107,4,75800.0
TI00011717,TXN0003898,PROD00004,4,1254300.0
TI00011718,TXN0003899,PROD00153,4,121800.0
TI00011719,TXN0003899,PROD00161,3,231200.0
TI00011720,TXN0003899,PROD00106,1,610900.0
TI00011721,TXN0003899,PROD00063,2,631600.0
TI00011722,TXN0003900,PROD00154,4,192800.0
TI00011723,TXN0003900,PROD00180,3,96700.0
TI00011724,TXN0003900,PROD00161,1,231200.0
TI00011725,TXN0003900,PROD00010,4,675900.0
TI00011726,TXN0003901,PROD00022,1,1337300.0
TI00011727,TXN0003901,PROD00090,1,838900.0
TI00011728,TXN0003901,PROD00149,2,370000.0
TI00011729,TXN0003901,PROD00003,3,623300.0
TI00011730,TXN0003902,PROD00021,1,423700.0
TI00011731,TXN0003902,PROD00107,1,75800.0
TI00011732,TXN0003903,PROD00124,4,11671600.0
TI00011733,TXN0003903,PROD00043,2,223400.0
TI00011734,TXN0003904,PROD00016,4,167400.0
TI00011735,TXN0003904,PROD00142,1,324600.0
TI00011736,TXN0003905,PROD00119,4,3450500.0
TI00011737,TXN0003906,PROD00042,1,110400.0
TI00011738,TXN0003906,PROD00009,3,183500.0
TI00011739,TXN0003906,PROD00016,1,167400.0
TI00011740,TXN0003907,PROD00004,4,1254300.0
TI00011741,TXN0003907,PROD00165,2,242000.0
TI00011742,TXN0003907,PROD00122,2,2205900.0
TI00011743,TXN0003907,PROD00058,4,1306500.0
TI00011744,TXN0003908,PROD00095,3,428500.0
TI00011745,TXN0003908,PROD00044,4,2984700.0
TI00011746,TXN0003908,PROD00133,3,521500.0
TI00011747,TXN0003908,PROD00083,4,6771700.0
TI00011748,TXN0003908,PROD00154,4,192800.0
TI00011749,TXN0003909,PROD00059,4,3249400.0
TI00011750,TXN0003909,PROD00008,4,86100.0
TI00011751,TXN0003909,PROD00088,2,220600.0
TI00011752,TXN0003909,PROD00081,4,41700.0
TI00011753,TXN0003909,PROD00128,4,202200.0
TI00011754,TXN0003910,PROD00011,3,810900.0
TI00011755,TXN0003911,PROD00027,1,124600.0
TI00011756,TXN0003911,PROD00082,2,435600.0
TI00011757,TXN0003911,PROD00002,3,1365600.0
TI00011758,TXN0003911,PROD00072,4,470400.0
TI00011759,TXN0003911,PROD00059,1,3249400.0
TI00011760,TXN0003912,PROD00162,1,532200.0
TI00011761,TXN0003912,PROD00105,4,76100.0
TI00011762,TXN0003912,PROD00159,2,3240200.0
TI00011763,TXN0003912,PROD00099,3,497200.0
TI00011764,TXN0003912,PROD00109,3,3001900.0
TI00011765,TXN0003913,PROD00084,1,1607800.0
TI00011766,TXN0003913,PROD00021,1,423700.0
TI00011767,TXN0003913,PROD00044,3,2984700.0
TI00011768,TXN0003913,PROD00023,2,225100.0
TI00011769,TXN0003914,PROD00027,2,124600.0
TI00011770,TXN0003914,PROD00135,3,495100.0
TI00011771,TXN0003914,PROD00006,3,1710300.0
TI00011772,TXN0003915,PROD00156,3,117900.0
TI00011773,TXN0003915,PROD00163,4,337100.0
TI00011774,TXN0003915,PROD00060,3,218600.0
TI00011775,TXN0003916,PROD00121,3,190400.0
TI00011776,TXN0003916,PROD00117,1,188000.0
TI00011777,TXN0003917,PROD00083,4,6771700.0
TI00011778,TXN0003917,PROD00118,3,97800.0
TI00011779,TXN0003917,PROD00058,3,1306500.0
TI00011780,TXN0003918,PROD00044,2,2984700.0
TI00011781,TXN0003919,PROD00108,1,570800.0
TI00011782,TXN0003919,PROD00118,1,97800.0
TI00011783,TXN0003919,PROD00152,4,170900.0
TI00011784,TXN0003920,PROD00123,2,520300.0
TI00011785,TXN0003920,PROD00151,3,116700.0
TI00011786,TXN0003921,PROD00084,4,1607800.0
TI00011787,TXN0003921,PROD00042,4,110400.0
TI00011788,TXN0003921,PROD00054,3,1692000.0
TI00011789,TXN0003921,PROD00160,1,297400.0
TI00011790,TXN0003922,PROD00010,1,675900.0
TI00011791,TXN0003922,PROD00113,3,4916800.0
TI00011792,TXN0003922,PROD00001,1,179800.0
TI00011793,TXN0003923,PROD00107,3,75800.0
TI00011794,TXN0003923,PROD00145,4,626300.0
TI00011795,TXN0003924,PROD00088,4,220600.0
TI00011796,TXN0003924,PROD00018,4,2056700.0
TI00011797,TXN0003924,PROD00052,2,58000.0
TI00011798,TXN0003924,PROD00173,3,67500.0
TI00011799,TXN0003924,PROD00156,2,117900.0
TI00011800,TXN0003925,PROD00080,2,204100.0
TI00011801,TXN0003926,PROD00006,1,1710300.0
TI00011802,TXN0003926,PROD00070,3,191800.0
TI00011803,TXN0003927,PROD00063,1,631600.0
TI00011804,TXN0003927,PROD00053,1,197800.0
TI00011805,TXN0003927,PROD00068,4,189500.0
TI00011806,TXN0003927,PROD00105,4,76100.0
TI00011807,TXN0003928,PROD00134,4,1383900.0
TI00011808,TXN0003928,PROD00046,3,314500.0
TI00011809,TXN0003929,PROD00178,1,55100.0
TI00011810,TXN0003929,PROD00130,3,213000.0
TI00011811,TXN0003930,PROD00013,2,1045000.0
TI00011812,TXN0003930,PROD00063,1,631600.0
TI00011813,TXN0003930,PROD00052,3,58000.0
TI00011814,TXN0003930,PROD00174,3,71600.0
TI00011815,TXN0003931,PROD00014,1,2104400.0
TI00011816,TXN0003931,PROD00171,2,9207400.0
TI00011817,TXN0003931,PROD00047,1,165600.0
TI00011818,TXN0003931,PROD00174,2,71600.0
TI00011819,TXN0003932,PROD00041,1,792800.0
TI00011820,TXN0003933,PROD00107,4,75800.0
TI00011821,TXN0003933,PROD00125,4,716900.0
TI00011822,TXN0003934,PROD00062,4,83600.0
TI00011823,TXN0003934,PROD00107,3,75800.0
TI00011824,TXN0003934,PROD00088,3,220600.0
TI00011825,TXN0003934,PROD00117,3,188000.0
TI00011826,TXN0003935,PROD00029,2,747300.0
TI00011827,TXN0003935,PROD00158,3,488300.0
TI00011828,TXN0003935,PROD00085,1,262600.0
TI00011829,TXN0003935,PROD00179,1,1206500.0
TI00011830,TXN0003935,PROD00065,1,846500.0
TI00011831,TXN0003936,PROD00053,2,197800.0
TI00011832,TXN0003936,PROD00061,2,8063300.0
TI00011833,TXN0003936,PROD00013,2,1045000.0
TI00011834,TXN0003937,PROD00053,3,197800.0
TI00011835,TXN0003938,PROD00081,2,41700.0
TI00011836,TXN0003938,PROD00087,4,86200.0
TI00011837,TXN0003938,PROD00008,3,86100.0
TI00011838,TXN0003938,PROD00119,1,3450500.0
TI00011839,TXN0003938,PROD00006,4,1710300.0
TI00011840,TXN0003939,PROD00073,1,55700.0
TI00011841,TXN0003939,PROD00028,3,497400.0
TI00011842,TXN0003939,PROD00082,3,435600.0
TI00011843,TXN0003939,PROD00162,4,532200.0
TI00011844,TXN0003940,PROD00108,3,570800.0
TI00011845,TXN0003941,PROD00170,4,806200.0
TI00011846,TXN0003941,PROD00035,2,3271400.0
TI00011847,TXN0003941,PROD00117,1,188000.0
TI00011848,TXN0003942,PROD00084,1,1607800.0
TI00011849,TXN0003942,PROD00123,2,520300.0
TI00011850,TXN0003942,PROD00044,2,2984700.0
TI00011851,TXN0003942,PROD00089,3,11224800.0
TI00011852,TXN0003942,PROD00043,2,223400.0
TI00011853,TXN0003943,PROD00140,3,10502400.0
TI00011854,TXN0003943,PROD00047,1,165600.0
TI00011855,TXN0003943,PROD00138,3,57200.0
TI00011856,TXN0003944,PROD00174,1,71600.0
TI00011857,TXN0003944,PROD00086,3,8987800.0
TI00011858,TXN0003944,PROD00160,3,297400.0
TI00011859,TXN0003944,PROD00150,4,874600.0
TI00011860,TXN0003945,PROD00065,1,846500.0
TI00011861,TXN0003945,PROD00083,1,6771700.0
TI00011862,TXN0003945,PROD00037,3,718700.0
TI00011863,TXN0003945,PROD00061,1,8063300.0
TI00011864,TXN0003946,PROD00040,4,3685900.0
TI00011865,TXN0003946,PROD00135,3,495100.0
TI00011866,TXN0003946,PROD00097,3,2301200.0
TI00011867,TXN0003947,PROD00018,4,2056700.0
TI00011868,TXN0003948,PROD00032,3,359500.0
TI00011869,TXN0003949,PROD00158,2,488300.0
TI00011870,TXN0003950,PROD00012,1,744700.0
TI00011871,TXN0003950,PROD00033,1,10971800.0
TI00011872,TXN0003950,PROD00129,3,67800.0
TI00011873,TXN0003951,PROD00163,4,337100.0
TI00011874,TXN0003952,PROD00011,4,810900.0
TI00011875,TXN0003952,PROD00173,1,67500.0
TI00011876,TXN0003952,PROD00064,2,1537200.0
TI00011877,TXN0003952,PROD00028,3,497400.0
TI00011878,TXN0003953,PROD00159,3,3240200.0
TI00011879,TXN0003953,PROD00033,3,10971800.0
TI00011880,TXN0003953,PROD00176,4,168200.0
TI00011881,TXN0003953,PROD00023,3,225100.0
TI00011882,TXN0003953,PROD00099,2,497200.0
TI00011883,TXN0003954,PROD00171,4,9207400.0
TI00011884,TXN0003954,PROD00052,3,58000.0
TI00011885,TXN0003954,PROD00033,1,10971800.0
TI00011886,TXN0003954,PROD00144,3,2659900.0
TI00011887,TXN0003954,PROD00103,1,499800.0
TI00011888,TXN0003955,PROD00134,3,1383900.0
TI00011889,TXN0003955,PROD00131,4,2828000.0
TI00011890,TXN0003955,PROD00018,1,2056700.0
TI00011891,TXN0003955,PROD00089,3,11224800.0
TI00011892,TXN0003956,PROD00021,3,423700.0
TI00011893,TXN0003956,PROD00108,1,570800.0
TI00011894,TXN0003956,PROD00107,2,75800.0
TI00011895,TXN0003956,PROD00144,4,2659900.0
TI00011896,TXN0003957,PROD00105,3,76100.0
TI00011897,TXN0003957,PROD00164,3,103200.0
TI00011898,TXN0003957,PROD00004,3,1254300.0
TI00011899,TXN0003958,PROD00057,2,2101600.0
TI00011900,TXN0003959,PROD00034,3,1485900.0
TI00011901,TXN0003959,PROD00067,1,1694500.0
TI00011902,TXN0003960,PROD00104,2,179700.0
TI00011903,TXN0003960,PROD00018,4,2056700.0
TI00011904,TXN0003960,PROD00152,4,170900.0
TI00011905,TXN0003960,PROD00033,3,10971800.0
TI00011906,TXN0003960,PROD00021,4,423700.0
TI00011907,TXN0003961,PROD00124,4,11671600.0
TI00011908,TXN0003961,PROD00147,2,229500.0
TI00011909,TXN0003961,PROD00130,1,213000.0
TI00011910,TXN0003961,PROD00161,4,231200.0
TI00011911,TXN0003961,PROD00156,2,117900.0
TI00011912,TXN0003962,PROD00127,1,172600.0
TI00011913,TXN0003962,PROD00161,3,231200.0
TI00011914,TXN0003963,PROD00047,3,165600.0
TI00011915,TXN0003963,PROD00089,2,11224800.0
TI00011916,TXN0003963,PROD00145,2,626300.0
TI00011917,TXN0003963,PROD00021,1,423700.0
TI00011918,TXN0003963,PROD00109,1,3001900.0
TI00011919,TXN0003964,PROD00104,1,179700.0
TI00011920,TXN0003964,PROD00151,4,116700.0
TI00011921,TXN0003964,PROD00003,4,623300.0
TI00011922,TXN0003965,PROD00109,1,3001900.0
TI00011923,TXN0003965,PROD00063,3,631600.0
TI00011924,TXN0003965,PROD00120,3,283500.0
TI00011925,TXN0003965,PROD00175,2,99600.0
TI00011926,TXN0003965,PROD00167,4,79900.0
TI00011927,TXN0003966,PROD00045,1,75500.0
TI00011928,TXN0003966,PROD00050,4,134700.0
TI00011929,TXN0003967,PROD00126,4,219500.0
TI00011930,TXN0003967,PROD00117,3,188000.0
TI00011931,TXN0003967,PROD00096,2,366200.0
TI00011932,TXN0003968,PROD00001,3,179800.0
TI00011933,TXN0003969,PROD00056,2,246400.0
TI00011934,TXN0003970,PROD00056,2,246400.0
TI00011935,TXN0003971,PROD00114,4,362300.0
TI00011936,TXN0003971,PROD00078,2,473100.0
TI00011937,TXN0003972,PROD00088,1,220600.0
TI00011938,TXN0003972,PROD00106,1,610900.0
TI00011939,TXN0003973,PROD00139,4,621000.0
TI00011940,TXN0003973,PROD00001,3,179800.0
TI00011941,TXN0003974,PROD00170,3,806200.0
TI00011942,TXN0003974,PROD00018,2,2056700.0
TI00011943,TXN0003975,PROD00168,2,54200.0
TI00011944,TXN0003976,PROD00125,4,716900.0
TI00011945,TXN0003976,PROD00155,4,277300.0
TI00011946,TXN0003976,PROD00008,4,86100.0
TI00011947,TXN0003976,PROD00054,4,1692000.0
TI00011948,TXN0003977,PROD00078,2,473100.0
TI00011949,TXN0003977,PROD00123,2,520300.0
TI00011950,TXN0003977,PROD00045,4,75500.0
TI00011951,TXN0003977,PROD00130,3,213000.0
TI00011952,TXN0003977,PROD00019,3,353800.0
TI00011953,TXN0003978,PROD00052,4,58000.0
TI00011954,TXN0003978,PROD00176,1,168200.0
TI00011955,TXN0003979,PROD00126,2,219500.0
TI00011956,TXN0003979,PROD00093,3,2689800.0
TI00011957,TXN0003980,PROD00040,3,3685900.0
TI00011958,TXN0003980,PROD00065,2,846500.0
TI00011959,TXN0003981,PROD00107,3,75800.0
TI00011960,TXN0003981,PROD00116,1,561100.0
TI00011961,TXN0003981,PROD00026,2,1447900.0
TI00011962,TXN0003982,PROD00129,4,67800.0
TI00011963,TXN0003982,PROD00117,1,188000.0
TI00011964,TXN0003982,PROD00143,2,115300.0
TI00011965,TXN0003982,PROD00016,4,167400.0
TI00011966,TXN0003983,PROD00160,1,297400.0
TI00011967,TXN0003983,PROD00075,3,382900.0
TI00011968,TXN0003983,PROD00139,2,621000.0
TI00011969,TXN0003984,PROD00129,1,67800.0
TI00011970,TXN0003984,PROD00044,3,2984700.0
TI00011971,TXN0003984,PROD00002,4,1365600.0
TI00011972,TXN0003984,PROD00019,4,353800.0
TI00011973,TXN0003984,PROD00084,4,1607800.0
TI00011974,TXN0003985,PROD00103,4,499800.0
TI00011975,TXN0003985,PROD00022,3,1337300.0
TI00011976,TXN0003986,PROD00036,2,11966500.0
TI00011977,TXN0003986,PROD00131,4,2828000.0
TI00011978,TXN0003986,PROD00043,1,223400.0
TI00011979,TXN0003987,PROD00169,1,6358700.0
TI00011980,TXN0003987,PROD00069,2,145200.0
TI00011981,TXN0003987,PROD00145,3,626300.0
TI00011982,TXN0003988,PROD00076,4,609300.0
TI00011983,TXN0003988,PROD00049,4,244600.0
TI00011984,TXN0003988,PROD00172,4,162600.0
TI00011985,TXN0003988,PROD00066,4,162000.0
TI00011986,TXN0003988,PROD00082,1,435600.0
TI00011987,TXN0003989,PROD00112,1,3050100.0
TI00011988,TXN0003989,PROD00088,3,220600.0
TI00011989,TXN0003989,PROD00161,3,231200.0
TI00011990,TXN0003989,PROD00005,4,613400.0
TI00011991,TXN0003989,PROD00009,4,183500.0
TI00011992,TXN0003990,PROD00054,3,1692000.0
TI00011993,TXN0003990,PROD00145,2,626300.0
TI00011994,TXN0003991,PROD00030,3,10909100.0
TI00011995,TXN0003992,PROD00008,3,86100.0
TI00011996,TXN0003992,PROD00107,2,75800.0
TI00011997,TXN0003992,PROD00099,4,497200.0
TI00011998,TXN0003992,PROD00028,1,497400.0
TI00011999,TXN0003993,PROD00113,2,4916800.0
TI00012000,TXN0003994,PROD00141,1,527900.0
TI00012001,TXN0003994,PROD00026,2,1447900.0
TI00012002,TXN0003995,PROD00057,2,2101600.0
TI00012003,TXN0003995,PROD00114,4,362300.0
TI00012004,TXN0003995,PROD00042,2,110400.0
TI00012005,TXN0003995,PROD00005,3,613400.0
TI00012006,TXN0003996,PROD00097,4,2301200.0
TI00012007,TXN0003996,PROD00093,4,2689800.0
TI00012008,TXN0003997,PROD00104,4,179700.0
TI00012009,TXN0003997,PROD00169,3,6358700.0
TI00012010,TXN0003997,PROD00084,2,1607800.0
TI00012011,TXN0003998,PROD00009,4,183500.0
TI00012012,TXN0003998,PROD00082,2,435600.0
TI00012013,TXN0003998,PROD00067,2,1694500.0
TI00012014,TXN0003998,PROD00101,1,11745100.0
TI00012015,TXN0003999,PROD00002,4,1365600.0
TI00012016,TXN0003999,PROD00152,2,170900.0
TI00012017,TXN0003999,PROD00088,1,220600.0
TI00012018,TXN0003999,PROD00070,3,191800.0
TI00012019,TXN0003999,PROD00109,4,3001900.0
TI00012020,TXN0004000,PROD00042,3,110400.0
TI00012021,TXN0004001,PROD00151,4,116700.0
TI00012022,TXN0004001,PROD00046,4,314500.0
TI00012023,TXN0004002,PROD00127,1,172600.0
TI00012024,TXN0004002,PROD00131,3,2828000.0
TI00012025,TXN0004002,PROD00013,1,1045000.0
TI00012026,TXN0004003,PROD00081,4,41700.0
TI00012027,TXN0004004,PROD00019,1,353800.0
TI00012028,TXN0004005,PROD00133,3,521500.0
TI00012029,TXN0004005,PROD00130,3,213000.0
TI00012030,TXN0004006,PROD00162,4,532200.0
TI00012031,TXN0004006,PROD00080,3,204100.0
TI00012032,TXN0004007,PROD00163,1,337100.0
TI00012033,TXN0004007,PROD00009,2,183500.0
TI00012034,TXN0004007,PROD00142,1,324600.0
TI00012035,TXN0004007,PROD00155,3,277300.0
TI00012036,TXN0004007,PROD00071,4,501200.0
TI00012037,TXN0004008,PROD00057,3,2101600.0
TI00012038,TXN0004008,PROD00037,3,718700.0
TI00012039,TXN0004008,PROD00028,2,497400.0
TI00012040,TXN0004008,PROD00052,3,58000.0
TI00012041,TXN0004008,PROD00004,2,1254300.0
TI00012042,TXN0004009,PROD00168,3,54200.0
TI00012043,TXN0004009,PROD00011,1,810900.0
TI00012044,TXN0004009,PROD00051,3,752100.0
TI00012045,TXN0004009,PROD00091,2,17600.0
TI00012046,TXN0004009,PROD00154,3,192800.0
TI00012047,TXN0004010,PROD00160,2,297400.0
TI00012048,TXN0004010,PROD00151,2,116700.0
TI00012049,TXN0004010,PROD00010,2,675900.0
TI00012050,TXN0004010,PROD00175,4,99600.0
TI00012051,TXN0004011,PROD00111,2,5440300.0
TI00012052,TXN0004011,PROD00010,3,675900.0
TI00012053,TXN0004011,PROD00162,1,532200.0
TI00012054,TXN0004011,PROD00100,2,546800.0
TI00012055,TXN0004012,PROD00145,4,626300.0
TI00012056,TXN0004012,PROD00157,2,6815900.0
TI00012057,TXN0004013,PROD00006,1,1710300.0
TI00012058,TXN0004013,PROD00136,2,787800.0
TI00012059,TXN0004014,PROD00171,4,9207400.0
TI00012060,TXN0004014,PROD00053,1,197800.0
TI00012061,TXN0004014,PROD00163,2,337100.0
TI00012062,TXN0004014,PROD00160,4,297400.0
TI00012063,TXN0004014,PROD00176,4,168200.0
TI00012064,TXN0004015,PROD00090,3,838900.0
TI00012065,TXN0004016,PROD00084,1,1607800.0
TI00012066,TXN0004016,PROD00031,4,571800.0
TI00012067,TXN0004016,PROD00057,4,2101600.0
TI00012068,TXN0004016,PROD00058,1,1306500.0
TI00012069,TXN0004016,PROD00027,3,124600.0
TI00012070,TXN0004017,PROD00127,2,172600.0
TI00012071,TXN0004017,PROD00019,1,353800.0
TI00012072,TXN0004017,PROD00152,2,170900.0
TI00012073,TXN0004017,PROD00035,1,3271400.0
TI00012074,TXN0004018,PROD00113,3,4916800.0
TI00012075,TXN0004018,PROD00070,2,191800.0
TI00012076,TXN0004018,PROD00009,2,183500.0
TI00012077,TXN0004019,PROD00004,4,1254300.0
TI00012078,TXN0004019,PROD00097,1,2301200.0
TI00012079,TXN0004019,PROD00113,2,4916800.0
TI00012080,TXN0004019,PROD00126,3,219500.0
TI00012081,TXN0004020,PROD00097,3,2301200.0
TI00012082,TXN0004020,PROD00083,4,6771700.0
TI00012083,TXN0004021,PROD00073,3,55700.0
TI00012084,TXN0004021,PROD00148,3,272900.0
TI00012085,TXN0004021,PROD00107,1,75800.0
TI00012086,TXN0004021,PROD00123,3,520300.0
TI00012087,TXN0004022,PROD00091,3,17600.0
TI00012088,TXN0004022,PROD00114,3,362300.0
TI00012089,TXN0004023,PROD00083,4,6771700.0
TI00012090,TXN0004023,PROD00036,1,11966500.0
TI00012091,TXN0004024,PROD00027,1,124600.0
TI00012092,TXN0004025,PROD00064,1,1537200.0
TI00012093,TXN0004025,PROD00060,3,218600.0
TI00012094,TXN0004025,PROD00140,4,10502400.0
TI00012095,TXN0004025,PROD00089,4,11224800.0
TI00012096,TXN0004026,PROD00127,1,172600.0
TI00012097,TXN0004026,PROD00010,4,675900.0
TI00012098,TXN0004026,PROD00167,1,79900.0
TI00012099,TXN0004026,PROD00095,2,428500.0
TI00012100,TXN0004027,PROD00150,2,874600.0
TI00012101,TXN0004028,PROD00082,2,435600.0
TI00012102,TXN0004028,PROD00131,3,2828000.0
TI00012103,TXN0004028,PROD00110,3,130700.0
TI00012104,TXN0004028,PROD00014,4,2104400.0
TI00012105,TXN0004029,PROD00148,3,272900.0
TI00012106,TXN0004029,PROD00039,2,1936200.0
TI00012107,TXN0004029,PROD00063,3,631600.0
TI00012108,TXN0004029,PROD00077,3,37900.0
TI00012109,TXN0004029,PROD00160,4,297400.0
TI00012110,TXN0004030,PROD00136,2,787800.0
TI00012111,TXN0004030,PROD00164,1,103200.0
TI00012112,TXN0004030,PROD00035,2,3271400.0
TI00012113,TXN0004030,PROD00104,2,179700.0
TI00012114,TXN0004031,PROD00097,1,2301200.0
TI00012115,TXN0004032,PROD00177,4,228400.0
TI00012116,TXN0004032,PROD00131,4,2828000.0
TI00012117,TXN0004033,PROD00047,1,165600.0
TI00012118,TXN0004033,PROD00056,2,246400.0
TI00012119,TXN0004033,PROD00162,3,532200.0
TI00012120,TXN0004033,PROD00121,3,190400.0
TI00012121,TXN0004034,PROD00106,1,610900.0
TI00012122,TXN0004034,PROD00135,2,495100.0
TI00012123,TXN0004035,PROD00147,1,229500.0
TI00012124,TXN0004035,PROD00072,2,470400.0
TI00012125,TXN0004036,PROD00179,2,1206500.0
TI00012126,TXN0004036,PROD00001,3,179800.0
TI00012127,TXN0004036,PROD00101,1,11745100.0
TI00012128,TXN0004036,PROD00048,3,88700.0
TI00012129,TXN0004036,PROD00090,3,838900.0
TI00012130,TXN0004037,PROD00138,1,57200.0
TI00012131,TXN0004037,PROD00136,3,787800.0
TI00012132,TXN0004037,PROD00062,1,83600.0
TI00012133,TXN0004038,PROD00089,2,11224800.0
TI00012134,TXN0004038,PROD00103,1,499800.0
TI00012135,TXN0004039,PROD00039,3,1936200.0
TI00012136,TXN0004039,PROD00111,1,5440300.0
TI00012137,TXN0004039,PROD00122,3,2205900.0
TI00012138,TXN0004039,PROD00049,4,244600.0
TI00012139,TXN0004039,PROD00084,4,1607800.0
TI00012140,TXN0004040,PROD00150,2,874600.0
TI00012141,TXN0004040,PROD00112,2,3050100.0
TI00012142,TXN0004040,PROD00168,3,54200.0
TI00012143,TXN0004040,PROD00036,1,11966500.0
TI00012144,TXN0004040,PROD00024,4,595000.0
TI00012145,TXN0004041,PROD00138,2,57200.0
TI00012146,TXN0004041,PROD00081,3,41700.0
TI00012147,TXN0004041,PROD00099,4,497200.0
TI00012148,TXN0004041,PROD00075,4,382900.0
TI00012149,TXN0004042,PROD00044,3,2984700.0
TI00012150,TXN0004042,PROD00093,4,2689800.0
TI00012151,TXN0004042,PROD00140,4,10502400.0
TI00012152,TXN0004042,PROD00113,2,4916800.0
TI00012153,TXN0004042,PROD00046,4,314500.0
TI00012154,TXN0004043,PROD00142,3,324600.0
TI00012155,TXN0004044,PROD00039,2,1936200.0
TI00012156,TXN0004044,PROD00132,4,6814300.0
TI00012157,TXN0004044,PROD00004,3,1254300.0
TI00012158,TXN0004044,PROD00061,1,8063300.0
TI00012159,TXN0004045,PROD00073,1,55700.0
TI00012160,TXN0004045,PROD00147,4,229500.0
TI00012161,TXN0004045,PROD00021,2,423700.0
TI00012162,TXN0004045,PROD00162,3,532200.0
TI00012163,TXN0004046,PROD00025,1,57900.0
TI00012164,TXN0004046,PROD00016,4,167400.0
TI00012165,TXN0004047,PROD00037,3,718700.0
TI00012166,TXN0004047,PROD00135,3,495100.0
TI00012167,TXN0004048,PROD00075,1,382900.0
TI00012168,TXN0004049,PROD00117,2,188000.0
TI00012169,TXN0004049,PROD00158,2,488300.0
TI00012170,TXN0004049,PROD00097,3,2301200.0
TI00012171,TXN0004050,PROD00163,1,337100.0
TI00012172,TXN0004051,PROD00110,1,130700.0
TI00012173,TXN0004051,PROD00021,1,423700.0
TI00012174,TXN0004051,PROD00010,2,675900.0
TI00012175,TXN0004051,PROD00098,4,66400.0
TI00012176,TXN0004051,PROD00107,1,75800.0
TI00012177,TXN0004052,PROD00157,2,6815900.0
TI00012178,TXN0004052,PROD00169,1,6358700.0
TI00012179,TXN0004052,PROD00086,4,8987800.0
TI00012180,TXN0004053,PROD00019,4,353800.0
TI00012181,TXN0004053,PROD00007,4,456400.0
TI00012182,TXN0004053,PROD00107,3,75800.0
TI00012183,TXN0004054,PROD00111,3,5440300.0
TI00012184,TXN0004055,PROD00040,2,3685900.0
TI00012185,TXN0004055,PROD00055,3,29300.0
TI00012186,TXN0004055,PROD00135,3,495100.0
TI00012187,TXN0004056,PROD00020,4,176500.0
TI00012188,TXN0004056,PROD00018,2,2056700.0
TI00012189,TXN0004056,PROD00165,3,242000.0
TI00012190,TXN0004056,PROD00004,1,1254300.0
TI00012191,TXN0004057,PROD00089,1,11224800.0
TI00012192,TXN0004058,PROD00025,2,57900.0
TI00012193,TXN0004058,PROD00065,2,846500.0
TI00012194,TXN0004058,PROD00139,2,621000.0
TI00012195,TXN0004058,PROD00087,1,86200.0
TI00012196,TXN0004059,PROD00066,4,162000.0
TI00012197,TXN0004060,PROD00017,2,61400.0
TI00012198,TXN0004060,PROD00044,3,2984700.0
TI00012199,TXN0004060,PROD00145,2,626300.0
TI00012200,TXN0004061,PROD00130,1,213000.0
TI00012201,TXN0004061,PROD00172,3,162600.0
TI00012202,TXN0004062,PROD00151,4,116700.0
TI00012203,TXN0004062,PROD00175,4,99600.0
TI00012204,TXN0004062,PROD00091,1,17600.0
TI00012205,TXN0004062,PROD00036,1,11966500.0
TI00012206,TXN0004062,PROD00029,2,747300.0
TI00012207,TXN0004063,PROD00012,4,744700.0
TI00012208,TXN0004063,PROD00084,2,1607800.0
TI00012209,TXN0004063,PROD00015,2,327100.0
TI00012210,TXN0004064,PROD00062,2,83600.0
TI00012211,TXN0004064,PROD00014,3,2104400.0
TI00012212,TXN0004064,PROD00064,1,1537200.0
TI00012213,TXN0004065,PROD00154,2,192800.0
TI00012214,TXN0004065,PROD00102,2,171600.0
TI00012215,TXN0004065,PROD00039,3,1936200.0
TI00012216,TXN0004066,PROD00091,3,17600.0
TI00012217,TXN0004066,PROD00066,2,162000.0
TI00012218,TXN0004066,PROD00054,3,1692000.0
TI00012219,TXN0004066,PROD00153,1,121800.0
TI00012220,TXN0004067,PROD00025,4,57900.0
TI00012221,TXN0004067,PROD00074,2,99400.0
TI00012222,TXN0004067,PROD00143,2,115300.0
TI00012223,TXN0004068,PROD00006,3,1710300.0
TI00012224,TXN0004068,PROD00086,4,8987800.0
TI00012225,TXN0004068,PROD00015,1,327100.0
TI00012226,TXN0004069,PROD00033,1,10971800.0
TI00012227,TXN0004069,PROD00055,1,29300.0
TI00012228,TXN0004069,PROD00120,1,283500.0
TI00012229,TXN0004069,PROD00125,4,716900.0
TI00012230,TXN0004069,PROD00044,3,2984700.0
TI00012231,TXN0004070,PROD00147,1,229500.0
TI00012232,TXN0004070,PROD00177,1,228400.0
TI00012233,TXN0004070,PROD00060,4,218600.0
TI00012234,TXN0004070,PROD00146,1,647500.0
TI00012235,TXN0004071,PROD00008,2,86100.0
TI00012236,TXN0004072,PROD00174,4,71600.0
TI00012237,TXN0004072,PROD00130,3,213000.0
TI00012238,TXN0004072,PROD00177,4,228400.0
TI00012239,TXN0004072,PROD00071,2,501200.0
TI00012240,TXN0004072,PROD00136,4,787800.0
TI00012241,TXN0004073,PROD00154,4,192800.0
TI00012242,TXN0004073,PROD00097,1,2301200.0
TI00012243,TXN0004073,PROD00104,4,179700.0
TI00012244,TXN0004074,PROD00097,3,2301200.0
TI00012245,TXN0004074,PROD00015,1,327100.0
TI00012246,TXN0004074,PROD00075,2,382900.0
TI00012247,TXN0004074,PROD00121,1,190400.0
TI00012248,TXN0004075,PROD00112,2,3050100.0
TI00012249,TXN0004075,PROD00133,2,521500.0
TI00012250,TXN0004076,PROD00161,2,231200.0
TI00012251,TXN0004076,PROD00073,3,55700.0
TI00012252,TXN0004076,PROD00002,1,1365600.0
TI00012253,TXN0004076,PROD00079,4,31800.0
TI00012254,TXN0004076,PROD00056,1,246400.0
TI00012255,TXN0004077,PROD00085,4,262600.0
TI00012256,TXN0004077,PROD00124,4,11671600.0
TI00012257,TXN0004077,PROD00113,3,4916800.0
TI00012258,TXN0004077,PROD00096,1,366200.0
TI00012259,TXN0004077,PROD00034,2,1485900.0
TI00012260,TXN0004078,PROD00103,1,499800.0
TI00012261,TXN0004078,PROD00121,4,190400.0
TI00012262,TXN0004079,PROD00087,4,86200.0
TI00012263,TXN0004079,PROD00063,4,631600.0
TI00012264,TXN0004080,PROD00059,3,3249400.0
TI00012265,TXN0004080,PROD00157,2,6815900.0
TI00012266,TXN0004080,PROD00057,3,2101600.0
TI00012267,TXN0004080,PROD00003,2,623300.0
TI00012268,TXN0004080,PROD00054,4,1692000.0
TI00012269,TXN0004081,PROD00089,4,11224800.0
TI00012270,TXN0004081,PROD00049,2,244600.0
TI00012271,TXN0004081,PROD00047,3,165600.0
TI00012272,TXN0004081,PROD00154,1,192800.0
TI00012273,TXN0004081,PROD00144,1,2659900.0
TI00012274,TXN0004082,PROD00155,3,277300.0
TI00012275,TXN0004082,PROD00126,4,219500.0
TI00012276,TXN0004082,PROD00078,2,473100.0
TI00012277,TXN0004082,PROD00117,4,188000.0
TI00012278,TXN0004082,PROD00085,4,262600.0
TI00012279,TXN0004083,PROD00158,1,488300.0
TI00012280,TXN0004083,PROD00011,3,810900.0
TI00012281,TXN0004083,PROD00148,3,272900.0
TI00012282,TXN0004083,PROD00107,4,75800.0
TI00012283,TXN0004083,PROD00118,3,97800.0
TI00012284,TXN0004084,PROD00060,1,218600.0
TI00012285,TXN0004084,PROD00157,2,6815900.0
TI00012286,TXN0004084,PROD00099,3,497200.0
TI00012287,TXN0004084,PROD00025,1,57900.0
TI00012288,TXN0004085,PROD00103,1,499800.0
TI00012289,TXN0004085,PROD00139,1,621000.0
TI00012290,TXN0004086,PROD00173,4,67500.0
TI00012291,TXN0004087,PROD00164,2,103200.0
TI00012292,TXN0004087,PROD00072,1,470400.0
TI00012293,TXN0004087,PROD00055,4,29300.0
TI00012294,TXN0004087,PROD00009,4,183500.0
TI00012295,TXN0004087,PROD00122,1,2205900.0
TI00012296,TXN0004088,PROD00026,2,1447900.0
TI00012297,TXN0004088,PROD00100,2,546800.0
TI00012298,TXN0004088,PROD00082,4,435600.0
TI00012299,TXN0004088,PROD00130,2,213000.0
TI00012300,TXN0004088,PROD00119,3,3450500.0
TI00012301,TXN0004089,PROD00138,4,57200.0
TI00012302,TXN0004089,PROD00085,4,262600.0
TI00012303,TXN0004089,PROD00113,1,4916800.0
TI00012304,TXN0004090,PROD00178,2,55100.0
TI00012305,TXN0004090,PROD00041,1,792800.0
TI00012306,TXN0004090,PROD00141,2,527900.0
TI00012307,TXN0004090,PROD00018,4,2056700.0
TI00012308,TXN0004091,PROD00167,1,79900.0
TI00012309,TXN0004091,PROD00043,4,223400.0
TI00012310,TXN0004091,PROD00067,1,1694500.0
TI00012311,TXN0004092,PROD00179,3,1206500.0
TI00012312,TXN0004093,PROD00050,1,134700.0
TI00012313,TXN0004093,PROD00120,3,283500.0
TI00012314,TXN0004093,PROD00059,2,3249400.0
TI00012315,TXN0004094,PROD00053,3,197800.0
TI00012316,TXN0004094,PROD00032,4,359500.0
TI00012317,TXN0004094,PROD00136,4,787800.0
TI00012318,TXN0004094,PROD00083,1,6771700.0
TI00012319,TXN0004095,PROD00066,1,162000.0
TI00012320,TXN0004095,PROD00141,1,527900.0
TI00012321,TXN0004095,PROD00025,1,57900.0
TI00012322,TXN0004095,PROD00070,3,191800.0
TI00012323,TXN0004095,PROD00079,1,31800.0
TI00012324,TXN0004096,PROD00012,1,744700.0
TI00012325,TXN0004096,PROD00039,4,1936200.0
TI00012326,TXN0004096,PROD00062,3,83600.0
TI00012327,TXN0004096,PROD00032,1,359500.0
TI00012328,TXN0004097,PROD00150,2,874600.0
TI00012329,TXN0004097,PROD00106,2,610900.0
TI00012330,TXN0004098,PROD00040,3,3685900.0
TI00012331,TXN0004098,PROD00117,3,188000.0
TI00012332,TXN0004098,PROD00053,4,197800.0
TI00012333,TXN0004099,PROD00096,4,366200.0
TI00012334,TXN0004099,PROD00030,2,10909100.0
TI00012335,TXN0004100,PROD00115,4,1810600.0
TI00012336,TXN0004100,PROD00094,2,365200.0
TI00012337,TXN0004100,PROD00131,4,2828000.0
TI00012338,TXN0004101,PROD00151,2,116700.0
TI00012339,TXN0004101,PROD00179,3,1206500.0
TI00012340,TXN0004102,PROD00118,2,97800.0
TI00012341,TXN0004102,PROD00031,4,571800.0
TI00012342,TXN0004102,PROD00143,1,115300.0
TI00012343,TXN0004102,PROD00083,1,6771700.0
TI00012344,TXN0004103,PROD00180,3,96700.0
TI00012345,TXN0004103,PROD00006,1,1710300.0
TI00012346,TXN0004104,PROD00016,2,167400.0
TI00012347,TXN0004104,PROD00012,1,744700.0
TI00012348,TXN0004104,PROD00076,4,609300.0
TI00012349,TXN0004104,PROD00031,4,571800.0
TI00012350,TXN0004105,PROD00038,4,3280700.0
TI00012351,TXN0004105,PROD00123,1,520300.0
TI00012352,TXN0004105,PROD00001,2,179800.0
TI00012353,TXN0004106,PROD00027,3,124600.0
TI00012354,TXN0004106,PROD00113,1,4916800.0
TI00012355,TXN0004106,PROD00111,4,5440300.0
TI00012356,TXN0004106,PROD00055,3,29300.0
TI00012357,TXN0004107,PROD00041,3,792800.0
TI00012358,TXN0004107,PROD00146,2,647500.0
TI00012359,TXN0004107,PROD00156,1,117900.0
TI00012360,TXN0004107,PROD00007,4,456400.0
TI00012361,TXN0004108,PROD00035,2,3271400.0
TI00012362,TXN0004108,PROD00043,3,223400.0
TI00012363,TXN0004108,PROD00113,3,4916800.0
TI00012364,TXN0004108,PROD00009,2,183500.0
TI00012365,TXN0004109,PROD00148,3,272900.0
TI00012366,TXN0004109,PROD00018,3,2056700.0
TI00012367,TXN0004110,PROD00033,3,10971800.0
TI00012368,TXN0004110,PROD00086,4,8987800.0
TI00012369,TXN0004110,PROD00108,4,570800.0
TI00012370,TXN0004110,PROD00014,2,2104400.0
TI00012371,TXN0004111,PROD00112,1,3050100.0
TI00012372,TXN0004111,PROD00159,4,3240200.0
TI00012373,TXN0004112,PROD00009,4,183500.0
TI00012374,TXN0004112,PROD00170,1,806200.0
TI00012375,TXN0004112,PROD00048,2,88700.0
TI00012376,TXN0004113,PROD00040,1,3685900.0
TI00012377,TXN0004113,PROD00173,4,67500.0
TI00012378,TXN0004114,PROD00168,2,54200.0
TI00012379,TXN0004114,PROD00002,2,1365600.0
TI00012380,TXN0004114,PROD00084,3,1607800.0
TI00012381,TXN0004115,PROD00086,2,8987800.0
TI00012382,TXN0004115,PROD00058,4,1306500.0
TI00012383,TXN0004116,PROD00094,1,365200.0
TI00012384,TXN0004117,PROD00086,4,8987800.0
TI00012385,TXN0004118,PROD00143,3,115300.0
TI00012386,TXN0004118,PROD00168,3,54200.0
TI00012387,TXN0004118,PROD00144,3,2659900.0
TI00012388,TXN0004118,PROD00099,3,497200.0
TI00012389,TXN0004119,PROD00081,1,41700.0
TI00012390,TXN0004120,PROD00128,2,202200.0
TI00012391,TXN0004120,PROD00003,3,623300.0
TI00012392,TXN0004120,PROD00094,1,365200.0
TI00012393,TXN0004121,PROD00127,2,172600.0
TI00012394,TXN0004121,PROD00069,3,145200.0
TI00012395,TXN0004121,PROD00075,4,382900.0
TI00012396,TXN0004121,PROD00024,2,595000.0
TI00012397,TXN0004121,PROD00033,3,10971800.0
TI00012398,TXN0004122,PROD00081,1,41700.0
TI00012399,TXN0004122,PROD00111,1,5440300.0
TI00012400,TXN0004123,PROD00171,3,9207400.0
TI00012401,TXN0004123,PROD00089,1,11224800.0
TI00012402,TXN0004123,PROD00017,4,61400.0
TI00012403,TXN0004124,PROD00150,2,874600.0
TI00012404,TXN0004125,PROD00151,1,116700.0
TI00012405,TXN0004125,PROD00086,2,8987800.0
TI00012406,TXN0004125,PROD00056,4,246400.0
TI00012407,TXN0004126,PROD00086,1,8987800.0
TI00012408,TXN0004126,PROD00136,1,787800.0
TI00012409,TXN0004126,PROD00166,4,120600.0
TI00012410,TXN0004127,PROD00029,3,747300.0
TI00012411,TXN0004127,PROD00051,4,752100.0
TI00012412,TXN0004128,PROD00020,4,176500.0
TI00012413,TXN0004128,PROD00082,3,435600.0
TI00012414,TXN0004128,PROD00039,2,1936200.0
TI00012415,TXN0004128,PROD00180,2,96700.0
TI00012416,TXN0004129,PROD00116,1,561100.0
TI00012417,TXN0004129,PROD00011,1,810900.0
TI00012418,TXN0004129,PROD00174,1,71600.0
TI00012419,TXN0004130,PROD00019,3,353800.0
TI00012420,TXN0004130,PROD00158,1,488300.0
TI00012421,TXN0004130,PROD00143,3,115300.0
TI00012422,TXN0004130,PROD00138,2,57200.0
TI00012423,TXN0004131,PROD00171,1,9207400.0
TI00012424,TXN0004131,PROD00166,4,120600.0
TI00012425,TXN0004131,PROD00031,2,571800.0
TI00012426,TXN0004131,PROD00035,1,3271400.0
TI00012427,TXN0004131,PROD00103,1,499800.0
TI00012428,TXN0004132,PROD00139,1,621000.0
TI00012429,TXN0004132,PROD00152,1,170900.0
TI00012430,TXN0004132,PROD00156,3,117900.0
TI00012431,TXN0004132,PROD00004,1,1254300.0
TI00012432,TXN0004132,PROD00085,2,262600.0
TI00012433,TXN0004133,PROD00088,1,220600.0
TI00012434,TXN0004134,PROD00087,4,86200.0
TI00012435,TXN0004135,PROD00169,2,6358700.0
TI00012436,TXN0004135,PROD00111,1,5440300.0
TI00012437,TXN0004135,PROD00152,2,170900.0
TI00012438,TXN0004135,PROD00010,1,675900.0
TI00012439,TXN0004135,PROD00163,1,337100.0
TI00012440,TXN0004136,PROD00006,2,1710300.0
TI00012441,TXN0004136,PROD00036,3,11966500.0
TI00012442,TXN0004136,PROD00163,4,337100.0
TI00012443,TXN0004136,PROD00020,4,176500.0
TI00012444,TXN0004137,PROD00130,2,213000.0
TI00012445,TXN0004137,PROD00030,3,10909100.0
TI00012446,TXN0004138,PROD00102,1,171600.0
TI00012447,TXN0004138,PROD00041,4,792800.0
TI00012448,TXN0004139,PROD00144,1,2659900.0
TI00012449,TXN0004139,PROD00068,2,189500.0
TI00012450,TXN0004139,PROD00150,4,874600.0
TI00012451,TXN0004139,PROD00177,1,228400.0
TI00012452,TXN0004139,PROD00083,2,6771700.0
TI00012453,TXN0004140,PROD00111,3,5440300.0
TI00012454,TXN0004140,PROD00095,4,428500.0
TI00012455,TXN0004140,PROD00107,1,75800.0
TI00012456,TXN0004141,PROD00132,1,6814300.0
TI00012457,TXN0004141,PROD00162,3,532200.0
TI00012458,TXN0004141,PROD00025,3,57900.0
TI00012459,TXN0004141,PROD00055,1,29300.0
TI00012460,TXN0004142,PROD00070,4,191800.0
TI00012461,TXN0004142,PROD00091,2,17600.0
TI00012462,TXN0004142,PROD00011,3,810900.0
TI00012463,TXN0004142,PROD00136,2,787800.0
TI00012464,TXN0004143,PROD00006,2,1710300.0
TI00012465,TXN0004143,PROD00121,3,190400.0
TI00012466,TXN0004144,PROD00066,1,162000.0
TI00012467,TXN0004144,PROD00025,2,57900.0
TI00012468,TXN0004144,PROD00048,3,88700.0
TI00012469,TXN0004144,PROD00106,3,610900.0
TI00012470,TXN0004145,PROD00140,1,10502400.0
TI00012471,TXN0004145,PROD00102,3,171600.0
TI00012472,TXN0004145,PROD00031,2,571800.0
TI00012473,TXN0004146,PROD00010,3,675900.0
TI00012474,TXN0004146,PROD00133,3,521500.0
TI00012475,TXN0004146,PROD00057,3,2101600.0
TI00012476,TXN0004147,PROD00091,2,17600.0
TI00012477,TXN0004147,PROD00145,1,626300.0
TI00012478,TXN0004147,PROD00140,4,10502400.0
TI00012479,TXN0004147,PROD00131,4,2828000.0
TI00012480,TXN0004147,PROD00032,3,359500.0
TI00012481,TXN0004148,PROD00095,4,428500.0
TI00012482,TXN0004148,PROD00171,2,9207400.0
TI00012483,TXN0004149,PROD00036,4,11966500.0
TI00012484,TXN0004149,PROD00062,2,83600.0
TI00012485,TXN0004150,PROD00121,2,190400.0
TI00012486,TXN0004150,PROD00088,3,220600.0
TI00012487,TXN0004151,PROD00157,3,6815900.0
TI00012488,TXN0004151,PROD00156,3,117900.0
TI00012489,TXN0004152,PROD00042,2,110400.0
TI00012490,TXN0004153,PROD00117,4,188000.0
TI00012491,TXN0004154,PROD00108,2,570800.0
TI00012492,TXN0004155,PROD00005,3,613400.0
TI00012493,TXN0004155,PROD00035,3,3271400.0
TI00012494,TXN0004155,PROD00099,4,497200.0
TI00012495,TXN0004156,PROD00072,3,470400.0
TI00012496,TXN0004156,PROD00025,2,57900.0
TI00012497,TXN0004157,PROD00048,1,88700.0
TI00012498,TXN0004157,PROD00062,4,83600.0
TI00012499,TXN0004158,PROD00164,4,103200.0
TI00012500,TXN0004158,PROD00013,4,1045000.0
TI00012501,TXN0004158,PROD00109,2,3001900.0
TI00012502,TXN0004158,PROD00125,1,716900.0
TI00012503,TXN0004158,PROD00066,1,162000.0
TI00012504,TXN0004159,PROD00059,2,3249400.0
TI00012505,TXN0004159,PROD00131,4,2828000.0
TI00012506,TXN0004159,PROD00065,1,846500.0
TI00012507,TXN0004159,PROD00064,1,1537200.0
TI00012508,TXN0004159,PROD00120,4,283500.0
TI00012509,TXN0004160,PROD00159,2,3240200.0
TI00012510,TXN0004160,PROD00089,3,11224800.0
TI00012511,TXN0004160,PROD00165,2,242000.0
TI00012512,TXN0004160,PROD00057,2,2101600.0
TI00012513,TXN0004161,PROD00058,2,1306500.0
TI00012514,TXN0004161,PROD00158,3,488300.0
TI00012515,TXN0004161,PROD00034,4,1485900.0
TI00012516,TXN0004161,PROD00035,4,3271400.0
TI00012517,TXN0004161,PROD00068,4,189500.0
TI00012518,TXN0004162,PROD00065,3,846500.0
TI00012519,TXN0004162,PROD00093,1,2689800.0
TI00012520,TXN0004162,PROD00115,2,1810600.0
TI00012521,TXN0004162,PROD00173,1,67500.0
TI00012522,TXN0004163,PROD00048,3,88700.0
TI00012523,TXN0004163,PROD00024,3,595000.0
TI00012524,TXN0004163,PROD00026,4,1447900.0
TI00012525,TXN0004164,PROD00136,4,787800.0
TI00012526,TXN0004164,PROD00059,4,3249400.0
TI00012527,TXN0004165,PROD00046,3,314500.0
TI00012528,TXN0004165,PROD00005,4,613400.0
TI00012529,TXN0004165,PROD00171,3,9207400.0
TI00012530,TXN0004166,PROD00170,3,806200.0
TI00012531,TXN0004166,PROD00129,4,67800.0
TI00012532,TXN0004166,PROD00153,4,121800.0
TI00012533,TXN0004167,PROD00180,3,96700.0
TI00012534,TXN0004167,PROD00063,2,631600.0
TI00012535,TXN0004167,PROD00175,2,99600.0
TI00012536,TXN0004167,PROD00151,1,116700.0
TI00012537,TXN0004167,PROD00046,2,314500.0
TI00012538,TXN0004168,PROD00021,4,423700.0
TI00012539,TXN0004168,PROD00108,3,570800.0
TI00012540,TXN0004168,PROD00171,4,9207400.0
TI00012541,TXN0004168,PROD00166,4,120600.0
TI00012542,TXN0004169,PROD00146,1,647500.0
TI00012543,TXN0004169,PROD00133,2,521500.0
TI00012544,TXN0004169,PROD00112,3,3050100.0
TI00012545,TXN0004169,PROD00056,3,246400.0
TI00012546,TXN0004169,PROD00107,3,75800.0
TI00012547,TXN0004170,PROD00030,3,10909100.0
TI00012548,TXN0004171,PROD00162,3,532200.0
TI00012549,TXN0004171,PROD00014,4,2104400.0
TI00012550,TXN0004171,PROD00023,2,225100.0
TI00012551,TXN0004172,PROD00103,2,499800.0
TI00012552,TXN0004172,PROD00173,4,67500.0
TI00012553,TXN0004173,PROD00160,1,297400.0
TI00012554,TXN0004173,PROD00127,4,172600.0
TI00012555,TXN0004173,PROD00174,2,71600.0
TI00012556,TXN0004173,PROD00119,2,3450500.0
TI00012557,TXN0004173,PROD00146,1,647500.0
TI00012558,TXN0004174,PROD00006,1,1710300.0
TI00012559,TXN0004175,PROD00130,4,213000.0
TI00012560,TXN0004175,PROD00105,1,76100.0
TI00012561,TXN0004176,PROD00022,3,1337300.0
TI00012562,TXN0004176,PROD00083,3,6771700.0
TI00012563,TXN0004176,PROD00126,1,219500.0
TI00012564,TXN0004177,PROD00026,1,1447900.0
TI00012565,TXN0004177,PROD00162,1,532200.0
TI00012566,TXN0004177,PROD00179,1,1206500.0
TI00012567,TXN0004177,PROD00172,3,162600.0
TI00012568,TXN0004178,PROD00047,2,165600.0
TI00012569,TXN0004178,PROD00070,4,191800.0
TI00012570,TXN0004178,PROD00041,3,792800.0
TI00012571,TXN0004178,PROD00169,4,6358700.0
TI00012572,TXN0004179,PROD00159,2,3240200.0
TI00012573,TXN0004179,PROD00077,1,37900.0
TI00012574,TXN0004180,PROD00032,3,359500.0
TI00012575,TXN0004180,PROD00151,1,116700.0
TI00012576,TXN0004180,PROD00119,2,3450500.0
TI00012577,TXN0004180,PROD00040,2,3685900.0
TI00012578,TXN0004181,PROD00084,4,1607800.0
TI00012579,TXN0004181,PROD00060,4,218600.0
TI00012580,TXN0004182,PROD00128,2,202200.0
TI00012581,TXN0004182,PROD00114,4,362300.0
TI00012582,TXN0004182,PROD00055,3,29300.0
TI00012583,TXN0004182,PROD00065,4,846500.0
TI00012584,TXN0004183,PROD00171,1,9207400.0
TI00012585,TXN0004183,PROD00018,3,2056700.0
TI00012586,TXN0004184,PROD00001,1,179800.0
TI00012587,TXN0004184,PROD00121,2,190400.0
TI00012588,TXN0004184,PROD00123,1,520300.0
TI00012589,TXN0004185,PROD00153,4,121800.0
TI00012590,TXN0004185,PROD00010,4,675900.0
TI00012591,TXN0004185,PROD00124,4,11671600.0
TI00012592,TXN0004185,PROD00068,3,189500.0
TI00012593,TXN0004185,PROD00101,4,11745100.0
TI00012594,TXN0004186,PROD00118,1,97800.0
TI00012595,TXN0004187,PROD00095,4,428500.0
TI00012596,TXN0004187,PROD00100,2,546800.0
TI00012597,TXN0004188,PROD00090,4,838900.0
TI00012598,TXN0004188,PROD00051,3,752100.0
TI00012599,TXN0004189,PROD00137,4,59500.0
TI00012600,TXN0004189,PROD00115,2,1810600.0
TI00012601,TXN0004189,PROD00098,3,66400.0
TI00012602,TXN0004190,PROD00024,2,595000.0
TI00012603,TXN0004190,PROD00015,3,327100.0
TI00012604,TXN0004190,PROD00170,4,806200.0
TI00012605,TXN0004190,PROD00128,4,202200.0
TI00012606,TXN0004190,PROD00046,3,314500.0
TI00012607,TXN0004191,PROD00175,1,99600.0
TI00012608,TXN0004191,PROD00097,3,2301200.0
TI00012609,TXN0004192,PROD00028,4,497400.0
TI00012610,TXN0004192,PROD00147,2,229500.0
TI00012611,TXN0004193,PROD00179,1,1206500.0
TI00012612,TXN0004193,PROD00077,3,37900.0
TI00012613,TXN0004193,PROD00066,1,162000.0
TI00012614,TXN0004193,PROD00058,3,1306500.0
TI00012615,TXN0004194,PROD00167,4,79900.0
TI00012616,TXN0004195,PROD00031,3,571800.0
TI00012617,TXN0004195,PROD00014,1,2104400.0
TI00012618,TXN0004196,PROD00115,4,1810600.0
TI00012619,TXN0004197,PROD00028,2,497400.0
TI00012620,TXN0004197,PROD00024,4,595000.0
TI00012621,TXN0004197,PROD00053,2,197800.0
TI00012622,TXN0004197,PROD00168,4,54200.0
TI00012623,TXN0004197,PROD00094,3,365200.0
TI00012624,TXN0004198,PROD00153,4,121800.0
TI00012625,TXN0004198,PROD00082,4,435600.0
TI00012626,TXN0004199,PROD00086,3,8987800.0
TI00012627,TXN0004200,PROD00150,4,874600.0
TI00012628,TXN0004200,PROD00010,1,675900.0
TI00012629,TXN0004200,PROD00122,3,2205900.0
TI00012630,TXN0004200,PROD00023,3,225100.0
TI00012631,TXN0004200,PROD00047,2,165600.0
TI00012632,TXN0004201,PROD00169,2,6358700.0
TI00012633,TXN0004202,PROD00055,2,29300.0
TI00012634,TXN0004203,PROD00050,2,134700.0
TI00012635,TXN0004203,PROD00121,1,190400.0
TI00012636,TXN0004203,PROD00068,2,189500.0
TI00012637,TXN0004203,PROD00108,4,570800.0
TI00012638,TXN0004203,PROD00006,3,1710300.0
TI00012639,TXN0004204,PROD00124,1,11671600.0
TI00012640,TXN0004204,PROD00022,3,1337300.0
TI00012641,TXN0004204,PROD00178,2,55100.0
TI00012642,TXN0004204,PROD00035,3,3271400.0
TI00012643,TXN0004205,PROD00112,2,3050100.0
TI00012644,TXN0004205,PROD00171,2,9207400.0
TI00012645,TXN0004205,PROD00094,2,365200.0
TI00012646,TXN0004205,PROD00087,3,86200.0
TI00012647,TXN0004206,PROD00126,1,219500.0
TI00012648,TXN0004206,PROD00172,2,162600.0
TI00012649,TXN0004206,PROD00007,2,456400.0
TI00012650,TXN0004206,PROD00112,2,3050100.0
TI00012651,TXN0004206,PROD00050,2,134700.0
TI00012652,TXN0004207,PROD00140,4,10502400.0
TI00012653,TXN0004207,PROD00113,1,4916800.0
TI00012654,TXN0004208,PROD00154,3,192800.0
TI00012655,TXN0004208,PROD00167,4,79900.0
TI00012656,TXN0004208,PROD00105,2,76100.0
TI00012657,TXN0004209,PROD00128,3,202200.0
TI00012658,TXN0004209,PROD00069,3,145200.0
TI00012659,TXN0004209,PROD00106,3,610900.0
TI00012660,TXN0004210,PROD00134,1,1383900.0
TI00012661,TXN0004210,PROD00063,1,631600.0
TI00012662,TXN0004211,PROD00176,1,168200.0
TI00012663,TXN0004211,PROD00013,4,1045000.0
TI00012664,TXN0004211,PROD00135,3,495100.0
TI00012665,TXN0004212,PROD00090,3,838900.0
TI00012666,TXN0004212,PROD00007,1,456400.0
TI00012667,TXN0004212,PROD00174,1,71600.0
TI00012668,TXN0004213,PROD00028,1,497400.0
TI00012669,TXN0004214,PROD00125,3,716900.0
TI00012670,TXN0004214,PROD00153,4,121800.0
TI00012671,TXN0004214,PROD00126,4,219500.0
TI00012672,TXN0004214,PROD00067,1,1694500.0
TI00012673,TXN0004215,PROD00141,3,527900.0
TI00012674,TXN0004215,PROD00110,4,130700.0
TI00012675,TXN0004215,PROD00097,3,2301200.0
TI00012676,TXN0004215,PROD00050,2,134700.0
TI00012677,TXN0004215,PROD00099,2,497200.0
TI00012678,TXN0004216,PROD00114,2,362300.0
TI00012679,TXN0004216,PROD00071,2,501200.0
TI00012680,TXN0004216,PROD00147,4,229500.0
TI00012681,TXN0004216,PROD00105,2,76100.0
TI00012682,TXN0004217,PROD00158,1,488300.0
TI00012683,TXN0004218,PROD00056,3,246400.0
TI00012684,TXN0004218,PROD00125,2,716900.0
TI00012685,TXN0004219,PROD00081,2,41700.0
TI00012686,TXN0004219,PROD00013,1,1045000.0
TI00012687,TXN0004219,PROD00083,3,6771700.0
TI00012688,TXN0004220,PROD00107,4,75800.0
TI00012689,TXN0004220,PROD00007,4,456400.0
TI00012690,TXN0004221,PROD00091,4,17600.0
TI00012691,TXN0004221,PROD00151,2,116700.0
TI00012692,TXN0004221,PROD00125,4,716900.0
TI00012693,TXN0004222,PROD00137,1,59500.0
TI00012694,TXN0004222,PROD00082,4,435600.0
TI00012695,TXN0004222,PROD00149,3,370000.0
TI00012696,TXN0004222,PROD00030,4,10909100.0
TI00012697,TXN0004222,PROD00156,2,117900.0
TI00012698,TXN0004223,PROD00053,3,197800.0
TI00012699,TXN0004223,PROD00158,4,488300.0
TI00012700,TXN0004223,PROD00113,3,4916800.0
TI00012701,TXN0004224,PROD00116,1,561100.0
TI00012702,TXN0004224,PROD00030,3,10909100.0
TI00012703,TXN0004224,PROD00063,3,631600.0
TI00012704,TXN0004225,PROD00100,3,546800.0
TI00012705,TXN0004225,PROD00017,2,61400.0
TI00012706,TXN0004225,PROD00112,3,3050100.0
TI00012707,TXN0004225,PROD00063,4,631600.0
TI00012708,TXN0004225,PROD00145,3,626300.0
TI00012709,TXN0004226,PROD00072,2,470400.0
TI00012710,TXN0004226,PROD00061,1,8063300.0
TI00012711,TXN0004226,PROD00113,2,4916800.0
TI00012712,TXN0004226,PROD00164,2,103200.0
TI00012713,TXN0004227,PROD00117,1,188000.0
TI00012714,TXN0004227,PROD00114,4,362300.0
TI00012715,TXN0004227,PROD00095,3,428500.0
TI00012716,TXN0004227,PROD00099,3,497200.0
TI00012717,TXN0004227,PROD00019,4,353800.0
TI00012718,TXN0004228,PROD00048,1,88700.0
TI00012719,TXN0004228,PROD00153,1,121800.0
TI00012720,TXN0004229,PROD00082,3,435600.0
TI00012721,TXN0004230,PROD00113,2,4916800.0
TI00012722,TXN0004231,PROD00094,1,365200.0
TI00012723,TXN0004231,PROD00073,2,55700.0
TI00012724,TXN0004231,PROD00009,3,183500.0
TI00012725,TXN0004231,PROD00083,3,6771700.0
TI00012726,TXN0004231,PROD00146,2,647500.0
TI00012727,TXN0004232,PROD00169,1,6358700.0
TI00012728,TXN0004232,PROD00121,2,190400.0
TI00012729,TXN0004233,PROD00015,3,327100.0
TI00012730,TXN0004233,PROD00105,2,76100.0
TI00012731,TXN0004234,PROD00095,4,428500.0
TI00012732,TXN0004234,PROD00157,3,6815900.0
TI00012733,TXN0004235,PROD00006,2,1710300.0
TI00012734,TXN0004235,PROD00147,1,229500.0
TI00012735,TXN0004235,PROD00102,4,171600.0
TI00012736,TXN0004235,PROD00041,1,792800.0
TI00012737,TXN0004235,PROD00129,4,67800.0
TI00012738,TXN0004236,PROD00163,2,337100.0
TI00012739,TXN0004236,PROD00121,4,190400.0
TI00012740,TXN0004236,PROD00130,2,213000.0
TI00012741,TXN0004237,PROD00013,4,1045000.0
TI00012742,TXN0004237,PROD00151,4,116700.0
TI00012743,TXN0004238,PROD00064,4,1537200.0
TI00012744,TXN0004238,PROD00112,4,3050100.0
TI00012745,TXN0004238,PROD00099,3,497200.0
TI00012746,TXN0004238,PROD00106,3,610900.0
TI00012747,TXN0004238,PROD00007,1,456400.0
TI00012748,TXN0004239,PROD00072,1,470400.0
TI00012749,TXN0004239,PROD00094,4,365200.0
TI00012750,TXN0004239,PROD00170,2,806200.0
TI00012751,TXN0004240,PROD00005,4,613400.0
TI00012752,TXN0004241,PROD00177,4,228400.0
TI00012753,TXN0004241,PROD00038,3,3280700.0
TI00012754,TXN0004242,PROD00041,1,792800.0
TI00012755,TXN0004242,PROD00089,3,11224800.0
TI00012756,TXN0004242,PROD00075,3,382900.0
TI00012757,TXN0004242,PROD00099,1,497200.0
TI00012758,TXN0004242,PROD00061,3,8063300.0
TI00012759,TXN0004243,PROD00114,4,362300.0
TI00012760,TXN0004243,PROD00082,2,435600.0
TI00012761,TXN0004243,PROD00053,3,197800.0
TI00012762,TXN0004243,PROD00150,3,874600.0
TI00012763,TXN0004244,PROD00142,3,324600.0
TI00012764,TXN0004244,PROD00118,1,97800.0
TI00012765,TXN0004244,PROD00172,4,162600.0
TI00012766,TXN0004244,PROD00009,3,183500.0
TI00012767,TXN0004244,PROD00130,3,213000.0
TI00012768,TXN0004245,PROD00001,4,179800.0
TI00012769,TXN0004245,PROD00094,2,365200.0
TI00012770,TXN0004245,PROD00051,4,752100.0
TI00012771,TXN0004245,PROD00101,2,11745100.0
TI00012772,TXN0004245,PROD00087,3,86200.0
TI00012773,TXN0004246,PROD00179,2,1206500.0
TI00012774,TXN0004246,PROD00007,1,456400.0
TI00012775,TXN0004246,PROD00090,4,838900.0
TI00012776,TXN0004246,PROD00022,4,1337300.0
TI00012777,TXN0004247,PROD00033,1,10971800.0
TI00012778,TXN0004248,PROD00063,4,631600.0
TI00012779,TXN0004248,PROD00142,3,324600.0
TI00012780,TXN0004248,PROD00116,2,561100.0
TI00012781,TXN0004248,PROD00008,4,86100.0
TI00012782,TXN0004248,PROD00047,2,165600.0
TI00012783,TXN0004249,PROD00122,4,2205900.0
TI00012784,TXN0004249,PROD00027,2,124600.0
TI00012785,TXN0004250,PROD00096,3,366200.0
TI00012786,TXN0004250,PROD00136,2,787800.0
TI00012787,TXN0004250,PROD00056,4,246400.0
TI00012788,TXN0004250,PROD00009,1,183500.0
TI00012789,TXN0004250,PROD00105,4,76100.0
TI00012790,TXN0004251,PROD00138,4,57200.0
TI00012791,TXN0004251,PROD00102,3,171600.0
TI00012792,TXN0004252,PROD00122,3,2205900.0
TI00012793,TXN0004252,PROD00124,4,11671600.0
TI00012794,TXN0004252,PROD00096,2,366200.0
TI00012795,TXN0004252,PROD00090,3,838900.0
TI00012796,TXN0004253,PROD00082,4,435600.0
TI00012797,TXN0004254,PROD00076,1,609300.0
TI00012798,TXN0004255,PROD00167,1,79900.0
TI00012799,TXN0004255,PROD00158,3,488300.0
TI00012800,TXN0004255,PROD00129,3,67800.0
TI00012801,TXN0004255,PROD00141,4,527900.0
TI00012802,TXN0004255,PROD00017,2,61400.0
TI00012803,TXN0004256,PROD00129,2,67800.0
TI00012804,TXN0004256,PROD00075,1,382900.0
TI00012805,TXN0004256,PROD00093,1,2689800.0
TI00012806,TXN0004256,PROD00121,2,190400.0
TI00012807,TXN0004257,PROD00022,4,1337300.0
TI00012808,TXN0004257,PROD00095,3,428500.0
TI00012809,TXN0004257,PROD00016,2,167400.0
TI00012810,TXN0004258,PROD00004,4,1254300.0
TI00012811,TXN0004258,PROD00134,1,1383900.0
TI00012812,TXN0004258,PROD00172,1,162600.0
TI00012813,TXN0004258,PROD00031,3,571800.0
TI00012814,TXN0004259,PROD00060,3,218600.0
TI00012815,TXN0004260,PROD00170,1,806200.0
TI00012816,TXN0004260,PROD00168,1,54200.0
TI00012817,TXN0004260,PROD00092,3,198900.0
TI00012818,TXN0004260,PROD00012,3,744700.0
TI00012819,TXN0004261,PROD00151,1,116700.0
TI00012820,TXN0004261,PROD00036,4,11966500.0
TI00012821,TXN0004261,PROD00034,1,1485900.0
TI00012822,TXN0004261,PROD00161,4,231200.0
TI00012823,TXN0004261,PROD00123,3,520300.0
TI00012824,TXN0004262,PROD00112,1,3050100.0
TI00012825,TXN0004262,PROD00167,2,79900.0
TI00012826,TXN0004262,PROD00090,4,838900.0
TI00012827,TXN0004263,PROD00104,4,179700.0
TI00012828,TXN0004263,PROD00075,2,382900.0
TI00012829,TXN0004264,PROD00084,4,1607800.0
TI00012830,TXN0004264,PROD00131,1,2828000.0
TI00012831,TXN0004264,PROD00025,2,57900.0
TI00012832,TXN0004265,PROD00067,4,1694500.0
TI00012833,TXN0004265,PROD00070,4,191800.0
TI00012834,TXN0004266,PROD00011,1,810900.0
TI00012835,TXN0004267,PROD00152,1,170900.0
TI00012836,TXN0004267,PROD00141,3,527900.0
TI00012837,TXN0004268,PROD00107,1,75800.0
TI00012838,TXN0004268,PROD00127,3,172600.0
TI00012839,TXN0004268,PROD00162,1,532200.0
TI00012840,TXN0004268,PROD00043,4,223400.0
TI00012841,TXN0004268,PROD00081,1,41700.0
TI00012842,TXN0004269,PROD00129,1,67800.0
TI00012843,TXN0004269,PROD00115,1,1810600.0
TI00012844,TXN0004269,PROD00054,4,1692000.0
TI00012845,TXN0004269,PROD00019,4,353800.0
TI00012846,TXN0004269,PROD00128,1,202200.0
TI00012847,TXN0004270,PROD00098,2,66400.0
TI00012848,TXN0004270,PROD00155,1,277300.0
TI00012849,TXN0004270,PROD00028,3,497400.0
TI00012850,TXN0004271,PROD00105,3,76100.0
TI00012851,TXN0004271,PROD00099,4,497200.0
TI00012852,TXN0004271,PROD00040,2,3685900.0
TI00012853,TXN0004272,PROD00033,4,10971800.0
TI00012854,TXN0004273,PROD00116,3,561100.0
TI00012855,TXN0004273,PROD00102,4,171600.0
TI00012856,TXN0004273,PROD00045,3,75500.0
TI00012857,TXN0004273,PROD00042,4,110400.0
TI00012858,TXN0004273,PROD00150,3,874600.0
TI00012859,TXN0004274,PROD00158,2,488300.0
TI00012860,TXN0004274,PROD00116,1,561100.0
TI00012861,TXN0004274,PROD00031,3,571800.0
TI00012862,TXN0004274,PROD00120,4,283500.0
TI00012863,TXN0004274,PROD00060,1,218600.0
TI00012864,TXN0004275,PROD00045,3,75500.0
TI00012865,TXN0004275,PROD00098,3,66400.0
TI00012866,TXN0004275,PROD00022,4,1337300.0
TI00012867,TXN0004276,PROD00068,2,189500.0
TI00012868,TXN0004276,PROD00027,4,124600.0
TI00012869,TXN0004276,PROD00095,3,428500.0
TI00012870,TXN0004277,PROD00154,3,192800.0
TI00012871,TXN0004277,PROD00107,3,75800.0
TI00012872,TXN0004278,PROD00012,4,744700.0
TI00012873,TXN0004278,PROD00066,2,162000.0
TI00012874,TXN0004278,PROD00153,1,121800.0
TI00012875,TXN0004278,PROD00130,2,213000.0
TI00012876,TXN0004278,PROD00125,2,716900.0
TI00012877,TXN0004279,PROD00101,4,11745100.0
TI00012878,TXN0004279,PROD00084,4,1607800.0
TI00012879,TXN0004279,PROD00043,1,223400.0
TI00012880,TXN0004279,PROD00080,4,204100.0
TI00012881,TXN0004279,PROD00045,3,75500.0
TI00012882,TXN0004280,PROD00067,4,1694500.0
TI00012883,TXN0004280,PROD00070,1,191800.0
TI00012884,TXN0004280,PROD00001,2,179800.0
TI00012885,TXN0004280,PROD00044,3,2984700.0
TI00012886,TXN0004281,PROD00084,3,1607800.0
TI00012887,TXN0004281,PROD00091,4,17600.0
TI00012888,TXN0004282,PROD00037,2,718700.0
TI00012889,TXN0004282,PROD00111,1,5440300.0
TI00012890,TXN0004283,PROD00019,3,353800.0
TI00012891,TXN0004283,PROD00003,3,623300.0
TI00012892,TXN0004283,PROD00148,2,272900.0
TI00012893,TXN0004284,PROD00087,1,86200.0
TI00012894,TXN0004284,PROD00002,3,1365600.0
TI00012895,TXN0004284,PROD00095,2,428500.0
TI00012896,TXN0004284,PROD00103,1,499800.0
TI00012897,TXN0004285,PROD00019,2,353800.0
TI00012898,TXN0004285,PROD00039,3,1936200.0
TI00012899,TXN0004285,PROD00101,1,11745100.0
TI00012900,TXN0004285,PROD00049,2,244600.0
TI00012901,TXN0004286,PROD00027,2,124600.0
TI00012902,TXN0004286,PROD00064,4,1537200.0
TI00012903,TXN0004286,PROD00039,2,1936200.0
TI00012904,TXN0004286,PROD00105,2,76100.0
TI00012905,TXN0004286,PROD00121,2,190400.0
TI00012906,TXN0004287,PROD00110,3,130700.0
TI00012907,TXN0004287,PROD00113,1,4916800.0
TI00012908,TXN0004287,PROD00075,3,382900.0
TI00012909,TXN0004287,PROD00112,4,3050100.0
TI00012910,TXN0004288,PROD00150,3,874600.0
TI00012911,TXN0004288,PROD00176,3,168200.0
TI00012912,TXN0004288,PROD00039,2,1936200.0
TI00012913,TXN0004289,PROD00089,4,11224800.0
TI00012914,TXN0004289,PROD00164,4,103200.0
TI00012915,TXN0004289,PROD00127,3,172600.0
TI00012916,TXN0004289,PROD00041,1,792800.0
TI00012917,TXN0004290,PROD00167,2,79900.0
TI00012918,TXN0004290,PROD00109,2,3001900.0
TI00012919,TXN0004290,PROD00113,1,4916800.0
TI00012920,TXN0004290,PROD00166,2,120600.0
TI00012921,TXN0004291,PROD00116,2,561100.0
TI00012922,TXN0004291,PROD00153,3,121800.0
TI00012923,TXN0004291,PROD00004,1,1254300.0
TI00012924,TXN0004291,PROD00088,2,220600.0
TI00012925,TXN0004292,PROD00052,3,58000.0
TI00012926,TXN0004292,PROD00027,1,124600.0
TI00012927,TXN0004293,PROD00072,2,470400.0
TI00012928,TXN0004293,PROD00139,4,621000.0
TI00012929,TXN0004293,PROD00003,2,623300.0
TI00012930,TXN0004293,PROD00041,1,792800.0
TI00012931,TXN0004294,PROD00178,1,55100.0
TI00012932,TXN0004294,PROD00158,1,488300.0
TI00012933,TXN0004294,PROD00165,3,242000.0
TI00012934,TXN0004294,PROD00094,3,365200.0
TI00012935,TXN0004294,PROD00050,2,134700.0
TI00012936,TXN0004295,PROD00025,1,57900.0
TI00012937,TXN0004295,PROD00093,3,2689800.0
TI00012938,TXN0004295,PROD00125,1,716900.0
TI00012939,TXN0004295,PROD00063,1,631600.0
TI00012940,TXN0004295,PROD00067,4,1694500.0
TI00012941,TXN0004296,PROD00047,1,165600.0
TI00012942,TXN0004296,PROD00061,3,8063300.0
TI00012943,TXN0004296,PROD00098,4,66400.0
TI00012944,TXN0004296,PROD00091,1,17600.0
TI00012945,TXN0004297,PROD00080,2,204100.0
TI00012946,TXN0004297,PROD00127,2,172600.0
TI00012947,TXN0004298,PROD00179,2,1206500.0
TI00012948,TXN0004298,PROD00038,3,3280700.0
TI00012949,TXN0004298,PROD00110,1,130700.0
TI00012950,TXN0004298,PROD00165,4,242000.0
TI00012951,TXN0004298,PROD00026,2,1447900.0
TI00012952,TXN0004299,PROD00123,4,520300.0
TI00012953,TXN0004299,PROD00158,1,488300.0
TI00012954,TXN0004299,PROD00149,4,370000.0
TI00012955,TXN0004300,PROD00017,3,61400.0
TI00012956,TXN0004300,PROD00010,2,675900.0
TI00012957,TXN0004300,PROD00145,4,626300.0
TI00012958,TXN0004300,PROD00157,4,6815900.0
TI00012959,TXN0004300,PROD00123,4,520300.0
TI00012960,TXN0004301,PROD00055,2,29300.0
TI00012961,TXN0004301,PROD00108,1,570800.0
TI00012962,TXN0004301,PROD00142,3,324600.0
TI00012963,TXN0004301,PROD00024,1,595000.0
TI00012964,TXN0004301,PROD00101,4,11745100.0
TI00012965,TXN0004302,PROD00014,4,2104400.0
TI00012966,TXN0004302,PROD00135,1,495100.0
TI00012967,TXN0004303,PROD00050,1,134700.0
TI00012968,TXN0004304,PROD00088,4,220600.0
TI00012969,TXN0004305,PROD00124,1,11671600.0
TI00012970,TXN0004306,PROD00132,4,6814300.0
TI00012971,TXN0004306,PROD00084,2,1607800.0
TI00012972,TXN0004306,PROD00168,1,54200.0
TI00012973,TXN0004307,PROD00085,2,262600.0
TI00012974,TXN0004308,PROD00117,3,188000.0
TI00012975,TXN0004308,PROD00172,1,162600.0
TI00012976,TXN0004308,PROD00174,1,71600.0
TI00012977,TXN0004308,PROD00045,3,75500.0
TI00012978,TXN0004308,PROD00084,2,1607800.0
TI00012979,TXN0004309,PROD00126,2,219500.0
TI00012980,TXN0004309,PROD00095,1,428500.0
TI00012981,TXN0004309,PROD00075,4,382900.0
TI00012982,TXN0004310,PROD00069,4,145200.0
TI00012983,TXN0004310,PROD00117,2,188000.0
TI00012984,TXN0004310,PROD00140,3,10502400.0
TI00012985,TXN0004310,PROD00014,4,2104400.0
TI00012986,TXN0004310,PROD00015,2,327100.0
TI00012987,TXN0004311,PROD00134,3,1383900.0
TI00012988,TXN0004311,PROD00062,1,83600.0
TI00012989,TXN0004311,PROD00123,3,520300.0
TI00012990,TXN0004311,PROD00090,3,838900.0
TI00012991,TXN0004311,PROD00093,2,2689800.0
TI00012992,TXN0004312,PROD00010,4,675900.0
TI00012993,TXN0004312,PROD00004,1,1254300.0
TI00012994,TXN0004312,PROD00128,1,202200.0
TI00012995,TXN0004313,PROD00025,1,57900.0
TI00012996,TXN0004313,PROD00162,2,532200.0
TI00012997,TXN0004314,PROD00001,1,179800.0
TI00012998,TXN0004314,PROD00073,3,55700.0
TI00012999,TXN0004314,PROD00050,4,134700.0
TI00013000,TXN0004314,PROD00054,4,1692000.0
TI00013001,TXN0004314,PROD00061,3,8063300.0
TI00013002,TXN0004315,PROD00022,3,1337300.0
TI00013003,TXN0004316,PROD00159,2,3240200.0
TI00013004,TXN0004317,PROD00002,2,1365600.0
TI00013005,TXN0004317,PROD00112,2,3050100.0
TI00013006,TXN0004318,PROD00054,4,1692000.0
TI00013007,TXN0004318,PROD00020,4,176500.0
TI00013008,TXN0004318,PROD00100,2,546800.0
TI00013009,TXN0004318,PROD00071,2,501200.0
TI00013010,TXN0004318,PROD00034,1,1485900.0
TI00013011,TXN0004319,PROD00040,4,3685900.0
TI00013012,TXN0004319,PROD00049,1,244600.0
TI00013013,TXN0004319,PROD00027,4,124600.0
TI00013014,TXN0004319,PROD00002,1,1365600.0
TI00013015,TXN0004319,PROD00017,3,61400.0
TI00013016,TXN0004320,PROD00155,3,277300.0
TI00013017,TXN0004321,PROD00154,1,192800.0
TI00013018,TXN0004322,PROD00060,4,218600.0
TI00013019,TXN0004322,PROD00164,2,103200.0
TI00013020,TXN0004322,PROD00092,3,198900.0
TI00013021,TXN0004322,PROD00041,3,792800.0
TI00013022,TXN0004323,PROD00068,2,189500.0
TI00013023,TXN0004323,PROD00029,1,747300.0
TI00013024,TXN0004324,PROD00135,4,495100.0
TI00013025,TXN0004324,PROD00097,1,2301200.0
TI00013026,TXN0004325,PROD00044,3,2984700.0
TI00013027,TXN0004326,PROD00113,3,4916800.0
TI00013028,TXN0004326,PROD00114,1,362300.0
TI00013029,TXN0004326,PROD00074,3,99400.0
TI00013030,TXN0004326,PROD00021,4,423700.0
TI00013031,TXN0004327,PROD00127,4,172600.0
TI00013032,TXN0004327,PROD00175,3,99600.0
TI00013033,TXN0004328,PROD00081,4,41700.0
TI00013034,TXN0004329,PROD00030,4,10909100.0
TI00013035,TXN0004329,PROD00103,1,499800.0
TI00013036,TXN0004329,PROD00142,3,324600.0
TI00013037,TXN0004329,PROD00064,1,1537200.0
TI00013038,TXN0004329,PROD00026,1,1447900.0
TI00013039,TXN0004330,PROD00075,3,382900.0
TI00013040,TXN0004330,PROD00180,3,96700.0
TI00013041,TXN0004331,PROD00020,2,176500.0
TI00013042,TXN0004331,PROD00173,4,67500.0
TI00013043,TXN0004332,PROD00001,3,179800.0
TI00013044,TXN0004332,PROD00175,3,99600.0
TI00013045,TXN0004332,PROD00105,3,76100.0
TI00013046,TXN0004332,PROD00103,1,499800.0
TI00013047,TXN0004332,PROD00153,3,121800.0
TI00013048,TXN0004333,PROD00050,3,134700.0
TI00013049,TXN0004334,PROD00127,4,172600.0
TI00013050,TXN0004335,PROD00100,1,546800.0
TI00013051,TXN0004336,PROD00116,2,561100.0
TI00013052,TXN0004336,PROD00055,1,29300.0
TI00013053,TXN0004337,PROD00117,2,188000.0
TI00013054,TXN0004338,PROD00121,3,190400.0
TI00013055,TXN0004338,PROD00151,4,116700.0
TI00013056,TXN0004338,PROD00098,3,66400.0
TI00013057,TXN0004339,PROD00146,1,647500.0
TI00013058,TXN0004340,PROD00103,4,499800.0
TI00013059,TXN0004340,PROD00015,2,327100.0
TI00013060,TXN0004341,PROD00108,3,570800.0
TI00013061,TXN0004342,PROD00032,3,359500.0
TI00013062,TXN0004343,PROD00169,2,6358700.0
TI00013063,TXN0004343,PROD00102,3,171600.0
TI00013064,TXN0004343,PROD00112,2,3050100.0
TI00013065,TXN0004344,PROD00165,4,242000.0
TI00013066,TXN0004345,PROD00021,4,423700.0
TI00013067,TXN0004346,PROD00058,3,1306500.0
TI00013068,TXN0004347,PROD00177,3,228400.0
TI00013069,TXN0004347,PROD00109,2,3001900.0
TI00013070,TXN0004347,PROD00101,1,11745100.0
TI00013071,TXN0004348,PROD00066,1,162000.0
TI00013072,TXN0004348,PROD00084,4,1607800.0
TI00013073,TXN0004348,PROD00049,3,244600.0
TI00013074,TXN0004348,PROD00060,3,218600.0
TI00013075,TXN0004349,PROD00083,3,6771700.0
TI00013076,TXN0004350,PROD00058,3,1306500.0
TI00013077,TXN0004351,PROD00176,1,168200.0
TI00013078,TXN0004352,PROD00176,4,168200.0
TI00013079,TXN0004352,PROD00012,3,744700.0
TI00013080,TXN0004352,PROD00164,4,103200.0
TI00013081,TXN0004352,PROD00124,4,11671600.0
TI00013082,TXN0004352,PROD00138,1,57200.0
TI00013083,TXN0004353,PROD00179,3,1206500.0
TI00013084,TXN0004354,PROD00126,2,219500.0
TI00013085,TXN0004354,PROD00079,2,31800.0
TI00013086,TXN0004354,PROD00128,3,202200.0
TI00013087,TXN0004355,PROD00121,1,190400.0
TI00013088,TXN0004355,PROD00064,1,1537200.0
TI00013089,TXN0004355,PROD00111,4,5440300.0
TI00013090,TXN0004355,PROD00155,3,277300.0
TI00013091,TXN0004355,PROD00123,2,520300.0
TI00013092,TXN0004356,PROD00171,4,9207400.0
TI00013093,TXN0004357,PROD00002,4,1365600.0
TI00013094,TXN0004357,PROD00145,1,626300.0
TI00013095,TXN0004357,PROD00055,1,29300.0
TI00013096,TXN0004358,PROD00160,4,297400.0
TI00013097,TXN0004358,PROD00102,3,171600.0
TI00013098,TXN0004358,PROD00143,1,115300.0
TI00013099,TXN0004359,PROD00006,3,1710300.0
TI00013100,TXN0004359,PROD00084,4,1607800.0
TI00013101,TXN0004359,PROD00169,2,6358700.0
TI00013102,TXN0004359,PROD00091,1,17600.0
TI00013103,TXN0004359,PROD00009,3,183500.0
TI00013104,TXN0004360,PROD00130,2,213000.0
TI00013105,TXN0004360,PROD00013,3,1045000.0
TI00013106,TXN0004360,PROD00102,1,171600.0
TI00013107,TXN0004360,PROD00053,4,197800.0
TI00013108,TXN0004361,PROD00089,4,11224800.0
TI00013109,TXN0004361,PROD00069,2,145200.0
TI00013110,TXN0004361,PROD00010,4,675900.0
TI00013111,TXN0004361,PROD00177,1,228400.0
TI00013112,TXN0004361,PROD00163,1,337100.0
TI00013113,TXN0004362,PROD00023,2,225100.0
TI00013114,TXN0004362,PROD00032,1,359500.0
TI00013115,TXN0004363,PROD00036,2,11966500.0
TI00013116,TXN0004363,PROD00142,1,324600.0
TI00013117,TXN0004363,PROD00039,2,1936200.0
TI00013118,TXN0004363,PROD00042,3,110400.0
TI00013119,TXN0004363,PROD00054,4,1692000.0
TI00013120,TXN0004364,PROD00177,2,228400.0
TI00013121,TXN0004365,PROD00110,2,130700.0
TI00013122,TXN0004365,PROD00032,4,359500.0
TI00013123,TXN0004365,PROD00109,1,3001900.0
TI00013124,TXN0004366,PROD00072,4,470400.0
TI00013125,TXN0004366,PROD00045,4,75500.0
TI00013126,TXN0004367,PROD00081,4,41700.0
TI00013127,TXN0004367,PROD00167,2,79900.0
TI00013128,TXN0004368,PROD00026,3,1447900.0
TI00013129,TXN0004368,PROD00174,2,71600.0
TI00013130,TXN0004369,PROD00009,2,183500.0
TI00013131,TXN0004369,PROD00113,4,4916800.0
TI00013132,TXN0004370,PROD00167,1,79900.0
TI00013133,TXN0004370,PROD00131,3,2828000.0
TI00013134,TXN0004370,PROD00117,2,188000.0
TI00013135,TXN0004371,PROD00058,3,1306500.0
TI00013136,TXN0004371,PROD00165,3,242000.0
TI00013137,TXN0004371,PROD00001,4,179800.0
TI00013138,TXN0004372,PROD00076,2,609300.0
TI00013139,TXN0004372,PROD00172,4,162600.0
TI00013140,TXN0004372,PROD00047,3,165600.0
TI00013141,TXN0004372,PROD00126,4,219500.0
TI00013142,TXN0004373,PROD00161,2,231200.0
TI00013143,TXN0004373,PROD00026,2,1447900.0
TI00013144,TXN0004373,PROD00109,1,3001900.0
TI00013145,TXN0004373,PROD00175,2,99600.0
TI00013146,TXN0004373,PROD00019,3,353800.0
TI00013147,TXN0004374,PROD00062,2,83600.0
TI00013148,TXN0004375,PROD00096,1,366200.0
TI00013149,TXN0004375,PROD00174,2,71600.0
TI00013150,TXN0004376,PROD00135,2,495100.0
TI00013151,TXN0004376,PROD00074,2,99400.0
TI00013152,TXN0004376,PROD00027,2,124600.0
TI00013153,TXN0004377,PROD00044,4,2984700.0
TI00013154,TXN0004377,PROD00009,2,183500.0
TI00013155,TXN0004378,PROD00016,1,167400.0
TI00013156,TXN0004378,PROD00148,2,272900.0
TI00013157,TXN0004378,PROD00078,4,473100.0
TI00013158,TXN0004378,PROD00054,1,1692000.0
TI00013159,TXN0004379,PROD00133,2,521500.0
TI00013160,TXN0004379,PROD00053,1,197800.0
TI00013161,TXN0004379,PROD00123,2,520300.0
TI00013162,TXN0004379,PROD00159,1,3240200.0
TI00013163,TXN0004380,PROD00048,1,88700.0
TI00013164,TXN0004380,PROD00036,2,11966500.0
TI00013165,TXN0004380,PROD00097,4,2301200.0
TI00013166,TXN0004380,PROD00167,1,79900.0
TI00013167,TXN0004380,PROD00014,3,2104400.0
TI00013168,TXN0004381,PROD00115,3,1810600.0
TI00013169,TXN0004382,PROD00001,4,179800.0
TI00013170,TXN0004382,PROD00051,2,752100.0
TI00013171,TXN0004382,PROD00114,1,362300.0
TI00013172,TXN0004382,PROD00164,1,103200.0
TI00013173,TXN0004382,PROD00072,2,470400.0
TI00013174,TXN0004383,PROD00148,2,272900.0
TI00013175,TXN0004383,PROD00069,3,145200.0
TI00013176,TXN0004383,PROD00102,3,171600.0
TI00013177,TXN0004384,PROD00113,4,4916800.0
TI00013178,TXN0004385,PROD00060,2,218600.0
TI00013179,TXN0004385,PROD00092,2,198900.0
TI00013180,TXN0004385,PROD00083,3,6771700.0
TI00013181,TXN0004386,PROD00131,1,2828000.0
TI00013182,TXN0004387,PROD00167,2,79900.0
TI00013183,TXN0004387,PROD00060,3,218600.0
TI00013184,TXN0004387,PROD00133,4,521500.0
TI00013185,TXN0004387,PROD00083,4,6771700.0
TI00013186,TXN0004387,PROD00015,2,327100.0
TI00013187,TXN0004388,PROD00091,3,17600.0
TI00013188,TXN0004388,PROD00057,4,2101600.0
TI00013189,TXN0004388,PROD00119,3,3450500.0
TI00013190,TXN0004388,PROD00018,1,2056700.0
TI00013191,TXN0004389,PROD00056,4,246400.0
TI00013192,TXN0004389,PROD00009,1,183500.0
TI00013193,TXN0004390,PROD00055,1,29300.0
TI00013194,TXN0004390,PROD00060,4,218600.0
TI00013195,TXN0004390,PROD00024,1,595000.0
TI00013196,TXN0004390,PROD00026,1,1447900.0
TI00013197,TXN0004391,PROD00007,2,456400.0
TI00013198,TXN0004391,PROD00153,4,121800.0
TI00013199,TXN0004392,PROD00066,1,162000.0
TI00013200,TXN0004392,PROD00176,2,168200.0
TI00013201,TXN0004393,PROD00020,2,176500.0
TI00013202,TXN0004393,PROD00120,1,283500.0
TI00013203,TXN0004393,PROD00003,4,623300.0
TI00013204,TXN0004393,PROD00056,1,246400.0
TI00013205,TXN0004393,PROD00125,2,716900.0
TI00013206,TXN0004394,PROD00074,3,99400.0
TI00013207,TXN0004395,PROD00123,2,520300.0
TI00013208,TXN0004396,PROD00070,3,191800.0
TI00013209,TXN0004396,PROD00115,2,1810600.0
TI00013210,TXN0004397,PROD00093,1,2689800.0
TI00013211,TXN0004397,PROD00083,4,6771700.0
TI00013212,TXN0004398,PROD00007,1,456400.0
TI00013213,TXN0004398,PROD00086,2,8987800.0
TI00013214,TXN0004398,PROD00057,1,2101600.0
TI00013215,TXN0004398,PROD00099,4,497200.0
TI00013216,TXN0004398,PROD00113,2,4916800.0
TI00013217,TXN0004399,PROD00141,2,527900.0
TI00013218,TXN0004399,PROD00170,3,806200.0
TI00013219,TXN0004399,PROD00155,3,277300.0
TI00013220,TXN0004399,PROD00006,1,1710300.0
TI00013221,TXN0004400,PROD00155,3,277300.0
TI00013222,TXN0004400,PROD00107,4,75800.0
TI00013223,TXN0004400,PROD00139,3,621000.0
TI00013224,TXN0004400,PROD00068,4,189500.0
TI00013225,TXN0004400,PROD00072,1,470400.0
TI00013226,TXN0004401,PROD00048,3,88700.0
TI00013227,TXN0004401,PROD00009,1,183500.0
TI00013228,TXN0004401,PROD00081,3,41700.0
TI00013229,TXN0004402,PROD00124,2,11671600.0
TI00013230,TXN0004402,PROD00072,1,470400.0
TI00013231,TXN0004402,PROD00003,1,623300.0
TI00013232,TXN0004402,PROD00145,4,626300.0
TI00013233,TXN0004403,PROD00007,1,456400.0
TI00013234,TXN0004404,PROD00078,1,473100.0
TI00013235,TXN0004405,PROD00100,4,546800.0
TI00013236,TXN0004406,PROD00070,3,191800.0
TI00013237,TXN0004406,PROD00111,3,5440300.0
TI00013238,TXN0004406,PROD00092,1,198900.0
TI00013239,TXN0004407,PROD00010,4,675900.0
TI00013240,TXN0004407,PROD00006,3,1710300.0
TI00013241,TXN0004407,PROD00075,3,382900.0
TI00013242,TXN0004408,PROD00076,4,609300.0
TI00013243,TXN0004408,PROD00138,3,57200.0
TI00013244,TXN0004409,PROD00005,2,613400.0
TI00013245,TXN0004409,PROD00073,3,55700.0
TI00013246,TXN0004409,PROD00142,4,324600.0
TI00013247,TXN0004409,PROD00149,4,370000.0
TI00013248,TXN0004410,PROD00050,1,134700.0
TI00013249,TXN0004411,PROD00021,1,423700.0
TI00013250,TXN0004411,PROD00023,2,225100.0
TI00013251,TXN0004411,PROD00130,1,213000.0
TI00013252,TXN0004412,PROD00175,3,99600.0
TI00013253,TXN0004412,PROD00169,1,6358700.0
TI00013254,TXN0004413,PROD00095,3,428500.0
TI00013255,TXN0004414,PROD00028,1,497400.0
TI00013256,TXN0004414,PROD00087,4,86200.0
TI00013257,TXN0004415,PROD00019,3,353800.0
TI00013258,TXN0004415,PROD00162,4,532200.0
TI00013259,TXN0004415,PROD00111,4,5440300.0
TI00013260,TXN0004416,PROD00161,1,231200.0
TI00013261,TXN0004417,PROD00032,4,359500.0
TI00013262,TXN0004417,PROD00150,4,874600.0
TI00013263,TXN0004418,PROD00097,3,2301200.0
TI00013264,TXN0004418,PROD00026,3,1447900.0
TI00013265,TXN0004418,PROD00106,3,610900.0
TI00013266,TXN0004419,PROD00156,1,117900.0
TI00013267,TXN0004419,PROD00047,2,165600.0
TI00013268,TXN0004419,PROD00065,2,846500.0
TI00013269,TXN0004419,PROD00175,1,99600.0
TI00013270,TXN0004419,PROD00079,1,31800.0
TI00013271,TXN0004420,PROD00162,3,532200.0
TI00013272,TXN0004420,PROD00033,4,10971800.0
TI00013273,TXN0004420,PROD00070,2,191800.0
TI00013274,TXN0004420,PROD00175,4,99600.0
TI00013275,TXN0004421,PROD00069,3,145200.0
TI00013276,TXN0004422,PROD00002,3,1365600.0
TI00013277,TXN0004423,PROD00066,3,162000.0
TI00013278,TXN0004423,PROD00104,4,179700.0
TI00013279,TXN0004423,PROD00061,1,8063300.0
TI00013280,TXN0004423,PROD00149,4,370000.0
TI00013281,TXN0004423,PROD00040,2,3685900.0
TI00013282,TXN0004424,PROD00108,2,570800.0
TI00013283,TXN0004424,PROD00066,4,162000.0
TI00013284,TXN0004424,PROD00147,1,229500.0
TI00013285,TXN0004424,PROD00121,3,190400.0
TI00013286,TXN0004425,PROD00026,2,1447900.0
TI00013287,TXN0004425,PROD00138,4,57200.0
TI00013288,TXN0004425,PROD00117,3,188000.0
TI00013289,TXN0004425,PROD00032,4,359500.0
TI00013290,TXN0004425,PROD00109,4,3001900.0
TI00013291,TXN0004426,PROD00015,1,327100.0
TI00013292,TXN0004426,PROD00178,2,55100.0
TI00013293,TXN0004426,PROD00157,3,6815900.0
TI00013294,TXN0004426,PROD00021,2,423700.0
TI00013295,TXN0004427,PROD00088,2,220600.0
TI00013296,TXN0004427,PROD00148,1,272900.0
TI00013297,TXN0004428,PROD00136,3,787800.0
TI00013298,TXN0004429,PROD00030,4,10909100.0
TI00013299,TXN0004429,PROD00007,2,456400.0
TI00013300,TXN0004429,PROD00161,4,231200.0
TI00013301,TXN0004429,PROD00096,4,366200.0
TI00013302,TXN0004429,PROD00168,1,54200.0
TI00013303,TXN0004430,PROD00124,3,11671600.0
TI00013304,TXN0004430,PROD00029,4,747300.0
TI00013305,TXN0004430,PROD00070,4,191800.0
TI00013306,TXN0004430,PROD00009,1,183500.0
TI00013307,TXN0004431,PROD00179,1,1206500.0
TI00013308,TXN0004432,PROD00164,3,103200.0
TI00013309,TXN0004433,PROD00095,2,428500.0
TI00013310,TXN0004433,PROD00100,4,546800.0
TI00013311,TXN0004434,PROD00069,4,145200.0
TI00013312,TXN0004434,PROD00092,4,198900.0
TI00013313,TXN0004434,PROD00087,4,86200.0
TI00013314,TXN0004434,PROD00172,2,162600.0
TI00013315,TXN0004434,PROD00168,2,54200.0
TI00013316,TXN0004435,PROD00048,1,88700.0
TI00013317,TXN0004435,PROD00001,3,179800.0
TI00013318,TXN0004435,PROD00086,2,8987800.0
TI00013319,TXN0004436,PROD00121,2,190400.0
TI00013320,TXN0004436,PROD00034,4,1485900.0
TI00013321,TXN0004436,PROD00136,4,787800.0
TI00013322,TXN0004436,PROD00161,3,231200.0
TI00013323,TXN0004437,PROD00143,3,115300.0
TI00013324,TXN0004438,PROD00006,1,1710300.0
TI00013325,TXN0004438,PROD00061,2,8063300.0
TI00013326,TXN0004438,PROD00105,4,76100.0
TI00013327,TXN0004438,PROD00109,4,3001900.0
TI00013328,TXN0004439,PROD00045,3,75500.0
TI00013329,TXN0004439,PROD00165,1,242000.0
TI00013330,TXN0004439,PROD00154,1,192800.0
TI00013331,TXN0004439,PROD00074,4,99400.0
TI00013332,TXN0004439,PROD00051,4,752100.0
TI00013333,TXN0004440,PROD00123,4,520300.0
TI00013334,TXN0004440,PROD00127,3,172600.0
TI00013335,TXN0004441,PROD00028,1,497400.0
TI00013336,TXN0004441,PROD00108,1,570800.0
TI00013337,TXN0004441,PROD00074,4,99400.0
TI00013338,TXN0004441,PROD00145,2,626300.0
TI00013339,TXN0004442,PROD00006,2,1710300.0
TI00013340,TXN0004442,PROD00176,3,168200.0
TI00013341,TXN0004442,PROD00121,2,190400.0
TI00013342,TXN0004443,PROD00100,1,546800.0
TI00013343,TXN0004444,PROD00122,2,2205900.0
TI00013344,TXN0004444,PROD00136,2,787800.0
TI00013345,TXN0004444,PROD00016,1,167400.0
TI00013346,TXN0004444,PROD00123,4,520300.0
TI00013347,TXN0004444,PROD00160,1,297400.0
TI00013348,TXN0004445,PROD00051,2,752100.0
TI00013349,TXN0004446,PROD00054,3,1692000.0
TI00013350,TXN0004446,PROD00123,2,520300.0
TI00013351,TXN0004447,PROD00045,1,75500.0
TI00013352,TXN0004447,PROD00072,1,470400.0
TI00013353,TXN0004447,PROD00160,4,297400.0
TI00013354,TXN0004447,PROD00073,3,55700.0
TI00013355,TXN0004447,PROD00026,1,1447900.0
TI00013356,TXN0004448,PROD00147,4,229500.0
TI00013357,TXN0004448,PROD00077,3,37900.0
TI00013358,TXN0004449,PROD00028,2,497400.0
TI00013359,TXN0004450,PROD00092,1,198900.0
TI00013360,TXN0004450,PROD00152,2,170900.0
TI00013361,TXN0004450,PROD00090,1,838900.0
TI00013362,TXN0004450,PROD00025,2,57900.0
TI00013363,TXN0004451,PROD00095,4,428500.0
TI00013364,TXN0004452,PROD00040,3,3685900.0
TI00013365,TXN0004452,PROD00056,2,246400.0
TI00013366,TXN0004452,PROD00147,2,229500.0
TI00013367,TXN0004453,PROD00041,3,792800.0
TI00013368,TXN0004453,PROD00136,4,787800.0
TI00013369,TXN0004453,PROD00129,2,67800.0
TI00013370,TXN0004454,PROD00161,3,231200.0
TI00013371,TXN0004454,PROD00141,1,527900.0
TI00013372,TXN0004454,PROD00162,2,532200.0
TI00013373,TXN0004455,PROD00176,4,168200.0
TI00013374,TXN0004455,PROD00021,2,423700.0
TI00013375,TXN0004456,PROD00092,3,198900.0
TI00013376,TXN0004456,PROD00012,3,744700.0
TI00013377,TXN0004457,PROD00114,3,362300.0
TI00013378,TXN0004457,PROD00159,3,3240200.0
TI00013379,TXN0004457,PROD00156,2,117900.0
TI00013380,TXN0004457,PROD00038,4,3280700.0
TI00013381,TXN0004458,PROD00119,3,3450500.0
TI00013382,TXN0004458,PROD00125,1,716900.0
TI00013383,TXN0004458,PROD00151,2,116700.0
TI00013384,TXN0004458,PROD00062,4,83600.0
TI00013385,TXN0004458,PROD00131,4,2828000.0
TI00013386,TXN0004459,PROD00138,1,57200.0
TI00013387,TXN0004459,PROD00099,3,497200.0
TI00013388,TXN0004459,PROD00158,1,488300.0
TI00013389,TXN0004459,PROD00022,4,1337300.0
TI00013390,TXN0004460,PROD00081,3,41700.0
TI00013391,TXN0004460,PROD00047,4,165600.0
TI00013392,TXN0004460,PROD00073,2,55700.0
TI00013393,TXN0004460,PROD00026,1,1447900.0
TI00013394,TXN0004461,PROD00074,1,99400.0
TI00013395,TXN0004462,PROD00118,1,97800.0
TI00013396,TXN0004463,PROD00153,2,121800.0
TI00013397,TXN0004463,PROD00072,2,470400.0
TI00013398,TXN0004464,PROD00113,3,4916800.0
TI00013399,TXN0004464,PROD00136,4,787800.0
TI00013400,TXN0004464,PROD00026,2,1447900.0
TI00013401,TXN0004465,PROD00021,2,423700.0
TI00013402,TXN0004466,PROD00170,1,806200.0
TI00013403,TXN0004467,PROD00131,4,2828000.0
TI00013404,TXN0004467,PROD00078,4,473100.0
TI00013405,TXN0004467,PROD00095,2,428500.0
TI00013406,TXN0004468,PROD00015,1,327100.0
TI00013407,TXN0004468,PROD00178,4,55100.0
TI00013408,TXN0004468,PROD00012,3,744700.0
TI00013409,TXN0004468,PROD00179,2,1206500.0
TI00013410,TXN0004469,PROD00128,2,202200.0
TI00013411,TXN0004470,PROD00180,4,96700.0
TI00013412,TXN0004471,PROD00061,4,8063300.0
TI00013413,TXN0004471,PROD00153,1,121800.0
TI00013414,TXN0004472,PROD00170,3,806200.0
TI00013415,TXN0004473,PROD00142,2,324600.0
TI00013416,TXN0004474,PROD00004,1,1254300.0
TI00013417,TXN0004474,PROD00001,2,179800.0
TI00013418,TXN0004474,PROD00107,4,75800.0
TI00013419,TXN0004475,PROD00110,3,130700.0
TI00013420,TXN0004475,PROD00104,1,179700.0
TI00013421,TXN0004475,PROD00014,3,2104400.0
TI00013422,TXN0004475,PROD00044,2,2984700.0
TI00013423,TXN0004475,PROD00167,3,79900.0
TI00013424,TXN0004476,PROD00121,1,190400.0
TI00013425,TXN0004476,PROD00022,1,1337300.0
TI00013426,TXN0004476,PROD00017,3,61400.0
TI00013427,TXN0004477,PROD00081,2,41700.0
TI00013428,TXN0004478,PROD00084,2,1607800.0
TI00013429,TXN0004478,PROD00157,4,6815900.0
TI00013430,TXN0004478,PROD00161,4,231200.0
TI00013431,TXN0004478,PROD00105,2,76100.0
TI00013432,TXN0004478,PROD00015,3,327100.0
TI00013433,TXN0004479,PROD00112,3,3050100.0
TI00013434,TXN0004479,PROD00107,4,75800.0
TI00013435,TXN0004479,PROD00013,2,1045000.0
TI00013436,TXN0004479,PROD00084,3,1607800.0
TI00013437,TXN0004479,PROD00066,4,162000.0
TI00013438,TXN0004480,PROD00103,4,499800.0
TI00013439,TXN0004480,PROD00067,3,1694500.0
TI00013440,TXN0004480,PROD00015,4,327100.0
TI00013441,TXN0004481,PROD00028,4,497400.0
TI00013442,TXN0004481,PROD00133,4,521500.0
TI00013443,TXN0004481,PROD00041,1,792800.0
TI00013444,TXN0004482,PROD00025,1,57900.0
TI00013445,TXN0004482,PROD00098,1,66400.0
TI00013446,TXN0004482,PROD00015,4,327100.0
TI00013447,TXN0004482,PROD00095,3,428500.0
TI00013448,TXN0004482,PROD00143,3,115300.0
TI00013449,TXN0004483,PROD00044,3,2984700.0
TI00013450,TXN0004483,PROD00103,1,499800.0
TI00013451,TXN0004483,PROD00126,3,219500.0
TI00013452,TXN0004483,PROD00141,3,527900.0
TI00013453,TXN0004483,PROD00098,3,66400.0
TI00013454,TXN0004484,PROD00067,1,1694500.0
TI00013455,TXN0004484,PROD00038,1,3280700.0
TI00013456,TXN0004484,PROD00104,3,179700.0
TI00013457,TXN0004484,PROD00127,1,172600.0
TI00013458,TXN0004484,PROD00162,1,532200.0
TI00013459,TXN0004485,PROD00059,4,3249400.0
TI00013460,TXN0004486,PROD00131,1,2828000.0
TI00013461,TXN0004486,PROD00065,3,846500.0
TI00013462,TXN0004486,PROD00159,2,3240200.0
TI00013463,TXN0004486,PROD00114,3,362300.0
TI00013464,TXN0004487,PROD00114,4,362300.0
TI00013465,TXN0004488,PROD00012,4,744700.0
TI00013466,TXN0004489,PROD00093,2,2689800.0
TI00013467,TXN0004489,PROD00148,4,272900.0
TI00013468,TXN0004489,PROD00121,4,190400.0
TI00013469,TXN0004489,PROD00040,4,3685900.0
TI00013470,TXN0004490,PROD00081,3,41700.0
TI00013471,TXN0004491,PROD00008,4,86100.0
TI00013472,TXN0004492,PROD00090,1,838900.0
TI00013473,TXN0004492,PROD00029,4,747300.0
TI00013474,TXN0004492,PROD00138,4,57200.0
TI00013475,TXN0004492,PROD00002,3,1365600.0
TI00013476,TXN0004493,PROD00112,4,3050100.0
TI00013477,TXN0004493,PROD00027,4,124600.0
TI00013478,TXN0004493,PROD00136,4,787800.0
TI00013479,TXN0004493,PROD00161,1,231200.0
TI00013480,TXN0004494,PROD00155,2,277300.0
TI00013481,TXN0004495,PROD00151,2,116700.0
TI00013482,TXN0004495,PROD00031,1,571800.0
TI00013483,TXN0004495,PROD00067,2,1694500.0
TI00013484,TXN0004496,PROD00160,2,297400.0
TI00013485,TXN0004496,PROD00125,2,716900.0
TI00013486,TXN0004496,PROD00137,4,59500.0
TI00013487,TXN0004497,PROD00135,1,495100.0
TI00013488,TXN0004498,PROD00069,4,145200.0
TI00013489,TXN0004498,PROD00074,1,99400.0
TI00013490,TXN0004498,PROD00177,1,228400.0
TI00013491,TXN0004498,PROD00120,2,283500.0
TI00013492,TXN0004498,PROD00161,2,231200.0
TI00013493,TXN0004499,PROD00016,2,167400.0
TI00013494,TXN0004499,PROD00137,4,59500.0
TI00013495,TXN0004500,PROD00039,3,1936200.0
TI00013496,TXN0004501,PROD00104,2,179700.0
TI00013497,TXN0004502,PROD00016,3,167400.0
TI00013498,TXN0004502,PROD00058,1,1306500.0
TI00013499,TXN0004502,PROD00096,3,366200.0
TI00013500,TXN0004502,PROD00087,1,86200.0
TI00013501,TXN0004503,PROD00039,4,1936200.0
TI00013502,TXN0004503,PROD00147,2,229500.0
TI00013503,TXN0004503,PROD00104,4,179700.0
TI00013504,TXN0004503,PROD00089,1,11224800.0
TI00013505,TXN0004504,PROD00097,4,2301200.0
TI00013506,TXN0004504,PROD00132,2,6814300.0
TI00013507,TXN0004505,PROD00046,3,314500.0
TI00013508,TXN0004505,PROD00084,3,1607800.0
TI00013509,TXN0004506,PROD00005,4,613400.0
TI00013510,TXN0004506,PROD00157,2,6815900.0
TI00013511,TXN0004506,PROD00113,4,4916800.0
TI00013512,TXN0004507,PROD00163,1,337100.0
TI00013513,TXN0004507,PROD00074,1,99400.0
TI00013514,TXN0004508,PROD00083,3,6771700.0
TI00013515,TXN0004508,PROD00139,2,621000.0
TI00013516,TXN0004508,PROD00075,2,382900.0
TI00013517,TXN0004508,PROD00132,1,6814300.0
TI00013518,TXN0004509,PROD00058,3,1306500.0
TI00013519,TXN0004510,PROD00156,4,117900.0
TI00013520,TXN0004510,PROD00179,3,1206500.0
TI00013521,TXN0004510,PROD00161,2,231200.0
TI00013522,TXN0004510,PROD00128,4,202200.0
TI00013523,TXN0004510,PROD00010,3,675900.0
TI00013524,TXN0004511,PROD00120,3,283500.0
TI00013525,TXN0004511,PROD00157,2,6815900.0
TI00013526,TXN0004511,PROD00014,1,2104400.0
TI00013527,TXN0004512,PROD00033,4,10971800.0
TI00013528,TXN0004513,PROD00117,3,188000.0
TI00013529,TXN0004513,PROD00109,3,3001900.0
TI00013530,TXN0004514,PROD00176,1,168200.0
TI00013531,TXN0004515,PROD00084,2,1607800.0
TI00013532,TXN0004515,PROD00126,1,219500.0
TI00013533,TXN0004515,PROD00085,3,262600.0
TI00013534,TXN0004515,PROD00077,2,37900.0
TI00013535,TXN0004515,PROD00124,4,11671600.0
TI00013536,TXN0004516,PROD00129,1,67800.0
TI00013537,TXN0004516,PROD00084,4,1607800.0
TI00013538,TXN0004517,PROD00058,3,1306500.0
TI00013539,TXN0004517,PROD00048,2,88700.0
TI00013540,TXN0004517,PROD00004,3,1254300.0
TI00013541,TXN0004518,PROD00085,3,262600.0
TI00013542,TXN0004518,PROD00041,4,792800.0
TI00013543,TXN0004519,PROD00173,1,67500.0
TI00013544,TXN0004519,PROD00089,2,11224800.0
TI00013545,TXN0004519,PROD00004,1,1254300.0
TI00013546,TXN0004519,PROD00093,3,2689800.0
TI00013547,TXN0004520,PROD00092,1,198900.0
TI00013548,TXN0004521,PROD00006,4,1710300.0
TI00013549,TXN0004521,PROD00001,3,179800.0
TI00013550,TXN0004522,PROD00018,2,2056700.0
TI00013551,TXN0004522,PROD00085,2,262600.0
TI00013552,TXN0004522,PROD00110,2,130700.0
TI00013553,TXN0004523,PROD00038,3,3280700.0
TI00013554,TXN0004523,PROD00098,4,66400.0
TI00013555,TXN0004523,PROD00144,2,2659900.0
TI00013556,TXN0004523,PROD00147,4,229500.0
TI00013557,TXN0004523,PROD00150,2,874600.0
TI00013558,TXN0004524,PROD00155,4,277300.0
TI00013559,TXN0004524,PROD00013,1,1045000.0
TI00013560,TXN0004525,PROD00106,4,610900.0
TI00013561,TXN0004525,PROD00012,1,744700.0
TI00013562,TXN0004526,PROD00053,4,197800.0
TI00013563,TXN0004527,PROD00158,3,488300.0
TI00013564,TXN0004527,PROD00023,1,225100.0
TI00013565,TXN0004527,PROD00036,2,11966500.0
TI00013566,TXN0004528,PROD00049,2,244600.0
TI00013567,TXN0004528,PROD00111,4,5440300.0
TI00013568,TXN0004528,PROD00077,3,37900.0
TI00013569,TXN0004529,PROD00081,3,41700.0
TI00013570,TXN0004529,PROD00178,3,55100.0
TI00013571,TXN0004529,PROD00153,4,121800.0
TI00013572,TXN0004530,PROD00140,3,10502400.0
TI00013573,TXN0004531,PROD00180,4,96700.0
TI00013574,TXN0004531,PROD00060,4,218600.0
TI00013575,TXN0004531,PROD00168,4,54200.0
TI00013576,TXN0004531,PROD00028,2,497400.0
TI00013577,TXN0004532,PROD00072,2,470400.0
TI00013578,TXN0004533,PROD00178,2,55100.0
TI00013579,TXN0004533,PROD00133,1,521500.0
TI00013580,TXN0004534,PROD00084,2,1607800.0
TI00013581,TXN0004534,PROD00007,4,456400.0
TI00013582,TXN0004535,PROD00063,4,631600.0
TI00013583,TXN0004535,PROD00140,4,10502400.0
TI00013584,TXN0004535,PROD00112,3,3050100.0
TI00013585,TXN0004536,PROD00167,2,79900.0
TI00013586,TXN0004536,PROD00040,4,3685900.0
TI00013587,TXN0004536,PROD00100,3,546800.0
TI00013588,TXN0004536,PROD00011,4,810900.0
TI00013589,TXN0004537,PROD00052,3,58000.0
TI00013590,TXN0004537,PROD00106,2,610900.0
TI00013591,TXN0004537,PROD00129,4,67800.0
TI00013592,TXN0004537,PROD00008,2,86100.0
TI00013593,TXN0004538,PROD00052,1,58000.0
TI00013594,TXN0004538,PROD00049,4,244600.0
TI00013595,TXN0004539,PROD00149,4,370000.0
TI00013596,TXN0004539,PROD00139,1,621000.0
TI00013597,TXN0004539,PROD00044,4,2984700.0
TI00013598,TXN0004539,PROD00076,3,609300.0
TI00013599,TXN0004539,PROD00119,1,3450500.0
TI00013600,TXN0004540,PROD00001,4,179800.0
TI00013601,TXN0004541,PROD00176,4,168200.0
TI00013602,TXN0004541,PROD00045,4,75500.0
TI00013603,TXN0004541,PROD00130,1,213000.0
TI00013604,TXN0004541,PROD00167,1,79900.0
TI00013605,TXN0004541,PROD00018,4,2056700.0
TI00013606,TXN0004542,PROD00017,3,61400.0
TI00013607,TXN0004542,PROD00041,2,792800.0
TI00013608,TXN0004542,PROD00125,3,716900.0
TI00013609,TXN0004542,PROD00151,2,116700.0
TI00013610,TXN0004542,PROD00013,3,1045000.0
TI00013611,TXN0004543,PROD00006,4,1710300.0
TI00013612,TXN0004543,PROD00109,2,3001900.0
TI00013613,TXN0004543,PROD00140,2,10502400.0
TI00013614,TXN0004543,PROD00020,3,176500.0
TI00013615,TXN0004543,PROD00174,1,71600.0
TI00013616,TXN0004544,PROD00003,1,623300.0
TI00013617,TXN0004544,PROD00056,2,246400.0
TI00013618,TXN0004544,PROD00032,3,359500.0
TI00013619,TXN0004544,PROD00011,1,810900.0
TI00013620,TXN0004545,PROD00066,1,162000.0
TI00013621,TXN0004545,PROD00136,3,787800.0
TI00013622,TXN0004545,PROD00117,2,188000.0
TI00013623,TXN0004546,PROD00178,4,55100.0
TI00013624,TXN0004546,PROD00118,1,97800.0
TI00013625,TXN0004546,PROD00163,2,337100.0
TI00013626,TXN0004546,PROD00035,1,3271400.0
TI00013627,TXN0004547,PROD00177,1,228400.0
TI00013628,TXN0004547,PROD00008,3,86100.0
TI00013629,TXN0004547,PROD00109,4,3001900.0
TI00013630,TXN0004547,PROD00107,3,75800.0
TI00013631,TXN0004547,PROD00077,2,37900.0
TI00013632,TXN0004548,PROD00003,2,623300.0
TI00013633,TXN0004548,PROD00180,3,96700.0
TI00013634,TXN0004548,PROD00055,2,29300.0
TI00013635,TXN0004548,PROD00114,4,362300.0
TI00013636,TXN0004548,PROD00135,1,495100.0
TI00013637,TXN0004549,PROD00136,3,787800.0
TI00013638,TXN0004549,PROD00128,3,202200.0
TI00013639,TXN0004549,PROD00006,4,1710300.0
TI00013640,TXN0004549,PROD00074,1,99400.0
TI00013641,TXN0004549,PROD00021,2,423700.0
TI00013642,TXN0004550,PROD00073,2,55700.0
TI00013643,TXN0004551,PROD00172,3,162600.0
TI00013644,TXN0004551,PROD00087,4,86200.0
TI00013645,TXN0004551,PROD00100,3,546800.0
TI00013646,TXN0004551,PROD00036,3,11966500.0
TI00013647,TXN0004552,PROD00128,2,202200.0
TI00013648,TXN0004553,PROD00123,3,520300.0
TI00013649,TXN0004553,PROD00105,1,76100.0
TI00013650,TXN0004553,PROD00112,4,3050100.0
TI00013651,TXN0004553,PROD00035,3,3271400.0
TI00013652,TXN0004553,PROD00009,4,183500.0
TI00013653,TXN0004554,PROD00115,2,1810600.0
TI00013654,TXN0004554,PROD00076,1,609300.0
TI00013655,TXN0004554,PROD00105,4,76100.0
TI00013656,TXN0004554,PROD00099,3,497200.0
TI00013657,TXN0004555,PROD00088,2,220600.0
TI00013658,TXN0004555,PROD00170,3,806200.0
TI00013659,TXN0004555,PROD00077,3,37900.0
TI00013660,TXN0004556,PROD00117,1,188000.0
TI00013661,TXN0004556,PROD00045,4,75500.0
TI00013662,TXN0004556,PROD00157,2,6815900.0
TI00013663,TXN0004556,PROD00046,2,314500.0
TI00013664,TXN0004557,PROD00070,1,191800.0
TI00013665,TXN0004557,PROD00012,3,744700.0
TI00013666,TXN0004557,PROD00111,3,5440300.0
TI00013667,TXN0004557,PROD00171,1,9207400.0
TI00013668,TXN0004557,PROD00007,2,456400.0
TI00013669,TXN0004558,PROD00060,2,218600.0
TI00013670,TXN0004558,PROD00143,2,115300.0
TI00013671,TXN0004558,PROD00105,2,76100.0
TI00013672,TXN0004558,PROD00172,2,162600.0
TI00013673,TXN0004559,PROD00135,3,495100.0
TI00013674,TXN0004559,PROD00100,4,546800.0
TI00013675,TXN0004559,PROD00036,4,11966500.0
TI00013676,TXN0004559,PROD00040,2,3685900.0
TI00013677,TXN0004559,PROD00092,4,198900.0
TI00013678,TXN0004560,PROD00059,3,3249400.0
TI00013679,TXN0004561,PROD00014,1,2104400.0
TI00013680,TXN0004561,PROD00144,3,2659900.0
TI00013681,TXN0004561,PROD00080,2,204100.0
TI00013682,TXN0004561,PROD00052,4,58000.0
TI00013683,TXN0004561,PROD00126,2,219500.0
TI00013684,TXN0004562,PROD00002,1,1365600.0
TI00013685,TXN0004562,PROD00166,1,120600.0
TI00013686,TXN0004562,PROD00103,1,499800.0
TI00013687,TXN0004563,PROD00106,1,610900.0
TI00013688,TXN0004563,PROD00074,4,99400.0
TI00013689,TXN0004563,PROD00100,1,546800.0
TI00013690,TXN0004563,PROD00163,3,337100.0
TI00013691,TXN0004564,PROD00013,1,1045000.0
TI00013692,TXN0004565,PROD00171,3,9207400.0
TI00013693,TXN0004565,PROD00152,3,170900.0
TI00013694,TXN0004565,PROD00083,3,6771700.0
TI00013695,TXN0004566,PROD00025,4,57900.0
TI00013696,TXN0004567,PROD00034,2,1485900.0
TI00013697,TXN0004567,PROD00168,1,54200.0
TI00013698,TXN0004567,PROD00126,3,219500.0
TI00013699,TXN0004567,PROD00077,2,37900.0
TI00013700,TXN0004568,PROD00147,1,229500.0
TI00013701,TXN0004568,PROD00130,4,213000.0
TI00013702,TXN0004568,PROD00118,2,97800.0
TI00013703,TXN0004568,PROD00176,2,168200.0
TI00013704,TXN0004568,PROD00051,1,752100.0
TI00013705,TXN0004569,PROD00103,1,499800.0
TI00013706,TXN0004569,PROD00146,4,647500.0
TI00013707,TXN0004569,PROD00028,1,497400.0
TI00013708,TXN0004570,PROD00031,4,571800.0
TI00013709,TXN0004571,PROD00092,1,198900.0
TI00013710,TXN0004571,PROD00009,4,183500.0
TI00013711,TXN0004572,PROD00063,3,631600.0
TI00013712,TXN0004572,PROD00080,4,204100.0
TI00013713,TXN0004572,PROD00148,3,272900.0
TI00013714,TXN0004573,PROD00016,3,167400.0
TI00013715,TXN0004573,PROD00082,4,435600.0
TI00013716,TXN0004573,PROD00050,4,134700.0
TI00013717,TXN0004574,PROD00106,1,610900.0
TI00013718,TXN0004575,PROD00141,4,527900.0
TI00013719,TXN0004575,PROD00138,3,57200.0
TI00013720,TXN0004576,PROD00082,3,435600.0
TI00013721,TXN0004576,PROD00145,1,626300.0
TI00013722,TXN0004576,PROD00048,3,88700.0
TI00013723,TXN0004576,PROD00016,3,167400.0
TI00013724,TXN0004577,PROD00059,1,3249400.0
TI00013725,TXN0004577,PROD00013,4,1045000.0
TI00013726,TXN0004578,PROD00169,2,6358700.0
TI00013727,TXN0004579,PROD00072,2,470400.0
TI00013728,TXN0004579,PROD00076,2,609300.0
TI00013729,TXN0004579,PROD00165,2,242000.0
TI00013730,TXN0004579,PROD00074,3,99400.0
TI00013731,TXN0004580,PROD00135,3,495100.0
TI00013732,TXN0004580,PROD00110,1,130700.0
TI00013733,TXN0004580,PROD00128,3,202200.0
TI00013734,TXN0004580,PROD00178,4,55100.0
TI00013735,TXN0004581,PROD00071,2,501200.0
TI00013736,TXN0004581,PROD00159,3,3240200.0
TI00013737,TXN0004581,PROD00124,1,11671600.0
TI00013738,TXN0004581,PROD00039,1,1936200.0
TI00013739,TXN0004582,PROD00153,4,121800.0
TI00013740,TXN0004583,PROD00045,2,75500.0
TI00013741,TXN0004583,PROD00158,2,488300.0
TI00013742,TXN0004583,PROD00131,1,2828000.0
TI00013743,TXN0004584,PROD00129,4,67800.0
TI00013744,TXN0004584,PROD00033,3,10971800.0
TI00013745,TXN0004585,PROD00121,1,190400.0
TI00013746,TXN0004585,PROD00013,1,1045000.0
TI00013747,TXN0004585,PROD00047,3,165600.0
TI00013748,TXN0004585,PROD00073,3,55700.0
TI00013749,TXN0004585,PROD00133,4,521500.0
TI00013750,TXN0004586,PROD00136,3,787800.0
TI00013751,TXN0004586,PROD00067,3,1694500.0
TI00013752,TXN0004586,PROD00059,4,3249400.0
TI00013753,TXN0004587,PROD00058,2,1306500.0
TI00013754,TXN0004587,PROD00074,3,99400.0
TI00013755,TXN0004588,PROD00178,4,55100.0
TI00013756,TXN0004588,PROD00007,2,456400.0
TI00013757,TXN0004588,PROD00132,1,6814300.0
TI00013758,TXN0004588,PROD00006,2,1710300.0
TI00013759,TXN0004589,PROD00062,3,83600.0
TI00013760,TXN0004589,PROD00083,3,6771700.0
TI00013761,TXN0004589,PROD00116,1,561100.0
TI00013762,TXN0004590,PROD00040,2,3685900.0
TI00013763,TXN0004591,PROD00079,1,31800.0
TI00013764,TXN0004591,PROD00164,3,103200.0
TI00013765,TXN0004591,PROD00039,3,1936200.0
TI00013766,TXN0004591,PROD00025,3,57900.0
TI00013767,TXN0004592,PROD00056,4,246400.0
TI00013768,TXN0004592,PROD00119,1,3450500.0
TI00013769,TXN0004592,PROD00163,3,337100.0
TI00013770,TXN0004592,PROD00117,1,188000.0
TI00013771,TXN0004592,PROD00014,4,2104400.0
TI00013772,TXN0004593,PROD00034,2,1485900.0
TI00013773,TXN0004593,PROD00099,4,497200.0
TI00013774,TXN0004593,PROD00172,4,162600.0
TI00013775,TXN0004593,PROD00056,2,246400.0
TI00013776,TXN0004594,PROD00086,4,8987800.0
TI00013777,TXN0004594,PROD00116,1,561100.0
TI00013778,TXN0004594,PROD00040,3,3685900.0
TI00013779,TXN0004594,PROD00001,4,179800.0
TI00013780,TXN0004595,PROD00128,2,202200.0
TI00013781,TXN0004595,PROD00127,4,172600.0
TI00013782,TXN0004595,PROD00170,2,806200.0
TI00013783,TXN0004595,PROD00085,4,262600.0
TI00013784,TXN0004595,PROD00042,1,110400.0
TI00013785,TXN0004596,PROD00071,2,501200.0
TI00013786,TXN0004596,PROD00069,3,145200.0
TI00013787,TXN0004596,PROD00028,4,497400.0
TI00013788,TXN0004597,PROD00043,1,223400.0
TI00013789,TXN0004597,PROD00103,4,499800.0
TI00013790,TXN0004597,PROD00038,3,3280700.0
TI00013791,TXN0004597,PROD00155,1,277300.0
TI00013792,TXN0004597,PROD00005,3,613400.0
TI00013793,TXN0004598,PROD00124,4,11671600.0
TI00013794,TXN0004598,PROD00073,4,55700.0
TI00013795,TXN0004599,PROD00058,1,1306500.0
TI00013796,TXN0004599,PROD00050,4,134700.0
TI00013797,TXN0004599,PROD00053,2,197800.0
TI00013798,TXN0004600,PROD00085,4,262600.0
TI00013799,TXN0004600,PROD00099,1,497200.0
TI00013800,TXN0004600,PROD00017,4,61400.0
TI00013801,TXN0004600,PROD00158,4,488300.0
TI00013802,TXN0004601,PROD00037,1,718700.0
TI00013803,TXN0004602,PROD00044,4,2984700.0
TI00013804,TXN0004603,PROD00172,1,162600.0
TI00013805,TXN0004603,PROD00119,2,3450500.0
TI00013806,TXN0004603,PROD00015,3,327100.0
TI00013807,TXN0004603,PROD00002,2,1365600.0
TI00013808,TXN0004603,PROD00090,1,838900.0
TI00013809,TXN0004604,PROD00158,1,488300.0
TI00013810,TXN0004605,PROD00099,4,497200.0
TI00013811,TXN0004605,PROD00154,2,192800.0
TI00013812,TXN0004605,PROD00054,4,1692000.0
TI00013813,TXN0004605,PROD00044,3,2984700.0
TI00013814,TXN0004606,PROD00102,4,171600.0
TI00013815,TXN0004606,PROD00132,3,6814300.0
TI00013816,TXN0004607,PROD00053,2,197800.0
TI00013817,TXN0004607,PROD00138,1,57200.0
TI00013818,TXN0004607,PROD00126,4,219500.0
TI00013819,TXN0004608,PROD00050,3,134700.0
TI00013820,TXN0004608,PROD00025,3,57900.0
TI00013821,TXN0004608,PROD00080,1,204100.0
TI00013822,TXN0004608,PROD00167,4,79900.0
TI00013823,TXN0004608,PROD00077,3,37900.0
TI00013824,TXN0004609,PROD00167,2,79900.0
TI00013825,TXN0004609,PROD00099,3,497200.0
TI00013826,TXN0004609,PROD00046,1,314500.0
TI00013827,TXN0004609,PROD00163,2,337100.0
TI00013828,TXN0004609,PROD00068,4,189500.0
TI00013829,TXN0004610,PROD00059,3,3249400.0
TI00013830,TXN0004610,PROD00171,1,9207400.0
TI00013831,TXN0004610,PROD00163,4,337100.0
TI00013832,TXN0004610,PROD00106,1,610900.0
TI00013833,TXN0004611,PROD00040,1,3685900.0
TI00013834,TXN0004611,PROD00090,2,838900.0
TI00013835,TXN0004611,PROD00023,1,225100.0
TI00013836,TXN0004611,PROD00166,4,120600.0
TI00013837,TXN0004611,PROD00031,4,571800.0
TI00013838,TXN0004612,PROD00091,3,17600.0
TI00013839,TXN0004612,PROD00149,3,370000.0
TI00013840,TXN0004612,PROD00027,4,124600.0
TI00013841,TXN0004612,PROD00071,4,501200.0
TI00013842,TXN0004613,PROD00104,1,179700.0
TI00013843,TXN0004613,PROD00118,1,97800.0
TI00013844,TXN0004613,PROD00176,3,168200.0
TI00013845,TXN0004613,PROD00097,1,2301200.0
TI00013846,TXN0004614,PROD00001,4,179800.0
TI00013847,TXN0004614,PROD00021,3,423700.0
TI00013848,TXN0004614,PROD00048,3,88700.0
TI00013849,TXN0004615,PROD00108,3,570800.0
TI00013850,TXN0004615,PROD00165,4,242000.0
TI00013851,TXN0004615,PROD00102,2,171600.0
TI00013852,TXN0004616,PROD00078,1,473100.0
TI00013853,TXN0004616,PROD00022,4,1337300.0
TI00013854,TXN0004616,PROD00016,3,167400.0
TI00013855,TXN0004616,PROD00087,1,86200.0
TI00013856,TXN0004617,PROD00014,3,2104400.0
TI00013857,TXN0004617,PROD00157,4,6815900.0
TI00013858,TXN0004618,PROD00180,1,96700.0
TI00013859,TXN0004618,PROD00125,4,716900.0
TI00013860,TXN0004618,PROD00163,1,337100.0
TI00013861,TXN0004619,PROD00057,3,2101600.0
TI00013862,TXN0004619,PROD00004,2,1254300.0
TI00013863,TXN0004619,PROD00083,1,6771700.0
TI00013864,TXN0004619,PROD00053,4,197800.0
TI00013865,TXN0004620,PROD00039,4,1936200.0
TI00013866,TXN0004620,PROD00149,1,370000.0
TI00013867,TXN0004620,PROD00052,3,58000.0
TI00013868,TXN0004620,PROD00016,1,167400.0
TI00013869,TXN0004621,PROD00111,4,5440300.0
TI00013870,TXN0004622,PROD00014,3,2104400.0
TI00013871,TXN0004622,PROD00057,1,2101600.0
TI00013872,TXN0004622,PROD00111,3,5440300.0
TI00013873,TXN0004622,PROD00118,1,97800.0
TI00013874,TXN0004622,PROD00015,1,327100.0
TI00013875,TXN0004623,PROD00114,2,362300.0
TI00013876,TXN0004623,PROD00156,1,117900.0
TI00013877,TXN0004623,PROD00111,3,5440300.0
TI00013878,TXN0004623,PROD00173,4,67500.0
TI00013879,TXN0004624,PROD00160,4,297400.0
TI00013880,TXN0004624,PROD00100,3,546800.0
TI00013881,TXN0004624,PROD00173,4,67500.0
TI00013882,TXN0004624,PROD00013,1,1045000.0
TI00013883,TXN0004624,PROD00141,2,527900.0
TI00013884,TXN0004625,PROD00057,3,2101600.0
TI00013885,TXN0004625,PROD00005,4,613400.0
TI00013886,TXN0004625,PROD00132,4,6814300.0
TI00013887,TXN0004625,PROD00172,2,162600.0
TI00013888,TXN0004625,PROD00126,3,219500.0
TI00013889,TXN0004626,PROD00160,4,297400.0
TI00013890,TXN0004626,PROD00104,4,179700.0
TI00013891,TXN0004626,PROD00136,2,787800.0
TI00013892,TXN0004627,PROD00179,1,1206500.0
TI00013893,TXN0004627,PROD00060,1,218600.0
TI00013894,TXN0004628,PROD00017,3,61400.0
TI00013895,TXN0004628,PROD00084,3,1607800.0
TI00013896,TXN0004628,PROD00066,1,162000.0
TI00013897,TXN0004628,PROD00125,1,716900.0
TI00013898,TXN0004629,PROD00099,2,497200.0
TI00013899,TXN0004629,PROD00116,1,561100.0
TI00013900,TXN0004630,PROD00098,1,66400.0
TI00013901,TXN0004630,PROD00115,3,1810600.0
TI00013902,TXN0004630,PROD00134,1,1383900.0
TI00013903,TXN0004631,PROD00047,1,165600.0
TI00013904,TXN0004631,PROD00076,2,609300.0
TI00013905,TXN0004631,PROD00104,4,179700.0
TI00013906,TXN0004631,PROD00079,1,31800.0
TI00013907,TXN0004631,PROD00156,4,117900.0
TI00013908,TXN0004632,PROD00072,2,470400.0
TI00013909,TXN0004632,PROD00172,1,162600.0
TI00013910,TXN0004632,PROD00164,3,103200.0
TI00013911,TXN0004632,PROD00043,4,223400.0
TI00013912,TXN0004632,PROD00170,2,806200.0
TI00013913,TXN0004633,PROD00058,1,1306500.0
TI00013914,TXN0004634,PROD00132,1,6814300.0
TI00013915,TXN0004635,PROD00006,1,1710300.0
TI00013916,TXN0004635,PROD00007,3,456400.0
TI00013917,TXN0004635,PROD00071,4,501200.0
TI00013918,TXN0004635,PROD00113,3,4916800.0
TI00013919,TXN0004635,PROD00153,3,121800.0
TI00013920,TXN0004636,PROD00017,3,61400.0
TI00013921,TXN0004636,PROD00085,2,262600.0
TI00013922,TXN0004636,PROD00026,4,1447900.0
TI00013923,TXN0004636,PROD00155,1,277300.0
TI00013924,TXN0004636,PROD00058,1,1306500.0
TI00013925,TXN0004637,PROD00153,4,121800.0
TI00013926,TXN0004637,PROD00014,1,2104400.0
TI00013927,TXN0004637,PROD00006,4,1710300.0
TI00013928,TXN0004637,PROD00160,1,297400.0
TI00013929,TXN0004637,PROD00129,3,67800.0
TI00013930,TXN0004638,PROD00100,4,546800.0
TI00013931,TXN0004638,PROD00025,2,57900.0
TI00013932,TXN0004638,PROD00027,3,124600.0
TI00013933,TXN0004638,PROD00123,2,520300.0
TI00013934,TXN0004639,PROD00013,3,1045000.0
TI00013935,TXN0004639,PROD00143,2,115300.0
TI00013936,TXN0004639,PROD00008,3,86100.0
TI00013937,TXN0004639,PROD00088,1,220600.0
TI00013938,TXN0004640,PROD00125,3,716900.0
TI00013939,TXN0004640,PROD00176,4,168200.0
TI00013940,TXN0004640,PROD00151,2,116700.0
TI00013941,TXN0004640,PROD00180,3,96700.0
TI00013942,TXN0004641,PROD00051,1,752100.0
TI00013943,TXN0004642,PROD00106,4,610900.0
TI00013944,TXN0004642,PROD00024,2,595000.0
TI00013945,TXN0004642,PROD00115,2,1810600.0
TI00013946,TXN0004642,PROD00089,3,11224800.0
TI00013947,TXN0004642,PROD00151,3,116700.0
TI00013948,TXN0004643,PROD00166,3,120600.0
TI00013949,TXN0004643,PROD00026,3,1447900.0
TI00013950,TXN0004643,PROD00157,2,6815900.0
TI00013951,TXN0004644,PROD00010,2,675900.0
TI00013952,TXN0004644,PROD00022,2,1337300.0
TI00013953,TXN0004644,PROD00003,3,623300.0
TI00013954,TXN0004644,PROD00035,2,3271400.0
TI00013955,TXN0004644,PROD00104,2,179700.0
TI00013956,TXN0004645,PROD00015,3,327100.0
TI00013957,TXN0004645,PROD00137,2,59500.0
TI00013958,TXN0004645,PROD00084,4,1607800.0
TI00013959,TXN0004645,PROD00148,2,272900.0
TI00013960,TXN0004646,PROD00178,3,55100.0
TI00013961,TXN0004646,PROD00072,2,470400.0
TI00013962,TXN0004647,PROD00166,4,120600.0
TI00013963,TXN0004647,PROD00087,3,86200.0
TI00013964,TXN0004647,PROD00123,1,520300.0
TI00013965,TXN0004648,PROD00160,3,297400.0
TI00013966,TXN0004648,PROD00140,3,10502400.0
TI00013967,TXN0004649,PROD00121,1,190400.0
TI00013968,TXN0004649,PROD00093,2,2689800.0
TI00013969,TXN0004650,PROD00082,2,435600.0
TI00013970,TXN0004650,PROD00043,2,223400.0
TI00013971,TXN0004650,PROD00039,3,1936200.0
TI00013972,TXN0004650,PROD00175,2,99600.0
TI00013973,TXN0004651,PROD00053,3,197800.0
TI00013974,TXN0004652,PROD00111,1,5440300.0
TI00013975,TXN0004652,PROD00084,4,1607800.0
TI00013976,TXN0004652,PROD00112,2,3050100.0
TI00013977,TXN0004652,PROD00043,2,223400.0
TI00013978,TXN0004652,PROD00142,3,324600.0
TI00013979,TXN0004653,PROD00067,1,1694500.0
TI00013980,TXN0004653,PROD00177,3,228400.0
TI00013981,TXN0004653,PROD00084,2,1607800.0
TI00013982,TXN0004653,PROD00134,3,1383900.0
TI00013983,TXN0004654,PROD00041,3,792800.0
TI00013984,TXN0004654,PROD00133,4,521500.0
TI00013985,TXN0004654,PROD00098,2,66400.0
TI00013986,TXN0004654,PROD00048,2,88700.0
TI00013987,TXN0004654,PROD00094,4,365200.0
TI00013988,TXN0004655,PROD00119,1,3450500.0
TI00013989,TXN0004655,PROD00056,3,246400.0
TI00013990,TXN0004655,PROD00098,3,66400.0
TI00013991,TXN0004655,PROD00005,2,613400.0
TI00013992,TXN0004655,PROD00135,2,495100.0
TI00013993,TXN0004656,PROD00171,4,9207400.0
TI00013994,TXN0004656,PROD00022,4,1337300.0
TI00013995,TXN0004657,PROD00022,3,1337300.0
TI00013996,TXN0004658,PROD00007,3,456400.0
TI00013997,TXN0004658,PROD00056,4,246400.0
TI00013998,TXN0004658,PROD00077,4,37900.0
TI00013999,TXN0004658,PROD00025,3,57900.0
TI00014000,TXN0004659,PROD00131,4,2828000.0
TI00014001,TXN0004659,PROD00179,1,1206500.0
TI00014002,TXN0004659,PROD00173,2,67500.0
TI00014003,TXN0004659,PROD00108,4,570800.0
TI00014004,TXN0004659,PROD00055,4,29300.0
TI00014005,TXN0004660,PROD00177,3,228400.0
TI00014006,TXN0004661,PROD00020,4,176500.0
TI00014007,TXN0004661,PROD00046,3,314500.0
TI00014008,TXN0004661,PROD00039,4,1936200.0
TI00014009,TXN0004661,PROD00168,3,54200.0
TI00014010,TXN0004661,PROD00058,2,1306500.0
TI00014011,TXN0004662,PROD00074,2,99400.0
TI00014012,TXN0004662,PROD00086,3,8987800.0
TI00014013,TXN0004662,PROD00030,4,10909100.0
TI00014014,TXN0004663,PROD00040,2,3685900.0
TI00014015,TXN0004663,PROD00004,3,1254300.0
TI00014016,TXN0004664,PROD00151,4,116700.0
TI00014017,TXN0004664,PROD00145,1,626300.0
TI00014018,TXN0004665,PROD00115,1,1810600.0
TI00014019,TXN0004666,PROD00111,2,5440300.0
TI00014020,TXN0004667,PROD00010,4,675900.0
TI00014021,TXN0004668,PROD00039,2,1936200.0
TI00014022,TXN0004668,PROD00158,4,488300.0
TI00014023,TXN0004668,PROD00037,1,718700.0
TI00014024,TXN0004668,PROD00019,3,353800.0
TI00014025,TXN0004668,PROD00098,2,66400.0
TI00014026,TXN0004669,PROD00180,1,96700.0
TI00014027,TXN0004669,PROD00127,2,172600.0
TI00014028,TXN0004669,PROD00028,4,497400.0
TI00014029,TXN0004670,PROD00093,4,2689800.0
TI00014030,TXN0004671,PROD00081,1,41700.0
TI00014031,TXN0004671,PROD00161,4,231200.0
TI00014032,TXN0004672,PROD00055,2,29300.0
TI00014033,TXN0004672,PROD00082,1,435600.0
TI00014034,TXN0004673,PROD00099,1,497200.0
TI00014035,TXN0004673,PROD00008,4,86100.0
TI00014036,TXN0004673,PROD00135,1,495100.0
TI00014037,TXN0004673,PROD00018,3,2056700.0
TI00014038,TXN0004673,PROD00024,2,595000.0
TI00014039,TXN0004674,PROD00063,4,631600.0
TI00014040,TXN0004675,PROD00143,3,115300.0
TI00014041,TXN0004675,PROD00170,3,806200.0
TI00014042,TXN0004675,PROD00130,3,213000.0
TI00014043,TXN0004676,PROD00035,4,3271400.0
TI00014044,TXN0004676,PROD00029,4,747300.0
TI00014045,TXN0004676,PROD00051,4,752100.0
TI00014046,TXN0004676,PROD00045,4,75500.0
TI00014047,TXN0004677,PROD00020,2,176500.0
TI00014048,TXN0004677,PROD00176,3,168200.0
TI00014049,TXN0004677,PROD00130,2,213000.0
TI00014050,TXN0004677,PROD00015,1,327100.0
TI00014051,TXN0004677,PROD00078,4,473100.0
TI00014052,TXN0004678,PROD00097,2,2301200.0
TI00014053,TXN0004678,PROD00132,1,6814300.0
TI00014054,TXN0004678,PROD00067,1,1694500.0
TI00014055,TXN0004679,PROD00135,4,495100.0
TI00014056,TXN0004680,PROD00154,2,192800.0
TI00014057,TXN0004680,PROD00024,1,595000.0
TI00014058,TXN0004681,PROD00100,1,546800.0
TI00014059,TXN0004681,PROD00002,2,1365600.0
TI00014060,TXN0004681,PROD00056,2,246400.0
TI00014061,TXN0004682,PROD00126,1,219500.0
TI00014062,TXN0004683,PROD00046,4,314500.0
TI00014063,TXN0004683,PROD00063,3,631600.0
TI00014064,TXN0004683,PROD00036,1,11966500.0
TI00014065,TXN0004684,PROD00157,4,6815900.0
TI00014066,TXN0004684,PROD00043,2,223400.0
TI00014067,TXN0004684,PROD00007,1,456400.0
TI00014068,TXN0004685,PROD00034,4,1485900.0
TI00014069,TXN0004685,PROD00117,1,188000.0
TI00014070,TXN0004685,PROD00043,1,223400.0
TI00014071,TXN0004686,PROD00005,1,613400.0
TI00014072,TXN0004687,PROD00017,2,61400.0
TI00014073,TXN0004687,PROD00058,2,1306500.0
TI00014074,TXN0004687,PROD00102,2,171600.0
TI00014075,TXN0004688,PROD00170,1,806200.0
TI00014076,TXN0004688,PROD00115,2,1810600.0
TI00014077,TXN0004689,PROD00024,3,595000.0
TI00014078,TXN0004689,PROD00153,4,121800.0
TI00014079,TXN0004689,PROD00080,4,204100.0
TI00014080,TXN0004689,PROD00002,1,1365600.0
TI00014081,TXN0004689,PROD00020,2,176500.0
TI00014082,TXN0004690,PROD00127,1,172600.0
TI00014083,TXN0004690,PROD00037,3,718700.0
TI00014084,TXN0004690,PROD00126,3,219500.0
TI00014085,TXN0004690,PROD00041,1,792800.0
TI00014086,TXN0004691,PROD00112,2,3050100.0
TI00014087,TXN0004692,PROD00053,1,197800.0
TI00014088,TXN0004692,PROD00093,1,2689800.0
TI00014089,TXN0004693,PROD00108,3,570800.0
TI00014090,TXN0004693,PROD00034,1,1485900.0
TI00014091,TXN0004694,PROD00070,1,191800.0
TI00014092,TXN0004694,PROD00097,3,2301200.0
TI00014093,TXN0004694,PROD00031,1,571800.0
TI00014094,TXN0004694,PROD00125,3,716900.0
TI00014095,TXN0004694,PROD00063,1,631600.0
TI00014096,TXN0004695,PROD00114,2,362300.0
TI00014097,TXN0004695,PROD00052,3,58000.0
TI00014098,TXN0004695,PROD00015,1,327100.0
TI00014099,TXN0004695,PROD00151,4,116700.0
TI00014100,TXN0004696,PROD00087,4,86200.0
TI00014101,TXN0004696,PROD00146,4,647500.0
TI00014102,TXN0004697,PROD00145,2,626300.0
TI00014103,TXN0004697,PROD00013,4,1045000.0
TI00014104,TXN0004698,PROD00057,1,2101600.0
TI00014105,TXN0004698,PROD00155,3,277300.0
TI00014106,TXN0004699,PROD00142,3,324600.0
TI00014107,TXN0004700,PROD00012,4,744700.0
TI00014108,TXN0004700,PROD00024,2,595000.0
TI00014109,TXN0004700,PROD00080,1,204100.0
TI00014110,TXN0004701,PROD00148,3,272900.0
TI00014111,TXN0004701,PROD00066,3,162000.0
TI00014112,TXN0004702,PROD00074,1,99400.0
TI00014113,TXN0004702,PROD00165,1,242000.0
TI00014114,TXN0004702,PROD00042,1,110400.0
TI00014115,TXN0004702,PROD00016,2,167400.0
TI00014116,TXN0004703,PROD00025,4,57900.0
TI00014117,TXN0004704,PROD00141,1,527900.0
TI00014118,TXN0004704,PROD00155,4,277300.0
TI00014119,TXN0004704,PROD00002,3,1365600.0
TI00014120,TXN0004704,PROD00104,1,179700.0
TI00014121,TXN0004704,PROD00005,4,613400.0
TI00014122,TXN0004705,PROD00042,3,110400.0
TI00014123,TXN0004705,PROD00100,1,546800.0
TI00014124,TXN0004705,PROD00119,3,3450500.0
TI00014125,TXN0004705,PROD00122,4,2205900.0
TI00014126,TXN0004705,PROD00163,1,337100.0
TI00014127,TXN0004706,PROD00170,3,806200.0
TI00014128,TXN0004706,PROD00038,2,3280700.0
TI00014129,TXN0004707,PROD00138,4,57200.0
TI00014130,TXN0004707,PROD00163,2,337100.0
TI00014131,TXN0004707,PROD00143,1,115300.0
TI00014132,TXN0004707,PROD00164,2,103200.0
TI00014133,TXN0004708,PROD00125,3,716900.0
TI00014134,TXN0004708,PROD00021,2,423700.0
TI00014135,TXN0004708,PROD00008,3,86100.0
TI00014136,TXN0004708,PROD00059,4,3249400.0
TI00014137,TXN0004708,PROD00099,4,497200.0
TI00014138,TXN0004709,PROD00075,1,382900.0
TI00014139,TXN0004709,PROD00037,4,718700.0
TI00014140,TXN0004709,PROD00121,3,190400.0
TI00014141,TXN0004710,PROD00095,1,428500.0
TI00014142,TXN0004710,PROD00091,2,17600.0
TI00014143,TXN0004710,PROD00004,1,1254300.0
TI00014144,TXN0004710,PROD00144,4,2659900.0
TI00014145,TXN0004710,PROD00014,3,2104400.0
TI00014146,TXN0004711,PROD00081,3,41700.0
TI00014147,TXN0004711,PROD00109,2,3001900.0
TI00014148,TXN0004712,PROD00152,2,170900.0
TI00014149,TXN0004712,PROD00066,4,162000.0
TI00014150,TXN0004713,PROD00134,1,1383900.0
TI00014151,TXN0004713,PROD00041,3,792800.0
TI00014152,TXN0004713,PROD00067,4,1694500.0
TI00014153,TXN0004713,PROD00083,3,6771700.0
TI00014154,TXN0004713,PROD00015,4,327100.0
TI00014155,TXN0004714,PROD00108,4,570800.0
TI00014156,TXN0004714,PROD00002,3,1365600.0
TI00014157,TXN0004715,PROD00045,2,75500.0
TI00014158,TXN0004715,PROD00093,3,2689800.0
TI00014159,TXN0004716,PROD00024,2,595000.0
TI00014160,TXN0004716,PROD00116,2,561100.0
TI00014161,TXN0004716,PROD00108,1,570800.0
TI00014162,TXN0004717,PROD00126,3,219500.0
TI00014163,TXN0004718,PROD00115,1,1810600.0
TI00014164,TXN0004718,PROD00158,3,488300.0
TI00014165,TXN0004719,PROD00043,2,223400.0
TI00014166,TXN0004719,PROD00142,2,324600.0
TI00014167,TXN0004719,PROD00030,4,10909100.0
TI00014168,TXN0004719,PROD00115,1,1810600.0
TI00014169,TXN0004719,PROD00049,1,244600.0
TI00014170,TXN0004720,PROD00109,1,3001900.0
TI00014171,TXN0004720,PROD00167,2,79900.0
TI00014172,TXN0004720,PROD00170,1,806200.0
TI00014173,TXN0004720,PROD00091,4,17600.0
TI00014174,TXN0004720,PROD00112,3,3050100.0
TI00014175,TXN0004721,PROD00123,3,520300.0
TI00014176,TXN0004721,PROD00097,4,2301200.0
TI00014177,TXN0004721,PROD00067,2,1694500.0
TI00014178,TXN0004721,PROD00119,3,3450500.0
TI00014179,TXN0004722,PROD00091,1,17600.0
TI00014180,TXN0004722,PROD00015,3,327100.0
TI00014181,TXN0004722,PROD00175,2,99600.0
TI00014182,TXN0004723,PROD00120,2,283500.0
TI00014183,TXN0004723,PROD00004,4,1254300.0
TI00014184,TXN0004723,PROD00149,1,370000.0
TI00014185,TXN0004724,PROD00065,2,846500.0
TI00014186,TXN0004725,PROD00037,2,718700.0
TI00014187,TXN0004725,PROD00003,4,623300.0
TI00014188,TXN0004725,PROD00064,3,1537200.0
TI00014189,TXN0004726,PROD00145,1,626300.0
TI00014190,TXN0004727,PROD00053,1,197800.0
TI00014191,TXN0004727,PROD00155,4,277300.0
TI00014192,TXN0004727,PROD00011,4,810900.0
TI00014193,TXN0004727,PROD00087,2,86200.0
TI00014194,TXN0004727,PROD00050,1,134700.0
TI00014195,TXN0004728,PROD00059,3,3249400.0
TI00014196,TXN0004729,PROD00152,1,170900.0
TI00014197,TXN0004729,PROD00037,1,718700.0
TI00014198,TXN0004729,PROD00179,1,1206500.0
TI00014199,TXN0004729,PROD00177,3,228400.0
TI00014200,TXN0004730,PROD00009,3,183500.0
TI00014201,TXN0004730,PROD00155,3,277300.0
TI00014202,TXN0004730,PROD00091,3,17600.0
TI00014203,TXN0004730,PROD00125,3,716900.0
TI00014204,TXN0004731,PROD00152,4,170900.0
TI00014205,TXN0004731,PROD00030,4,10909100.0
TI00014206,TXN0004731,PROD00080,4,204100.0
TI00014207,TXN0004731,PROD00064,2,1537200.0
TI00014208,TXN0004732,PROD00030,3,10909100.0
TI00014209,TXN0004732,PROD00178,3,55100.0
TI00014210,TXN0004733,PROD00156,2,117900.0
TI00014211,TXN0004733,PROD00081,4,41700.0
TI00014212,TXN0004733,PROD00154,2,192800.0
TI00014213,TXN0004733,PROD00119,4,3450500.0
TI00014214,TXN0004734,PROD00059,2,3249400.0
TI00014215,TXN0004734,PROD00126,1,219500.0
TI00014216,TXN0004734,PROD00011,1,810900.0
TI00014217,TXN0004735,PROD00068,1,189500.0
TI00014218,TXN0004736,PROD00006,4,1710300.0
TI00014219,TXN0004736,PROD00115,2,1810600.0
TI00014220,TXN0004737,PROD00022,3,1337300.0
TI00014221,TXN0004737,PROD00165,1,242000.0
TI00014222,TXN0004737,PROD00163,1,337100.0
TI00014223,TXN0004737,PROD00111,4,5440300.0
TI00014224,TXN0004737,PROD00009,1,183500.0
TI00014225,TXN0004738,PROD00062,2,83600.0
TI00014226,TXN0004738,PROD00114,4,362300.0
TI00014227,TXN0004738,PROD00065,2,846500.0
TI00014228,TXN0004738,PROD00170,1,806200.0
TI00014229,TXN0004739,PROD00135,3,495100.0
TI00014230,TXN0004740,PROD00031,4,571800.0
TI00014231,TXN0004740,PROD00112,1,3050100.0
TI00014232,TXN0004740,PROD00144,1,2659900.0
TI00014233,TXN0004740,PROD00037,1,718700.0
TI00014234,TXN0004741,PROD00044,3,2984700.0
TI00014235,TXN0004741,PROD00007,4,456400.0
TI00014236,TXN0004741,PROD00114,4,362300.0
TI00014237,TXN0004741,PROD00053,2,197800.0
TI00014238,TXN0004742,PROD00072,3,470400.0
TI00014239,TXN0004743,PROD00116,1,561100.0
TI00014240,TXN0004743,PROD00050,4,134700.0
TI00014241,TXN0004743,PROD00017,3,61400.0
TI00014242,TXN0004744,PROD00060,1,218600.0
TI00014243,TXN0004744,PROD00122,3,2205900.0
TI00014244,TXN0004744,PROD00164,2,103200.0
TI00014245,TXN0004744,PROD00005,2,613400.0
TI00014246,TXN0004745,PROD00130,4,213000.0
TI00014247,TXN0004745,PROD00027,1,124600.0
TI00014248,TXN0004745,PROD00104,1,179700.0
TI00014249,TXN0004745,PROD00096,3,366200.0
TI00014250,TXN0004746,PROD00073,2,55700.0
TI00014251,TXN0004746,PROD00103,2,499800.0
TI00014252,TXN0004747,PROD00053,1,197800.0
TI00014253,TXN0004747,PROD00068,4,189500.0
TI00014254,TXN0004747,PROD00178,2,55100.0
TI00014255,TXN0004747,PROD00097,4,2301200.0
TI00014256,TXN0004748,PROD00050,2,134700.0
TI00014257,TXN0004748,PROD00177,4,228400.0
TI00014258,TXN0004748,PROD00024,2,595000.0
TI00014259,TXN0004748,PROD00133,2,521500.0
TI00014260,TXN0004748,PROD00022,2,1337300.0
TI00014261,TXN0004749,PROD00002,1,1365600.0
TI00014262,TXN0004749,PROD00167,2,79900.0
TI00014263,TXN0004749,PROD00059,3,3249400.0
TI00014264,TXN0004750,PROD00126,2,219500.0
TI00014265,TXN0004750,PROD00106,4,610900.0
TI00014266,TXN0004750,PROD00066,2,162000.0
TI00014267,TXN0004751,PROD00143,4,115300.0
TI00014268,TXN0004751,PROD00025,2,57900.0
TI00014269,TXN0004751,PROD00053,2,197800.0
TI00014270,TXN0004751,PROD00060,4,218600.0
TI00014271,TXN0004752,PROD00020,2,176500.0
TI00014272,TXN0004752,PROD00094,3,365200.0
TI00014273,TXN0004752,PROD00089,2,11224800.0
TI00014274,TXN0004752,PROD00054,1,1692000.0
TI00014275,TXN0004752,PROD00169,2,6358700.0
TI00014276,TXN0004753,PROD00125,2,716900.0
TI00014277,TXN0004753,PROD00017,2,61400.0
TI00014278,TXN0004753,PROD00105,3,76100.0
TI00014279,TXN0004753,PROD00014,1,2104400.0
TI00014280,TXN0004754,PROD00104,4,179700.0
TI00014281,TXN0004754,PROD00004,3,1254300.0
TI00014282,TXN0004754,PROD00040,1,3685900.0
TI00014283,TXN0004754,PROD00131,4,2828000.0
TI00014284,TXN0004755,PROD00001,3,179800.0
TI00014285,TXN0004756,PROD00023,2,225100.0
TI00014286,TXN0004756,PROD00107,2,75800.0
TI00014287,TXN0004756,PROD00124,4,11671600.0
TI00014288,TXN0004756,PROD00138,2,57200.0
TI00014289,TXN0004756,PROD00020,3,176500.0
TI00014290,TXN0004757,PROD00143,2,115300.0
TI00014291,TXN0004758,PROD00025,2,57900.0
TI00014292,TXN0004758,PROD00071,3,501200.0
TI00014293,TXN0004758,PROD00109,2,3001900.0
TI00014294,TXN0004758,PROD00147,4,229500.0
TI00014295,TXN0004758,PROD00090,2,838900.0
TI00014296,TXN0004759,PROD00162,4,532200.0
TI00014297,TXN0004759,PROD00077,1,37900.0
TI00014298,TXN0004760,PROD00173,4,67500.0
TI00014299,TXN0004760,PROD00041,4,792800.0
TI00014300,TXN0004760,PROD00060,1,218600.0
TI00014301,TXN0004760,PROD00014,1,2104400.0
TI00014302,TXN0004761,PROD00126,1,219500.0
TI00014303,TXN0004761,PROD00010,2,675900.0
TI00014304,TXN0004761,PROD00022,1,1337300.0
TI00014305,TXN0004761,PROD00071,3,501200.0
TI00014306,TXN0004762,PROD00052,4,58000.0
TI00014307,TXN0004762,PROD00108,3,570800.0
TI00014308,TXN0004762,PROD00033,3,10971800.0
TI00014309,TXN0004762,PROD00073,4,55700.0
TI00014310,TXN0004762,PROD00141,2,527900.0
TI00014311,TXN0004763,PROD00180,2,96700.0
TI00014312,TXN0004763,PROD00018,4,2056700.0
TI00014313,TXN0004763,PROD00123,4,520300.0
TI00014314,TXN0004763,PROD00057,4,2101600.0
TI00014315,TXN0004764,PROD00157,3,6815900.0
TI00014316,TXN0004764,PROD00167,1,79900.0
TI00014317,TXN0004765,PROD00146,4,647500.0
TI00014318,TXN0004765,PROD00150,3,874600.0
TI00014319,TXN0004765,PROD00013,1,1045000.0
TI00014320,TXN0004765,PROD00110,4,130700.0
TI00014321,TXN0004765,PROD00093,3,2689800.0
TI00014322,TXN0004766,PROD00173,4,67500.0
TI00014323,TXN0004766,PROD00064,3,1537200.0
TI00014324,TXN0004767,PROD00091,4,17600.0
TI00014325,TXN0004767,PROD00057,4,2101600.0
TI00014326,TXN0004767,PROD00088,4,220600.0
TI00014327,TXN0004768,PROD00036,2,11966500.0
TI00014328,TXN0004768,PROD00177,4,228400.0
TI00014329,TXN0004768,PROD00157,1,6815900.0
TI00014330,TXN0004768,PROD00071,2,501200.0
TI00014331,TXN0004768,PROD00087,4,86200.0
TI00014332,TXN0004769,PROD00145,1,626300.0
TI00014333,TXN0004769,PROD00043,3,223400.0
TI00014334,TXN0004769,PROD00049,2,244600.0
TI00014335,TXN0004769,PROD00159,3,3240200.0
TI00014336,TXN0004769,PROD00097,3,2301200.0
TI00014337,TXN0004770,PROD00164,4,103200.0
TI00014338,TXN0004770,PROD00016,2,167400.0
TI00014339,TXN0004770,PROD00040,3,3685900.0
TI00014340,TXN0004770,PROD00031,1,571800.0
TI00014341,TXN0004771,PROD00060,4,218600.0
TI00014342,TXN0004772,PROD00075,3,382900.0
TI00014343,TXN0004772,PROD00001,2,179800.0
TI00014344,TXN0004772,PROD00058,4,1306500.0
TI00014345,TXN0004772,PROD00131,3,2828000.0
TI00014346,TXN0004772,PROD00008,1,86100.0
TI00014347,TXN0004773,PROD00097,4,2301200.0
TI00014348,TXN0004773,PROD00082,1,435600.0
TI00014349,TXN0004773,PROD00031,4,571800.0
TI00014350,TXN0004773,PROD00004,1,1254300.0
TI00014351,TXN0004773,PROD00135,4,495100.0
TI00014352,TXN0004774,PROD00053,3,197800.0
TI00014353,TXN0004774,PROD00174,1,71600.0
TI00014354,TXN0004774,PROD00021,2,423700.0
TI00014355,TXN0004774,PROD00061,4,8063300.0
TI00014356,TXN0004774,PROD00033,3,10971800.0
TI00014357,TXN0004775,PROD00011,3,810900.0
TI00014358,TXN0004775,PROD00017,4,61400.0
TI00014359,TXN0004775,PROD00104,3,179700.0
TI00014360,TXN0004776,PROD00055,1,29300.0
TI00014361,TXN0004776,PROD00163,1,337100.0
TI00014362,TXN0004776,PROD00039,4,1936200.0
TI00014363,TXN0004776,PROD00143,1,115300.0
TI00014364,TXN0004777,PROD00087,3,86200.0
TI00014365,TXN0004778,PROD00161,4,231200.0
TI00014366,TXN0004778,PROD00073,1,55700.0
TI00014367,TXN0004778,PROD00030,1,10909100.0
TI00014368,TXN0004778,PROD00014,4,2104400.0
TI00014369,TXN0004778,PROD00147,4,229500.0
TI00014370,TXN0004779,PROD00050,4,134700.0
TI00014371,TXN0004779,PROD00021,4,423700.0
TI00014372,TXN0004779,PROD00113,1,4916800.0
TI00014373,TXN0004780,PROD00178,4,55100.0
TI00014374,TXN0004780,PROD00096,1,366200.0
TI00014375,TXN0004780,PROD00097,1,2301200.0
TI00014376,TXN0004781,PROD00085,3,262600.0
TI00014377,TXN0004781,PROD00118,4,97800.0
TI00014378,TXN0004781,PROD00086,1,8987800.0
TI00014379,TXN0004781,PROD00093,4,2689800.0
TI00014380,TXN0004782,PROD00107,3,75800.0
TI00014381,TXN0004782,PROD00006,2,1710300.0
TI00014382,TXN0004783,PROD00112,1,3050100.0
TI00014383,TXN0004783,PROD00151,4,116700.0
TI00014384,TXN0004783,PROD00103,3,499800.0
TI00014385,TXN0004783,PROD00097,1,2301200.0
TI00014386,TXN0004783,PROD00013,3,1045000.0
TI00014387,TXN0004784,PROD00079,4,31800.0
TI00014388,TXN0004784,PROD00135,3,495100.0
TI00014389,TXN0004785,PROD00100,2,546800.0
TI00014390,TXN0004785,PROD00031,4,571800.0
TI00014391,TXN0004786,PROD00054,3,1692000.0
TI00014392,TXN0004786,PROD00006,3,1710300.0
TI00014393,TXN0004786,PROD00154,2,192800.0
TI00014394,TXN0004786,PROD00166,1,120600.0
TI00014395,TXN0004786,PROD00177,2,228400.0
TI00014396,TXN0004787,PROD00085,1,262600.0
TI00014397,TXN0004787,PROD00113,1,4916800.0
TI00014398,TXN0004787,PROD00156,4,117900.0
TI00014399,TXN0004788,PROD00125,2,716900.0
TI00014400,TXN0004788,PROD00034,4,1485900.0
TI00014401,TXN0004788,PROD00064,3,1537200.0
TI00014402,TXN0004788,PROD00015,4,327100.0
TI00014403,TXN0004788,PROD00098,2,66400.0
TI00014404,TXN0004789,PROD00028,1,497400.0
TI00014405,TXN0004789,PROD00014,2,2104400.0
TI00014406,TXN0004789,PROD00073,4,55700.0
TI00014407,TXN0004790,PROD00098,2,66400.0
TI00014408,TXN0004790,PROD00125,2,716900.0
TI00014409,TXN0004790,PROD00156,2,117900.0
TI00014410,TXN0004790,PROD00093,3,2689800.0
TI00014411,TXN0004791,PROD00120,4,283500.0
TI00014412,TXN0004791,PROD00021,4,423700.0
TI00014413,TXN0004792,PROD00150,3,874600.0
TI00014414,TXN0004792,PROD00031,3,571800.0
TI00014415,TXN0004792,PROD00034,3,1485900.0
TI00014416,TXN0004792,PROD00008,1,86100.0
TI00014417,TXN0004793,PROD00053,2,197800.0
TI00014418,TXN0004793,PROD00144,4,2659900.0
TI00014419,TXN0004793,PROD00136,4,787800.0
TI00014420,TXN0004794,PROD00173,4,67500.0
TI00014421,TXN0004794,PROD00100,4,546800.0
TI00014422,TXN0004795,PROD00003,1,623300.0
TI00014423,TXN0004795,PROD00133,3,521500.0
TI00014424,TXN0004795,PROD00123,1,520300.0
TI00014425,TXN0004795,PROD00109,2,3001900.0
TI00014426,TXN0004795,PROD00060,3,218600.0
TI00014427,TXN0004796,PROD00176,3,168200.0
TI00014428,TXN0004797,PROD00072,4,470400.0
TI00014429,TXN0004797,PROD00048,2,88700.0
TI00014430,TXN0004797,PROD00118,3,97800.0
TI00014431,TXN0004797,PROD00014,3,2104400.0
TI00014432,TXN0004798,PROD00123,4,520300.0
TI00014433,TXN0004798,PROD00144,1,2659900.0
TI00014434,TXN0004799,PROD00065,2,846500.0
TI00014435,TXN0004799,PROD00118,4,97800.0
TI00014436,TXN0004799,PROD00167,3,79900.0
TI00014437,TXN0004800,PROD00158,2,488300.0
TI00014438,TXN0004801,PROD00062,4,83600.0
TI00014439,TXN0004802,PROD00081,1,41700.0
TI00014440,TXN0004802,PROD00106,1,610900.0
TI00014441,TXN0004803,PROD00123,3,520300.0
TI00014442,TXN0004803,PROD00118,1,97800.0
TI00014443,TXN0004803,PROD00001,1,179800.0
TI00014444,TXN0004803,PROD00121,2,190400.0
TI00014445,TXN0004804,PROD00056,4,246400.0
TI00014446,TXN0004804,PROD00154,4,192800.0
TI00014447,TXN0004804,PROD00161,4,231200.0
TI00014448,TXN0004804,PROD00045,3,75500.0
TI00014449,TXN0004804,PROD00083,4,6771700.0
TI00014450,TXN0004805,PROD00124,2,11671600.0
TI00014451,TXN0004805,PROD00018,4,2056700.0
TI00014452,TXN0004805,PROD00133,4,521500.0
TI00014453,TXN0004805,PROD00104,4,179700.0
TI00014454,TXN0004806,PROD00104,2,179700.0
TI00014455,TXN0004807,PROD00054,1,1692000.0
TI00014456,TXN0004807,PROD00137,2,59500.0
TI00014457,TXN0004807,PROD00031,2,571800.0
TI00014458,TXN0004807,PROD00062,4,83600.0
TI00014459,TXN0004808,PROD00065,4,846500.0
TI00014460,TXN0004808,PROD00104,4,179700.0
TI00014461,TXN0004808,PROD00102,1,171600.0
TI00014462,TXN0004808,PROD00094,3,365200.0
TI00014463,TXN0004808,PROD00071,2,501200.0
TI00014464,TXN0004809,PROD00167,1,79900.0
TI00014465,TXN0004809,PROD00087,4,86200.0
TI00014466,TXN0004809,PROD00074,4,99400.0
TI00014467,TXN0004809,PROD00027,2,124600.0
TI00014468,TXN0004809,PROD00034,1,1485900.0
TI00014469,TXN0004810,PROD00136,2,787800.0
TI00014470,TXN0004810,PROD00158,3,488300.0
TI00014471,TXN0004811,PROD00003,1,623300.0
TI00014472,TXN0004811,PROD00007,3,456400.0
TI00014473,TXN0004811,PROD00173,2,67500.0
TI00014474,TXN0004811,PROD00151,4,116700.0
TI00014475,TXN0004811,PROD00042,3,110400.0
TI00014476,TXN0004812,PROD00103,4,499800.0
TI00014477,TXN0004812,PROD00135,1,495100.0
TI00014478,TXN0004812,PROD00110,1,130700.0
TI00014479,TXN0004813,PROD00023,2,225100.0
TI00014480,TXN0004813,PROD00081,3,41700.0
TI00014481,TXN0004814,PROD00081,4,41700.0
TI00014482,TXN0004815,PROD00178,4,55100.0
TI00014483,TXN0004815,PROD00038,4,3280700.0
TI00014484,TXN0004815,PROD00119,1,3450500.0
TI00014485,TXN0004816,PROD00147,2,229500.0
TI00014486,TXN0004816,PROD00051,3,752100.0
TI00014487,TXN0004816,PROD00062,4,83600.0
TI00014488,TXN0004816,PROD00058,3,1306500.0
TI00014489,TXN0004817,PROD00142,3,324600.0
TI00014490,TXN0004818,PROD00022,3,1337300.0
TI00014491,TXN0004818,PROD00107,1,75800.0
TI00014492,TXN0004818,PROD00172,4,162600.0
TI00014493,TXN0004818,PROD00045,3,75500.0
TI00014494,TXN0004819,PROD00017,4,61400.0
TI00014495,TXN0004819,PROD00163,2,337100.0
TI00014496,TXN0004819,PROD00167,2,79900.0
TI00014497,TXN0004820,PROD00055,4,29300.0
TI00014498,TXN0004820,PROD00066,3,162000.0
TI00014499,TXN0004821,PROD00017,2,61400.0
TI00014500,TXN0004821,PROD00033,3,10971800.0
TI00014501,TXN0004821,PROD00169,4,6358700.0
TI00014502,TXN0004821,PROD00016,4,167400.0
TI00014503,TXN0004822,PROD00078,1,473100.0
TI00014504,TXN0004822,PROD00173,2,67500.0
TI00014505,TXN0004822,PROD00014,1,2104400.0
TI00014506,TXN0004823,PROD00055,3,29300.0
TI00014507,TXN0004823,PROD00087,2,86200.0
TI00014508,TXN0004823,PROD00164,3,103200.0
TI00014509,TXN0004824,PROD00172,1,162600.0
TI00014510,TXN0004824,PROD00109,2,3001900.0
TI00014511,TXN0004824,PROD00166,3,120600.0
TI00014512,TXN0004824,PROD00001,4,179800.0
TI00014513,TXN0004824,PROD00128,3,202200.0
TI00014514,TXN0004825,PROD00012,3,744700.0
TI00014515,TXN0004825,PROD00119,1,3450500.0
TI00014516,TXN0004825,PROD00173,3,67500.0
TI00014517,TXN0004826,PROD00172,4,162600.0
TI00014518,TXN0004826,PROD00081,3,41700.0
TI00014519,TXN0004826,PROD00069,1,145200.0
TI00014520,TXN0004827,PROD00158,4,488300.0
TI00014521,TXN0004827,PROD00006,1,1710300.0
TI00014522,TXN0004827,PROD00170,1,806200.0
TI00014523,TXN0004827,PROD00161,3,231200.0
TI00014524,TXN0004828,PROD00040,2,3685900.0
TI00014525,TXN0004828,PROD00085,1,262600.0
TI00014526,TXN0004828,PROD00062,3,83600.0
TI00014527,TXN0004828,PROD00001,3,179800.0
TI00014528,TXN0004829,PROD00141,3,527900.0
TI00014529,TXN0004829,PROD00005,3,613400.0
TI00014530,TXN0004830,PROD00054,3,1692000.0
TI00014531,TXN0004830,PROD00028,1,497400.0
TI00014532,TXN0004831,PROD00063,2,631600.0
TI00014533,TXN0004831,PROD00004,1,1254300.0
TI00014534,TXN0004831,PROD00088,1,220600.0
TI00014535,TXN0004831,PROD00176,2,168200.0
TI00014536,TXN0004832,PROD00160,4,297400.0
TI00014537,TXN0004832,PROD00041,2,792800.0
TI00014538,TXN0004833,PROD00098,3,66400.0
TI00014539,TXN0004833,PROD00038,4,3280700.0
TI00014540,TXN0004833,PROD00130,3,213000.0
TI00014541,TXN0004834,PROD00114,2,362300.0
TI00014542,TXN0004834,PROD00140,2,10502400.0
TI00014543,TXN0004834,PROD00178,2,55100.0
TI00014544,TXN0004835,PROD00054,3,1692000.0
TI00014545,TXN0004835,PROD00019,1,353800.0
TI00014546,TXN0004835,PROD00008,3,86100.0
TI00014547,TXN0004836,PROD00136,3,787800.0
TI00014548,TXN0004836,PROD00048,4,88700.0
TI00014549,TXN0004836,PROD00004,2,1254300.0
TI00014550,TXN0004836,PROD00174,2,71600.0
TI00014551,TXN0004837,PROD00004,1,1254300.0
TI00014552,TXN0004837,PROD00175,4,99600.0
TI00014553,TXN0004838,PROD00163,3,337100.0
TI00014554,TXN0004838,PROD00178,3,55100.0
TI00014555,TXN0004838,PROD00005,4,613400.0
TI00014556,TXN0004838,PROD00116,2,561100.0
TI00014557,TXN0004839,PROD00001,1,179800.0
TI00014558,TXN0004839,PROD00054,4,1692000.0
TI00014559,TXN0004839,PROD00041,3,792800.0
TI00014560,TXN0004839,PROD00115,4,1810600.0
TI00014561,TXN0004840,PROD00009,2,183500.0
TI00014562,TXN0004840,PROD00171,1,9207400.0
TI00014563,TXN0004840,PROD00034,3,1485900.0
TI00014564,TXN0004840,PROD00125,4,716900.0
TI00014565,TXN0004840,PROD00088,1,220600.0
TI00014566,TXN0004841,PROD00006,3,1710300.0
TI00014567,TXN0004841,PROD00162,4,532200.0
TI00014568,TXN0004841,PROD00103,4,499800.0
TI00014569,TXN0004841,PROD00067,2,1694500.0
TI00014570,TXN0004841,PROD00137,2,59500.0
TI00014571,TXN0004842,PROD00162,1,532200.0
TI00014572,TXN0004842,PROD00066,4,162000.0
TI00014573,TXN0004842,PROD00069,2,145200.0
TI00014574,TXN0004843,PROD00021,1,423700.0
TI00014575,TXN0004843,PROD00139,1,621000.0
TI00014576,TXN0004843,PROD00168,1,54200.0
TI00014577,TXN0004843,PROD00160,2,297400.0
TI00014578,TXN0004844,PROD00157,1,6815900.0
TI00014579,TXN0004844,PROD00175,4,99600.0
TI00014580,TXN0004845,PROD00022,4,1337300.0
TI00014581,TXN0004845,PROD00164,3,103200.0
TI00014582,TXN0004845,PROD00101,4,11745100.0
TI00014583,TXN0004845,PROD00107,1,75800.0
TI00014584,TXN0004846,PROD00057,4,2101600.0
TI00014585,TXN0004846,PROD00089,3,11224800.0
TI00014586,TXN0004846,PROD00047,2,165600.0
TI00014587,TXN0004846,PROD00114,1,362300.0
TI00014588,TXN0004846,PROD00088,2,220600.0
TI00014589,TXN0004847,PROD00099,1,497200.0
TI00014590,TXN0004848,PROD00024,2,595000.0
TI00014591,TXN0004848,PROD00085,1,262600.0
TI00014592,TXN0004849,PROD00018,3,2056700.0
TI00014593,TXN0004849,PROD00099,2,497200.0
TI00014594,TXN0004849,PROD00097,1,2301200.0
TI00014595,TXN0004850,PROD00076,2,609300.0
TI00014596,TXN0004851,PROD00126,3,219500.0
TI00014597,TXN0004851,PROD00036,4,11966500.0
TI00014598,TXN0004851,PROD00055,3,29300.0
TI00014599,TXN0004851,PROD00034,3,1485900.0
TI00014600,TXN0004852,PROD00101,1,11745100.0
TI00014601,TXN0004853,PROD00126,2,219500.0
TI00014602,TXN0004853,PROD00117,1,188000.0
TI00014603,TXN0004854,PROD00042,3,110400.0
TI00014604,TXN0004854,PROD00156,4,117900.0
TI00014605,TXN0004854,PROD00007,1,456400.0
TI00014606,TXN0004854,PROD00129,1,67800.0
TI00014607,TXN0004855,PROD00089,4,11224800.0
TI00014608,TXN0004856,PROD00117,1,188000.0
TI00014609,TXN0004856,PROD00094,2,365200.0
TI00014610,TXN0004856,PROD00116,2,561100.0
TI00014611,TXN0004857,PROD00082,4,435600.0
TI00014612,TXN0004857,PROD00163,1,337100.0
TI00014613,TXN0004857,PROD00151,1,116700.0
TI00014614,TXN0004857,PROD00072,2,470400.0
TI00014615,TXN0004858,PROD00139,2,621000.0
TI00014616,TXN0004858,PROD00103,2,499800.0
TI00014617,TXN0004858,PROD00081,1,41700.0
TI00014618,TXN0004859,PROD00081,3,41700.0
TI00014619,TXN0004859,PROD00055,2,29300.0
TI00014620,TXN0004859,PROD00050,1,134700.0
TI00014621,TXN0004860,PROD00045,1,75500.0
TI00014622,TXN0004860,PROD00007,2,456400.0
TI00014623,TXN0004860,PROD00119,4,3450500.0
TI00014624,TXN0004860,PROD00009,4,183500.0
TI00014625,TXN0004860,PROD00001,3,179800.0
TI00014626,TXN0004861,PROD00089,3,11224800.0
TI00014627,TXN0004861,PROD00052,1,58000.0
TI00014628,TXN0004861,PROD00158,4,488300.0
TI00014629,TXN0004861,PROD00112,2,3050100.0
TI00014630,TXN0004862,PROD00021,2,423700.0
TI00014631,TXN0004862,PROD00027,2,124600.0
TI00014632,TXN0004862,PROD00121,1,190400.0
TI00014633,TXN0004863,PROD00122,2,2205900.0
TI00014634,TXN0004864,PROD00140,1,10502400.0
TI00014635,TXN0004865,PROD00138,4,57200.0
TI00014636,TXN0004866,PROD00095,1,428500.0
TI00014637,TXN0004866,PROD00129,3,67800.0
TI00014638,TXN0004867,PROD00016,3,167400.0
TI00014639,TXN0004867,PROD00102,4,171600.0
TI00014640,TXN0004868,PROD00026,2,1447900.0
TI00014641,TXN0004869,PROD00001,1,179800.0
TI00014642,TXN0004870,PROD00060,3,218600.0
TI00014643,TXN0004870,PROD00095,2,428500.0
TI00014644,TXN0004870,PROD00033,4,10971800.0
TI00014645,TXN0004870,PROD00022,4,1337300.0
TI00014646,TXN0004871,PROD00116,1,561100.0
TI00014647,TXN0004872,PROD00135,4,495100.0
TI00014648,TXN0004872,PROD00166,3,120600.0
TI00014649,TXN0004872,PROD00111,1,5440300.0
TI00014650,TXN0004872,PROD00071,3,501200.0
TI00014651,TXN0004873,PROD00156,3,117900.0
TI00014652,TXN0004873,PROD00080,2,204100.0
TI00014653,TXN0004873,PROD00110,4,130700.0
TI00014654,TXN0004874,PROD00118,4,97800.0
TI00014655,TXN0004874,PROD00114,4,362300.0
TI00014656,TXN0004874,PROD00098,2,66400.0
TI00014657,TXN0004875,PROD00100,4,546800.0
TI00014658,TXN0004876,PROD00172,2,162600.0
TI00014659,TXN0004876,PROD00167,4,79900.0
TI00014660,TXN0004877,PROD00174,3,71600.0
TI00014661,TXN0004877,PROD00005,1,613400.0
TI00014662,TXN0004877,PROD00158,4,488300.0
TI00014663,TXN0004878,PROD00159,4,3240200.0
TI00014664,TXN0004879,PROD00015,3,327100.0
TI00014665,TXN0004879,PROD00167,4,79900.0
TI00014666,TXN0004880,PROD00108,3,570800.0
TI00014667,TXN0004880,PROD00020,2,176500.0
TI00014668,TXN0004880,PROD00180,2,96700.0
TI00014669,TXN0004880,PROD00024,3,595000.0
TI00014670,TXN0004880,PROD00093,1,2689800.0
TI00014671,TXN0004881,PROD00175,1,99600.0
TI00014672,TXN0004881,PROD00005,3,613400.0
TI00014673,TXN0004881,PROD00112,4,3050100.0
TI00014674,TXN0004881,PROD00048,4,88700.0
TI00014675,TXN0004881,PROD00141,1,527900.0
TI00014676,TXN0004882,PROD00137,2,59500.0
TI00014677,TXN0004882,PROD00015,3,327100.0
TI00014678,TXN0004882,PROD00090,2,838900.0
TI00014679,TXN0004882,PROD00022,3,1337300.0
TI00014680,TXN0004882,PROD00164,2,103200.0
TI00014681,TXN0004883,PROD00112,4,3050100.0
TI00014682,TXN0004883,PROD00136,4,787800.0
TI00014683,TXN0004883,PROD00016,2,167400.0
TI00014684,TXN0004884,PROD00025,4,57900.0
TI00014685,TXN0004884,PROD00109,2,3001900.0
TI00014686,TXN0004884,PROD00119,1,3450500.0
TI00014687,TXN0004885,PROD00062,4,83600.0
TI00014688,TXN0004885,PROD00006,3,1710300.0
TI00014689,TXN0004885,PROD00159,4,3240200.0
TI00014690,TXN0004886,PROD00164,2,103200.0
TI00014691,TXN0004886,PROD00052,3,58000.0
TI00014692,TXN0004886,PROD00036,4,11966500.0
TI00014693,TXN0004886,PROD00101,1,11745100.0
TI00014694,TXN0004886,PROD00136,2,787800.0
TI00014695,TXN0004887,PROD00173,1,67500.0
TI00014696,TXN0004887,PROD00044,3,2984700.0
TI00014697,TXN0004887,PROD00144,3,2659900.0
TI00014698,TXN0004887,PROD00151,3,116700.0
TI00014699,TXN0004888,PROD00036,2,11966500.0
TI00014700,TXN0004888,PROD00113,1,4916800.0
TI00014701,TXN0004888,PROD00123,2,520300.0
TI00014702,TXN0004888,PROD00053,3,197800.0
TI00014703,TXN0004889,PROD00120,1,283500.0
TI00014704,TXN0004889,PROD00101,3,11745100.0
TI00014705,TXN0004889,PROD00104,1,179700.0
TI00014706,TXN0004889,PROD00058,4,1306500.0
TI00014707,TXN0004889,PROD00069,3,145200.0
TI00014708,TXN0004890,PROD00034,4,1485900.0
TI00014709,TXN0004890,PROD00078,4,473100.0
TI00014710,TXN0004891,PROD00030,2,10909100.0
TI00014711,TXN0004891,PROD00106,1,610900.0
TI00014712,TXN0004891,PROD00152,4,170900.0
TI00014713,TXN0004892,PROD00177,3,228400.0
TI00014714,TXN0004892,PROD00169,3,6358700.0
TI00014715,TXN0004892,PROD00037,3,718700.0
TI00014716,TXN0004893,PROD00002,3,1365600.0
TI00014717,TXN0004893,PROD00161,4,231200.0
TI00014718,TXN0004893,PROD00006,3,1710300.0
TI00014719,TXN0004894,PROD00107,4,75800.0
TI00014720,TXN0004894,PROD00108,3,570800.0
TI00014721,TXN0004894,PROD00080,1,204100.0
TI00014722,TXN0004894,PROD00137,2,59500.0
TI00014723,TXN0004895,PROD00117,1,188000.0
TI00014724,TXN0004895,PROD00112,4,3050100.0
TI00014725,TXN0004896,PROD00090,3,838900.0
TI00014726,TXN0004896,PROD00156,2,117900.0
TI00014727,TXN0004897,PROD00033,1,10971800.0
TI00014728,TXN0004897,PROD00074,4,99400.0
TI00014729,TXN0004897,PROD00139,1,621000.0
TI00014730,TXN0004898,PROD00064,4,1537200.0
TI00014731,TXN0004898,PROD00080,4,204100.0
TI00014732,TXN0004898,PROD00028,3,497400.0
TI00014733,TXN0004899,PROD00068,1,189500.0
TI00014734,TXN0004900,PROD00075,4,382900.0
TI00014735,TXN0004901,PROD00162,2,532200.0
TI00014736,TXN0004902,PROD00081,3,41700.0
TI00014737,TXN0004902,PROD00134,3,1383900.0
TI00014738,TXN0004903,PROD00035,4,3271400.0
TI00014739,TXN0004904,PROD00114,1,362300.0
TI00014740,TXN0004904,PROD00126,3,219500.0
TI00014741,TXN0004905,PROD00050,1,134700.0
TI00014742,TXN0004905,PROD00155,4,277300.0
TI00014743,TXN0004905,PROD00002,3,1365600.0
TI00014744,TXN0004906,PROD00065,2,846500.0
TI00014745,TXN0004906,PROD00004,1,1254300.0
TI00014746,TXN0004906,PROD00135,2,495100.0
TI00014747,TXN0004906,PROD00001,2,179800.0
TI00014748,TXN0004906,PROD00169,1,6358700.0
TI00014749,TXN0004907,PROD00155,4,277300.0
TI00014750,TXN0004908,PROD00009,2,183500.0
TI00014751,TXN0004908,PROD00040,4,3685900.0
TI00014752,TXN0004908,PROD00178,4,55100.0
TI00014753,TXN0004909,PROD00107,3,75800.0
TI00014754,TXN0004909,PROD00164,4,103200.0
TI00014755,TXN0004910,PROD00061,4,8063300.0
TI00014756,TXN0004910,PROD00141,3,527900.0
TI00014757,TXN0004911,PROD00142,1,324600.0
TI00014758,TXN0004912,PROD00007,1,456400.0
TI00014759,TXN0004912,PROD00172,1,162600.0
TI00014760,TXN0004912,PROD00031,2,571800.0
TI00014761,TXN0004912,PROD00135,1,495100.0
TI00014762,TXN0004912,PROD00142,1,324600.0
TI00014763,TXN0004913,PROD00138,4,57200.0
TI00014764,TXN0004913,PROD00040,2,3685900.0
TI00014765,TXN0004913,PROD00140,2,10502400.0
TI00014766,TXN0004913,PROD00102,1,171600.0
TI00014767,TXN0004914,PROD00019,4,353800.0
TI00014768,TXN0004914,PROD00016,2,167400.0
TI00014769,TXN0004914,PROD00139,2,621000.0
TI00014770,TXN0004914,PROD00017,2,61400.0
TI00014771,TXN0004915,PROD00043,1,223400.0
TI00014772,TXN0004915,PROD00029,3,747300.0
TI00014773,TXN0004915,PROD00094,1,365200.0
TI00014774,TXN0004915,PROD00069,1,145200.0
TI00014775,TXN0004916,PROD00117,2,188000.0
TI00014776,TXN0004916,PROD00035,3,3271400.0
TI00014777,TXN0004917,PROD00105,3,76100.0
TI00014778,TXN0004917,PROD00056,2,246400.0
TI00014779,TXN0004917,PROD00086,4,8987800.0
TI00014780,TXN0004917,PROD00138,2,57200.0
TI00014781,TXN0004917,PROD00061,4,8063300.0
TI00014782,TXN0004918,PROD00090,1,838900.0
TI00014783,TXN0004918,PROD00156,2,117900.0
TI00014784,TXN0004918,PROD00023,2,225100.0
TI00014785,TXN0004919,PROD00135,4,495100.0
TI00014786,TXN0004919,PROD00130,2,213000.0
TI00014787,TXN0004919,PROD00090,2,838900.0
TI00014788,TXN0004920,PROD00166,1,120600.0
TI00014789,TXN0004920,PROD00133,4,521500.0
TI00014790,TXN0004921,PROD00083,3,6771700.0
TI00014791,TXN0004921,PROD00143,2,115300.0
TI00014792,TXN0004921,PROD00125,1,716900.0
TI00014793,TXN0004922,PROD00023,1,225100.0
TI00014794,TXN0004922,PROD00070,3,191800.0
TI00014795,TXN0004922,PROD00150,1,874600.0
TI00014796,TXN0004922,PROD00154,4,192800.0
TI00014797,TXN0004923,PROD00161,1,231200.0
TI00014798,TXN0004923,PROD00169,2,6358700.0
TI00014799,TXN0004923,PROD00041,4,792800.0
TI00014800,TXN0004924,PROD00085,1,262600.0
TI00014801,TXN0004924,PROD00068,1,189500.0
TI00014802,TXN0004924,PROD00139,1,621000.0
TI00014803,TXN0004925,PROD00132,3,6814300.0
TI00014804,TXN0004925,PROD00072,3,470400.0
TI00014805,TXN0004926,PROD00151,1,116700.0
TI00014806,TXN0004926,PROD00066,2,162000.0
TI00014807,TXN0004926,PROD00011,4,810900.0
TI00014808,TXN0004927,PROD00006,1,1710300.0
TI00014809,TXN0004927,PROD00127,3,172600.0
TI00014810,TXN0004927,PROD00169,4,6358700.0
TI00014811,TXN0004927,PROD00048,1,88700.0
TI00014812,TXN0004927,PROD00015,1,327100.0
TI00014813,TXN0004928,PROD00054,3,1692000.0
TI00014814,TXN0004928,PROD00169,4,6358700.0
TI00014815,TXN0004928,PROD00171,3,9207400.0
TI00014816,TXN0004929,PROD00033,4,10971800.0
TI00014817,TXN0004929,PROD00085,1,262600.0
TI00014818,TXN0004929,PROD00089,3,11224800.0
TI00014819,TXN0004929,PROD00179,4,1206500.0
TI00014820,TXN0004929,PROD00096,1,366200.0
TI00014821,TXN0004930,PROD00178,1,55100.0
TI00014822,TXN0004930,PROD00168,2,54200.0
TI00014823,TXN0004930,PROD00144,2,2659900.0
TI00014824,TXN0004931,PROD00159,3,3240200.0
TI00014825,TXN0004931,PROD00166,4,120600.0
TI00014826,TXN0004931,PROD00175,1,99600.0
TI00014827,TXN0004932,PROD00101,4,11745100.0
TI00014828,TXN0004933,PROD00013,4,1045000.0
TI00014829,TXN0004933,PROD00160,2,297400.0
TI00014830,TXN0004933,PROD00093,3,2689800.0
TI00014831,TXN0004933,PROD00122,4,2205900.0
TI00014832,TXN0004934,PROD00014,2,2104400.0
TI00014833,TXN0004934,PROD00176,3,168200.0
TI00014834,TXN0004935,PROD00155,1,277300.0
TI00014835,TXN0004935,PROD00008,1,86100.0
TI00014836,TXN0004935,PROD00159,4,3240200.0
TI00014837,TXN0004935,PROD00025,2,57900.0
TI00014838,TXN0004935,PROD00173,3,67500.0
TI00014839,TXN0004936,PROD00130,1,213000.0
TI00014840,TXN0004937,PROD00041,1,792800.0
TI00014841,TXN0004937,PROD00050,3,134700.0
TI00014842,TXN0004938,PROD00117,4,188000.0
TI00014843,TXN0004938,PROD00064,2,1537200.0
TI00014844,TXN0004938,PROD00055,4,29300.0
TI00014845,TXN0004939,PROD00093,3,2689800.0
TI00014846,TXN0004939,PROD00092,4,198900.0
TI00014847,TXN0004939,PROD00089,3,11224800.0
TI00014848,TXN0004939,PROD00036,4,11966500.0
TI00014849,TXN0004940,PROD00099,2,497200.0
TI00014850,TXN0004940,PROD00069,4,145200.0
TI00014851,TXN0004940,PROD00129,3,67800.0
TI00014852,TXN0004940,PROD00123,4,520300.0
TI00014853,TXN0004941,PROD00088,3,220600.0
TI00014854,TXN0004941,PROD00091,4,17600.0
TI00014855,TXN0004942,PROD00074,3,99400.0
TI00014856,TXN0004942,PROD00114,2,362300.0
TI00014857,TXN0004943,PROD00117,1,188000.0
TI00014858,TXN0004943,PROD00002,3,1365600.0
TI00014859,TXN0004943,PROD00074,3,99400.0
TI00014860,TXN0004944,PROD00055,4,29300.0
TI00014861,TXN0004944,PROD00051,3,752100.0
TI00014862,TXN0004944,PROD00124,1,11671600.0
TI00014863,TXN0004944,PROD00011,1,810900.0
TI00014864,TXN0004945,PROD00137,4,59500.0
TI00014865,TXN0004945,PROD00166,3,120600.0
TI00014866,TXN0004946,PROD00072,1,470400.0
TI00014867,TXN0004946,PROD00042,2,110400.0
TI00014868,TXN0004946,PROD00046,2,314500.0
TI00014869,TXN0004946,PROD00148,2,272900.0
TI00014870,TXN0004946,PROD00135,3,495100.0
TI00014871,TXN0004947,PROD00118,1,97800.0
TI00014872,TXN0004947,PROD00119,1,3450500.0
TI00014873,TXN0004947,PROD00023,4,225100.0
TI00014874,TXN0004947,PROD00021,4,423700.0
TI00014875,TXN0004947,PROD00134,4,1383900.0
TI00014876,TXN0004948,PROD00140,3,10502400.0
TI00014877,TXN0004948,PROD00160,2,297400.0
TI00014878,TXN0004948,PROD00001,4,179800.0
TI00014879,TXN0004949,PROD00147,2,229500.0
TI00014880,TXN0004949,PROD00070,3,191800.0
TI00014881,TXN0004949,PROD00121,4,190400.0
TI00014882,TXN0004949,PROD00065,4,846500.0
TI00014883,TXN0004950,PROD00055,1,29300.0
TI00014884,TXN0004950,PROD00130,4,213000.0
TI00014885,TXN0004950,PROD00107,4,75800.0
TI00014886,TXN0004950,PROD00021,4,423700.0
TI00014887,TXN0004950,PROD00101,3,11745100.0
TI00014888,TXN0004951,PROD00139,3,621000.0
TI00014889,TXN0004952,PROD00107,4,75800.0
TI00014890,TXN0004952,PROD00163,1,337100.0
TI00014891,TXN0004952,PROD00082,1,435600.0
TI00014892,TXN0004952,PROD00042,3,110400.0
TI00014893,TXN0004952,PROD00018,2,2056700.0
TI00014894,TXN0004953,PROD00095,3,428500.0
TI00014895,TXN0004954,PROD00036,3,11966500.0
TI00014896,TXN0004955,PROD00109,1,3001900.0
TI00014897,TXN0004955,PROD00147,2,229500.0
TI00014898,TXN0004955,PROD00083,4,6771700.0
TI00014899,TXN0004955,PROD00096,1,366200.0
TI00014900,TXN0004956,PROD00133,1,521500.0
TI00014901,TXN0004956,PROD00062,2,83600.0
TI00014902,TXN0004956,PROD00116,3,561100.0
TI00014903,TXN0004956,PROD00054,3,1692000.0
TI00014904,TXN0004957,PROD00045,1,75500.0
TI00014905,TXN0004957,PROD00052,2,58000.0
TI00014906,TXN0004957,PROD00046,3,314500.0
TI00014907,TXN0004957,PROD00095,3,428500.0
TI00014908,TXN0004957,PROD00178,3,55100.0
TI00014909,TXN0004958,PROD00046,2,314500.0
TI00014910,TXN0004958,PROD00180,3,96700.0
TI00014911,TXN0004958,PROD00120,1,283500.0
TI00014912,TXN0004958,PROD00070,3,191800.0
TI00014913,TXN0004959,PROD00035,1,3271400.0
TI00014914,TXN0004959,PROD00127,2,172600.0
TI00014915,TXN0004960,PROD00066,1,162000.0
TI00014916,TXN0004960,PROD00163,1,337100.0
TI00014917,TXN0004960,PROD00009,4,183500.0
TI00014918,TXN0004960,PROD00034,1,1485900.0
TI00014919,TXN0004961,PROD00076,2,609300.0
TI00014920,TXN0004961,PROD00071,2,501200.0
TI00014921,TXN0004962,PROD00054,3,1692000.0
TI00014922,TXN0004962,PROD00063,1,631600.0
TI00014923,TXN0004962,PROD00094,4,365200.0
TI00014924,TXN0004962,PROD00102,2,171600.0
TI00014925,TXN0004963,PROD00044,3,2984700.0
TI00014926,TXN0004964,PROD00023,2,225100.0
TI00014927,TXN0004964,PROD00069,3,145200.0
TI00014928,TXN0004964,PROD00174,1,71600.0
TI00014929,TXN0004965,PROD00172,3,162600.0
TI00014930,TXN0004965,PROD00098,1,66400.0
TI00014931,TXN0004966,PROD00138,4,57200.0
TI00014932,TXN0004966,PROD00094,1,365200.0
TI00014933,TXN0004966,PROD00044,2,2984700.0
TI00014934,TXN0004967,PROD00168,2,54200.0
TI00014935,TXN0004967,PROD00121,3,190400.0
TI00014936,TXN0004967,PROD00040,1,3685900.0
TI00014937,TXN0004968,PROD00104,1,179700.0
TI00014938,TXN0004969,PROD00069,3,145200.0
TI00014939,TXN0004970,PROD00163,3,337100.0
TI00014940,TXN0004970,PROD00043,1,223400.0
TI00014941,TXN0004970,PROD00051,4,752100.0
TI00014942,TXN0004971,PROD00108,2,570800.0
TI00014943,TXN0004971,PROD00144,2,2659900.0
TI00014944,TXN0004971,PROD00171,3,9207400.0
TI00014945,TXN0004972,PROD00062,1,83600.0
TI00014946,TXN0004972,PROD00131,2,2828000.0
TI00014947,TXN0004972,PROD00095,3,428500.0
TI00014948,TXN0004972,PROD00152,2,170900.0
TI00014949,TXN0004973,PROD00136,1,787800.0
TI00014950,TXN0004973,PROD00100,1,546800.0
TI00014951,TXN0004973,PROD00149,3,370000.0
TI00014952,TXN0004974,PROD00052,1,58000.0
TI00014953,TXN0004974,PROD00135,4,495100.0
TI00014954,TXN0004975,PROD00001,1,179800.0
TI00014955,TXN0004975,PROD00148,3,272900.0
TI00014956,TXN0004975,PROD00173,3,67500.0
TI00014957,TXN0004975,PROD00074,4,99400.0
TI00014958,TXN0004976,PROD00117,3,188000.0
TI00014959,TXN0004977,PROD00174,1,71600.0
TI00014960,TXN0004977,PROD00101,4,11745100.0
TI00014961,TXN0004977,PROD00089,3,11224800.0
TI00014962,TXN0004977,PROD00083,4,6771700.0
TI00014963,TXN0004978,PROD00052,3,58000.0
TI00014964,TXN0004978,PROD00044,2,2984700.0
TI00014965,TXN0004979,PROD00062,1,83600.0
TI00014966,TXN0004979,PROD00177,1,228400.0
TI00014967,TXN0004979,PROD00017,4,61400.0
TI00014968,TXN0004979,PROD00147,4,229500.0
TI00014969,TXN0004980,PROD00062,1,83600.0
TI00014970,TXN0004980,PROD00088,3,220600.0
TI00014971,TXN0004980,PROD00152,2,170900.0
TI00014972,TXN0004980,PROD00021,1,423700.0
TI00014973,TXN0004981,PROD00028,2,497400.0
TI00014974,TXN0004981,PROD00035,4,3271400.0
TI00014975,TXN0004981,PROD00037,1,718700.0
TI00014976,TXN0004981,PROD00056,3,246400.0
TI00014977,TXN0004982,PROD00085,2,262600.0
TI00014978,TXN0004982,PROD00077,3,37900.0
TI00014979,TXN0004982,PROD00035,2,3271400.0
TI00014980,TXN0004983,PROD00177,1,228400.0
TI00014981,TXN0004983,PROD00034,1,1485900.0
TI00014982,TXN0004984,PROD00155,2,277300.0
TI00014983,TXN0004984,PROD00044,3,2984700.0
TI00014984,TXN0004984,PROD00140,2,10502400.0
TI00014985,TXN0004984,PROD00169,3,6358700.0
TI00014986,TXN0004984,PROD00173,1,67500.0
TI00014987,TXN0004985,PROD00060,3,218600.0
TI00014988,TXN0004986,PROD00155,4,277300.0
TI00014989,TXN0004986,PROD00083,1,6771700.0
TI00014990,TXN0004987,PROD00151,3,116700.0
TI00014991,TXN0004987,PROD00072,4,470400.0
TI00014992,TXN0004988,PROD00138,4,57200.0
TI00014993,TXN0004989,PROD00018,2,2056700.0
TI00014994,TXN0004989,PROD00071,1,501200.0
TI00014995,TXN0004989,PROD00001,4,179800.0
TI00014996,TXN0004989,PROD00142,1,324600.0
TI00014997,TXN0004990,PROD00061,1,8063300.0
TI00014998,TXN0004990,PROD00097,2,2301200.0
TI00014999,TXN0004991,PROD00109,4,3001900.0
TI00015000,TXN0004991,PROD00121,1,190400.0
TI00015001,TXN0004991,PROD00042,4,110400.0
TI00015002,TXN0004992,PROD00151,3,116700.0
TI00015003,TXN0004992,PROD00038,3,3280700.0
TI00015004,TXN0004993,PROD00117,3,188000.0
TI00015005,TXN0004993,PROD00051,2,752100.0
TI00015006,TXN0004993,PROD00140,2,10502400.0
TI00015007,TXN0004993,PROD00047,1,165600.0
TI00015008,TXN0004994,PROD00042,2,110400.0
TI00015009,TXN0004994,PROD00136,2,787800.0
TI00015010,TXN0004995,PROD00084,1,1607800.0
TI00015011,TXN0004995,PROD00046,4,314500.0
TI00015012,TXN0004995,PROD00042,2,110400.0
TI00015013,TXN0004995,PROD00056,4,246400.0
TI00015014,TXN0004995,PROD00087,1,86200.0
TI00015015,TXN0004996,PROD00176,1,168200.0
TI00015016,TXN0004997,PROD00044,3,2984700.0
TI00015017,TXN0004998,PROD00065,4,846500.0
TI00015018,TXN0004998,PROD00095,4,428500.0
TI00015019,TXN0004999,PROD00057,3,2101600.0
TI00015020,TXN0004999,PROD00148,1,272900.0
TI00015021,TXN0004999,PROD00059,3,3249400.0
TI00015022,TXN0004999,PROD00179,4,1206500.0
TI00015023,TXN0004999,PROD00165,2,242000.0
TI00015024,TXN0005000,PROD00072,3,470400.0
TI00015025,TXN0005000,PROD00029,2,747300.0
TI00015026,TXN0005000,PROD00091,2,17600.0
TI00015027,TXN0005000,PROD00051,4,752100.0
TI00015028,TXN0005001,PROD00094,3,365200.0
TI00015029,TXN0005001,PROD00160,2,297400.0
TI00015030,TXN0005001,PROD00021,1,423700.0
TI00015031,TXN0005001,PROD00157,3,6815900.0
TI00015032,TXN0005001,PROD00006,3,1710300.0
TI00015033,TXN0005002,PROD00016,2,167400.0
TI00015034,TXN0005002,PROD00131,3,2828000.0
TI00015035,TXN0005002,PROD00180,4,96700.0
TI00015036,TXN0005003,PROD00179,2,1206500.0
TI00015037,TXN0005003,PROD00175,1,99600.0
TI00015038,TXN0005004,PROD00143,4,115300.0
TI00015039,TXN0005005,PROD00101,3,11745100.0
TI00015040,TXN0005005,PROD00175,4,99600.0
TI00015041,TXN0005005,PROD00117,3,188000.0
TI00015042,TXN0005006,PROD00166,1,120600.0
TI00015043,TXN0005006,PROD00098,4,66400.0
TI00015044,TXN0005006,PROD00093,2,2689800.0
TI00015045,TXN0005007,PROD00045,3,75500.0
TI00015046,TXN0005008,PROD00029,1,747300.0
TI00015047,TXN0005009,PROD00046,2,314500.0
TI00015048,TXN0005009,PROD00168,4,54200.0
TI00015049,TXN0005009,PROD00078,4,473100.0
TI00015050,TXN0005009,PROD00019,4,353800.0
TI00015051,TXN0005010,PROD00068,3,189500.0
TI00015052,TXN0005010,PROD00013,4,1045000.0
TI00015053,TXN0005010,PROD00081,1,41700.0
TI00015054,TXN0005010,PROD00146,2,647500.0
TI00015055,TXN0005010,PROD00103,2,499800.0
TI00015056,TXN0005011,PROD00084,1,1607800.0
TI00015057,TXN0005011,PROD00051,4,752100.0
TI00015058,TXN0005011,PROD00040,3,3685900.0
TI00015059,TXN0005012,PROD00076,2,609300.0
TI00015060,TXN0005013,PROD00089,2,11224800.0
TI00015061,TXN0005014,PROD00012,1,744700.0
TI00015062,TXN0005015,PROD00064,2,1537200.0
TI00015063,TXN0005015,PROD00167,1,79900.0
TI00015064,TXN0005015,PROD00008,2,86100.0
TI00015065,TXN0005015,PROD00159,2,3240200.0
TI00015066,TXN0005015,PROD00094,3,365200.0
TI00015067,TXN0005016,PROD00151,4,116700.0
TI00015068,TXN0005016,PROD00114,4,362300.0
TI00015069,TXN0005016,PROD00073,1,55700.0
TI00015070,TXN0005017,PROD00042,2,110400.0
TI00015071,TXN0005017,PROD00130,1,213000.0
TI00015072,TXN0005017,PROD00106,4,610900.0
TI00015073,TXN0005018,PROD00021,2,423700.0
TI00015074,TXN0005018,PROD00011,3,810900.0
TI00015075,TXN0005018,PROD00018,3,2056700.0
TI00015076,TXN0005018,PROD00010,1,675900.0
TI00015077,TXN0005018,PROD00028,3,497400.0
TI00015078,TXN0005019,PROD00131,4,2828000.0
TI00015079,TXN0005020,PROD00072,3,470400.0
TI00015080,TXN0005021,PROD00044,1,2984700.0
TI00015081,TXN0005021,PROD00179,3,1206500.0
TI00015082,TXN0005021,PROD00050,2,134700.0
TI00015083,TXN0005021,PROD00177,1,228400.0
TI00015084,TXN0005022,PROD00075,2,382900.0
TI00015085,TXN0005022,PROD00015,1,327100.0
TI00015086,TXN0005022,PROD00068,1,189500.0
TI00015087,TXN0005022,PROD00022,4,1337300.0
TI00015088,TXN0005023,PROD00176,1,168200.0
TI00015089,TXN0005023,PROD00053,3,197800.0
TI00015090,TXN0005023,PROD00020,3,176500.0
TI00015091,TXN0005024,PROD00094,4,365200.0
TI00015092,TXN0005025,PROD00100,4,546800.0
TI00015093,TXN0005026,PROD00069,1,145200.0
TI00015094,TXN0005027,PROD00104,3,179700.0
TI00015095,TXN0005027,PROD00006,1,1710300.0
TI00015096,TXN0005027,PROD00146,3,647500.0
TI00015097,TXN0005028,PROD00176,2,168200.0
TI00015098,TXN0005029,PROD00027,3,124600.0
TI00015099,TXN0005030,PROD00112,2,3050100.0
TI00015100,TXN0005031,PROD00054,2,1692000.0
TI00015101,TXN0005031,PROD00095,3,428500.0
TI00015102,TXN0005031,PROD00158,1,488300.0
TI00015103,TXN0005032,PROD00166,4,120600.0
TI00015104,TXN0005033,PROD00179,3,1206500.0
TI00015105,TXN0005033,PROD00128,3,202200.0
TI00015106,TXN0005033,PROD00048,2,88700.0
TI00015107,TXN0005034,PROD00052,2,58000.0
TI00015108,TXN0005034,PROD00128,1,202200.0
TI00015109,TXN0005034,PROD00020,4,176500.0
TI00015110,TXN0005034,PROD00048,2,88700.0
TI00015111,TXN0005035,PROD00166,1,120600.0
TI00015112,TXN0005035,PROD00079,4,31800.0
TI00015113,TXN0005035,PROD00083,1,6771700.0
TI00015114,TXN0005035,PROD00046,4,314500.0
TI00015115,TXN0005035,PROD00077,2,37900.0
TI00015116,TXN0005036,PROD00026,1,1447900.0
TI00015117,TXN0005037,PROD00148,3,272900.0
TI00015118,TXN0005037,PROD00061,1,8063300.0
TI00015119,TXN0005037,PROD00020,1,176500.0
TI00015120,TXN0005037,PROD00152,1,170900.0
TI00015121,TXN0005037,PROD00026,2,1447900.0
TI00015122,TXN0005038,PROD00035,4,3271400.0
TI00015123,TXN0005038,PROD00170,3,806200.0
TI00015124,TXN0005038,PROD00180,1,96700.0
TI00015125,TXN0005038,PROD00165,3,242000.0
TI00015126,TXN0005038,PROD00048,3,88700.0
TI00015127,TXN0005039,PROD00077,1,37900.0
TI00015128,TXN0005039,PROD00085,2,262600.0
TI00015129,TXN0005040,PROD00063,4,631600.0
TI00015130,TXN0005040,PROD00137,4,59500.0
TI00015131,TXN0005040,PROD00111,3,5440300.0
TI00015132,TXN0005040,PROD00161,1,231200.0
TI00015133,TXN0005041,PROD00044,2,2984700.0
TI00015134,TXN0005042,PROD00049,4,244600.0
TI00015135,TXN0005042,PROD00005,4,613400.0
TI00015136,TXN0005042,PROD00110,4,130700.0
TI00015137,TXN0005043,PROD00118,4,97800.0
TI00015138,TXN0005043,PROD00130,1,213000.0
TI00015139,TXN0005043,PROD00018,2,2056700.0
TI00015140,TXN0005043,PROD00003,3,623300.0
TI00015141,TXN0005044,PROD00058,2,1306500.0
TI00015142,TXN0005044,PROD00163,2,337100.0
TI00015143,TXN0005044,PROD00092,1,198900.0
TI00015144,TXN0005044,PROD00022,3,1337300.0
TI00015145,TXN0005044,PROD00178,4,55100.0
TI00015146,TXN0005045,PROD00172,4,162600.0
TI00015147,TXN0005045,PROD00064,4,1537200.0
TI00015148,TXN0005046,PROD00165,4,242000.0
TI00015149,TXN0005046,PROD00042,2,110400.0
TI00015150,TXN0005046,PROD00005,3,613400.0
TI00015151,TXN0005046,PROD00022,1,1337300.0
TI00015152,TXN0005047,PROD00015,4,327100.0
TI00015153,TXN0005047,PROD00175,1,99600.0
TI00015154,TXN0005047,PROD00144,1,2659900.0
TI00015155,TXN0005047,PROD00108,1,570800.0
TI00015156,TXN0005048,PROD00173,2,67500.0
TI00015157,TXN0005049,PROD00101,1,11745100.0
TI00015158,TXN0005049,PROD00124,4,11671600.0
TI00015159,TXN0005049,PROD00056,2,246400.0
TI00015160,TXN0005049,PROD00106,2,610900.0
TI00015161,TXN0005050,PROD00180,4,96700.0
TI00015162,TXN0005050,PROD00104,1,179700.0
TI00015163,TXN0005050,PROD00165,3,242000.0
TI00015164,TXN0005050,PROD00127,3,172600.0
TI00015165,TXN0005051,PROD00174,1,71600.0
TI00015166,TXN0005052,PROD00107,2,75800.0
TI00015167,TXN0005053,PROD00076,3,609300.0
TI00015168,TXN0005053,PROD00080,1,204100.0
TI00015169,TXN0005053,PROD00020,2,176500.0
TI00015170,TXN0005053,PROD00150,3,874600.0
TI00015171,TXN0005054,PROD00101,1,11745100.0
TI00015172,TXN0005055,PROD00113,4,4916800.0
TI00015173,TXN0005056,PROD00162,1,532200.0
TI00015174,TXN0005057,PROD00054,1,1692000.0
TI00015175,TXN0005057,PROD00106,2,610900.0
TI00015176,TXN0005057,PROD00127,2,172600.0
TI00015177,TXN0005057,PROD00134,1,1383900.0
TI00015178,TXN0005057,PROD00068,4,189500.0
TI00015179,TXN0005058,PROD00123,4,520300.0
TI00015180,TXN0005059,PROD00006,1,1710300.0
TI00015181,TXN0005059,PROD00178,3,55100.0
TI00015182,TXN0005059,PROD00171,2,9207400.0
TI00015183,TXN0005060,PROD00027,4,124600.0
TI00015184,TXN0005060,PROD00086,3,8987800.0
TI00015185,TXN0005061,PROD00083,4,6771700.0
TI00015186,TXN0005061,PROD00014,1,2104400.0
TI00015187,TXN0005061,PROD00138,2,57200.0
TI00015188,TXN0005061,PROD00064,1,1537200.0
TI00015189,TXN0005061,PROD00144,2,2659900.0
TI00015190,TXN0005062,PROD00143,3,115300.0
TI00015191,TXN0005062,PROD00110,4,130700.0
TI00015192,TXN0005062,PROD00114,4,362300.0
TI00015193,TXN0005063,PROD00020,3,176500.0
TI00015194,TXN0005063,PROD00081,4,41700.0
TI00015195,TXN0005063,PROD00064,3,1537200.0
TI00015196,TXN0005064,PROD00128,1,202200.0
TI00015197,TXN0005064,PROD00001,2,179800.0
TI00015198,TXN0005065,PROD00012,1,744700.0
TI00015199,TXN0005065,PROD00007,1,456400.0
TI00015200,TXN0005065,PROD00054,1,1692000.0
TI00015201,TXN0005065,PROD00127,1,172600.0
TI00015202,TXN0005065,PROD00139,2,621000.0
TI00015203,TXN0005066,PROD00062,1,83600.0
TI00015204,TXN0005066,PROD00066,4,162000.0
TI00015205,TXN0005067,PROD00007,3,456400.0
TI00015206,TXN0005067,PROD00148,1,272900.0
TI00015207,TXN0005067,PROD00119,4,3450500.0
TI00015208,TXN0005067,PROD00089,4,11224800.0
TI00015209,TXN0005067,PROD00126,1,219500.0
TI00015210,TXN0005068,PROD00102,1,171600.0
TI00015211,TXN0005068,PROD00067,3,1694500.0
TI00015212,TXN0005068,PROD00080,2,204100.0
TI00015213,TXN0005068,PROD00069,3,145200.0
TI00015214,TXN0005069,PROD00166,2,120600.0
TI00015215,TXN0005069,PROD00037,4,718700.0
TI00015216,TXN0005069,PROD00033,4,10971800.0
TI00015217,TXN0005069,PROD00177,2,228400.0
TI00015218,TXN0005070,PROD00166,4,120600.0
TI00015219,TXN0005070,PROD00010,1,675900.0
TI00015220,TXN0005070,PROD00044,2,2984700.0
TI00015221,TXN0005071,PROD00085,1,262600.0
TI00015222,TXN0005071,PROD00150,3,874600.0
TI00015223,TXN0005071,PROD00037,4,718700.0
TI00015224,TXN0005072,PROD00148,4,272900.0
TI00015225,TXN0005072,PROD00056,3,246400.0
TI00015226,TXN0005072,PROD00050,3,134700.0
TI00015227,TXN0005072,PROD00172,2,162600.0
TI00015228,TXN0005072,PROD00150,1,874600.0
TI00015229,TXN0005073,PROD00076,3,609300.0
TI00015230,TXN0005073,PROD00143,3,115300.0
TI00015231,TXN0005073,PROD00113,3,4916800.0
TI00015232,TXN0005073,PROD00106,2,610900.0
TI00015233,TXN0005073,PROD00022,2,1337300.0
TI00015234,TXN0005074,PROD00165,1,242000.0
TI00015235,TXN0005074,PROD00166,3,120600.0
TI00015236,TXN0005074,PROD00010,4,675900.0
TI00015237,TXN0005074,PROD00159,3,3240200.0
TI00015238,TXN0005075,PROD00155,2,277300.0
TI00015239,TXN0005075,PROD00079,1,31800.0
TI00015240,TXN0005075,PROD00114,2,362300.0
TI00015241,TXN0005075,PROD00101,3,11745100.0
TI00015242,TXN0005076,PROD00004,2,1254300.0
TI00015243,TXN0005077,PROD00165,3,242000.0
TI00015244,TXN0005077,PROD00125,2,716900.0
TI00015245,TXN0005078,PROD00082,1,435600.0
TI00015246,TXN0005079,PROD00126,4,219500.0
TI00015247,TXN0005079,PROD00104,1,179700.0
TI00015248,TXN0005079,PROD00002,1,1365600.0
TI00015249,TXN0005079,PROD00134,1,1383900.0
TI00015250,TXN0005080,PROD00115,2,1810600.0
TI00015251,TXN0005080,PROD00129,3,67800.0
TI00015252,TXN0005080,PROD00174,4,71600.0
TI00015253,TXN0005080,PROD00041,3,792800.0
TI00015254,TXN0005080,PROD00080,2,204100.0
TI00015255,TXN0005081,PROD00065,1,846500.0
TI00015256,TXN0005081,PROD00180,3,96700.0
TI00015257,TXN0005081,PROD00164,3,103200.0
TI00015258,TXN0005082,PROD00148,4,272900.0
TI00015259,TXN0005082,PROD00141,2,527900.0
TI00015260,TXN0005083,PROD00097,1,2301200.0
TI00015261,TXN0005083,PROD00100,1,546800.0
TI00015262,TXN0005083,PROD00155,3,277300.0
TI00015263,TXN0005084,PROD00101,3,11745100.0
TI00015264,TXN0005084,PROD00012,2,744700.0
TI00015265,TXN0005084,PROD00036,2,11966500.0
TI00015266,TXN0005084,PROD00155,2,277300.0
TI00015267,TXN0005084,PROD00104,1,179700.0
TI00015268,TXN0005085,PROD00123,1,520300.0
TI00015269,TXN0005086,PROD00159,1,3240200.0
TI00015270,TXN0005087,PROD00179,1,1206500.0
TI00015271,TXN0005087,PROD00128,3,202200.0
TI00015272,TXN0005087,PROD00133,1,521500.0
TI00015273,TXN0005087,PROD00109,2,3001900.0
TI00015274,TXN0005087,PROD00006,2,1710300.0
TI00015275,TXN0005088,PROD00046,2,314500.0
TI00015276,TXN0005089,PROD00023,2,225100.0
TI00015277,TXN0005089,PROD00131,4,2828000.0
TI00015278,TXN0005089,PROD00054,1,1692000.0
TI00015279,TXN0005090,PROD00007,2,456400.0
TI00015280,TXN0005090,PROD00118,2,97800.0
TI00015281,TXN0005090,PROD00079,1,31800.0
TI00015282,TXN0005091,PROD00114,4,362300.0
TI00015283,TXN0005092,PROD00009,3,183500.0
TI00015284,TXN0005093,PROD00016,4,167400.0
TI00015285,TXN0005093,PROD00167,2,79900.0
TI00015286,TXN0005093,PROD00057,2,2101600.0
TI00015287,TXN0005093,PROD00101,4,11745100.0
TI00015288,TXN0005094,PROD00065,3,846500.0
TI00015289,TXN0005094,PROD00121,1,190400.0
TI00015290,TXN0005095,PROD00112,2,3050100.0
TI00015291,TXN0005096,PROD00165,3,242000.0
TI00015292,TXN0005097,PROD00180,2,96700.0
TI00015293,TXN0005097,PROD00068,4,189500.0
TI00015294,TXN0005098,PROD00020,2,176500.0
TI00015295,TXN0005098,PROD00114,4,362300.0
TI00015296,TXN0005098,PROD00136,3,787800.0
TI00015297,TXN0005099,PROD00100,1,546800.0
TI00015298,TXN0005100,PROD00021,4,423700.0
TI00015299,TXN0005101,PROD00153,4,121800.0
TI00015300,TXN0005102,PROD00084,2,1607800.0
TI00015301,TXN0005102,PROD00106,3,610900.0
TI00015302,TXN0005103,PROD00115,2,1810600.0
TI00015303,TXN0005103,PROD00134,4,1383900.0
TI00015304,TXN0005104,PROD00085,2,262600.0
TI00015305,TXN0005104,PROD00067,3,1694500.0
TI00015306,TXN0005104,PROD00001,4,179800.0
TI00015307,TXN0005104,PROD00035,1,3271400.0
TI00015308,TXN0005105,PROD00050,4,134700.0
TI00015309,TXN0005106,PROD00108,4,570800.0
TI00015310,TXN0005106,PROD00092,3,198900.0
TI00015311,TXN0005107,PROD00100,3,546800.0
TI00015312,TXN0005107,PROD00046,3,314500.0
TI00015313,TXN0005107,PROD00117,3,188000.0
TI00015314,TXN0005108,PROD00079,2,31800.0
TI00015315,TXN0005108,PROD00150,4,874600.0
TI00015316,TXN0005109,PROD00085,3,262600.0
TI00015317,TXN0005109,PROD00061,2,8063300.0
TI00015318,TXN0005109,PROD00103,2,499800.0
TI00015319,TXN0005110,PROD00113,3,4916800.0
TI00015320,TXN0005110,PROD00009,3,183500.0
TI00015321,TXN0005110,PROD00085,4,262600.0
TI00015322,TXN0005111,PROD00157,1,6815900.0
TI00015323,TXN0005111,PROD00170,1,806200.0
TI00015324,TXN0005112,PROD00177,1,228400.0
TI00015325,TXN0005112,PROD00156,3,117900.0
TI00015326,TXN0005112,PROD00043,2,223400.0
TI00015327,TXN0005112,PROD00115,3,1810600.0
TI00015328,TXN0005113,PROD00017,2,61400.0
TI00015329,TXN0005113,PROD00091,3,17600.0
TI00015330,TXN0005113,PROD00177,3,228400.0
TI00015331,TXN0005113,PROD00133,2,521500.0
TI00015332,TXN0005114,PROD00159,3,3240200.0
TI00015333,TXN0005114,PROD00177,3,228400.0
TI00015334,TXN0005114,PROD00170,3,806200.0
TI00015335,TXN0005114,PROD00120,2,283500.0
TI00015336,TXN0005114,PROD00062,3,83600.0
TI00015337,TXN0005115,PROD00179,4,1206500.0
TI00015338,TXN0005115,PROD00109,1,3001900.0
TI00015339,TXN0005115,PROD00132,4,6814300.0
TI00015340,TXN0005116,PROD00125,3,716900.0
TI00015341,TXN0005116,PROD00043,4,223400.0
TI00015342,TXN0005117,PROD00090,4,838900.0
TI00015343,TXN0005118,PROD00123,1,520300.0
TI00015344,TXN0005118,PROD00138,3,57200.0
TI00015345,TXN0005119,PROD00041,4,792800.0
TI00015346,TXN0005119,PROD00017,4,61400.0
TI00015347,TXN0005119,PROD00126,1,219500.0
TI00015348,TXN0005119,PROD00055,2,29300.0
TI00015349,TXN0005120,PROD00075,1,382900.0
TI00015350,TXN0005121,PROD00177,1,228400.0
TI00015351,TXN0005121,PROD00031,4,571800.0
TI00015352,TXN0005121,PROD00102,2,171600.0
TI00015353,TXN0005121,PROD00109,3,3001900.0
TI00015354,TXN0005121,PROD00107,4,75800.0
TI00015355,TXN0005122,PROD00165,1,242000.0
TI00015356,TXN0005122,PROD00111,2,5440300.0
TI00015357,TXN0005122,PROD00123,2,520300.0
TI00015358,TXN0005122,PROD00101,3,11745100.0
TI00015359,TXN0005122,PROD00045,4,75500.0
TI00015360,TXN0005123,PROD00033,4,10971800.0
TI00015361,TXN0005123,PROD00066,4,162000.0
TI00015362,TXN0005124,PROD00011,4,810900.0
TI00015363,TXN0005124,PROD00176,4,168200.0
TI00015364,TXN0005124,PROD00117,1,188000.0
TI00015365,TXN0005124,PROD00027,3,124600.0
TI00015366,TXN0005125,PROD00157,3,6815900.0
TI00015367,TXN0005125,PROD00037,2,718700.0
TI00015368,TXN0005125,PROD00086,2,8987800.0
TI00015369,TXN0005125,PROD00117,3,188000.0
TI00015370,TXN0005126,PROD00159,2,3240200.0
TI00015371,TXN0005127,PROD00062,2,83600.0
TI00015372,TXN0005127,PROD00065,3,846500.0
TI00015373,TXN0005127,PROD00088,4,220600.0
TI00015374,TXN0005127,PROD00069,1,145200.0
TI00015375,TXN0005128,PROD00133,1,521500.0
TI00015376,TXN0005128,PROD00048,1,88700.0
TI00015377,TXN0005128,PROD00047,3,165600.0
TI00015378,TXN0005129,PROD00112,4,3050100.0
TI00015379,TXN0005130,PROD00171,2,9207400.0
TI00015380,TXN0005130,PROD00156,1,117900.0
TI00015381,TXN0005130,PROD00051,4,752100.0
TI00015382,TXN0005130,PROD00030,3,10909100.0
TI00015383,TXN0005131,PROD00051,3,752100.0
TI00015384,TXN0005131,PROD00050,3,134700.0
TI00015385,TXN0005131,PROD00103,1,499800.0
TI00015386,TXN0005131,PROD00076,2,609300.0
TI00015387,TXN0005131,PROD00042,3,110400.0
TI00015388,TXN0005132,PROD00023,1,225100.0
TI00015389,TXN0005132,PROD00009,2,183500.0
TI00015390,TXN0005133,PROD00116,3,561100.0
TI00015391,TXN0005133,PROD00084,3,1607800.0
TI00015392,TXN0005133,PROD00153,4,121800.0
TI00015393,TXN0005133,PROD00018,4,2056700.0
TI00015394,TXN0005134,PROD00110,2,130700.0
TI00015395,TXN0005134,PROD00137,3,59500.0
TI00015396,TXN0005134,PROD00169,2,6358700.0
TI00015397,TXN0005135,PROD00079,2,31800.0
TI00015398,TXN0005135,PROD00095,4,428500.0
TI00015399,TXN0005135,PROD00100,4,546800.0
TI00015400,TXN0005136,PROD00129,3,67800.0
TI00015401,TXN0005136,PROD00111,3,5440300.0
TI00015402,TXN0005136,PROD00061,3,8063300.0
TI00015403,TXN0005136,PROD00108,1,570800.0
TI00015404,TXN0005137,PROD00034,4,1485900.0
TI00015405,TXN0005137,PROD00106,2,610900.0
TI00015406,TXN0005138,PROD00097,1,2301200.0
TI00015407,TXN0005139,PROD00036,3,11966500.0
TI00015408,TXN0005139,PROD00020,4,176500.0
TI00015409,TXN0005139,PROD00023,3,225100.0
TI00015410,TXN0005139,PROD00158,2,488300.0
TI00015411,TXN0005139,PROD00045,3,75500.0
TI00015412,TXN0005140,PROD00148,2,272900.0
TI00015413,TXN0005141,PROD00036,1,11966500.0
TI00015414,TXN0005142,PROD00152,2,170900.0
TI00015415,TXN0005142,PROD00158,1,488300.0
TI00015416,TXN0005143,PROD00126,4,219500.0
TI00015417,TXN0005143,PROD00110,1,130700.0
TI00015418,TXN0005143,PROD00021,4,423700.0
TI00015419,TXN0005144,PROD00010,1,675900.0
TI00015420,TXN0005144,PROD00080,1,204100.0
TI00015421,TXN0005145,PROD00134,2,1383900.0
TI00015422,TXN0005145,PROD00005,1,613400.0
TI00015423,TXN0005145,PROD00021,3,423700.0
TI00015424,TXN0005145,PROD00180,2,96700.0
TI00015425,TXN0005146,PROD00127,2,172600.0
TI00015426,TXN0005146,PROD00068,1,189500.0
TI00015427,TXN0005146,PROD00051,1,752100.0
TI00015428,TXN0005147,PROD00148,2,272900.0
TI00015429,TXN0005147,PROD00086,1,8987800.0
TI00015430,TXN0005147,PROD00159,4,3240200.0
TI00015431,TXN0005148,PROD00160,1,297400.0
TI00015432,TXN0005148,PROD00169,2,6358700.0
TI00015433,TXN0005148,PROD00013,4,1045000.0
TI00015434,TXN0005148,PROD00155,3,277300.0
TI00015435,TXN0005149,PROD00082,1,435600.0
TI00015436,TXN0005149,PROD00180,3,96700.0
TI00015437,TXN0005149,PROD00146,3,647500.0
TI00015438,TXN0005149,PROD00033,2,10971800.0
TI00015439,TXN0005150,PROD00007,1,456400.0
TI00015440,TXN0005150,PROD00020,1,176500.0
TI00015441,TXN0005150,PROD00108,3,570800.0
TI00015442,TXN0005150,PROD00134,2,1383900.0
TI00015443,TXN0005150,PROD00004,4,1254300.0
TI00015444,TXN0005151,PROD00054,3,1692000.0
TI00015445,TXN0005151,PROD00156,2,117900.0
TI00015446,TXN0005151,PROD00077,3,37900.0
TI00015447,TXN0005152,PROD00016,4,167400.0
TI00015448,TXN0005152,PROD00001,1,179800.0
TI00015449,TXN0005153,PROD00052,3,58000.0
TI00015450,TXN0005153,PROD00162,2,532200.0
TI00015451,TXN0005153,PROD00008,2,86100.0
TI00015452,TXN0005154,PROD00079,1,31800.0
TI00015453,TXN0005154,PROD00174,3,71600.0
TI00015454,TXN0005155,PROD00106,3,610900.0
TI00015455,TXN0005155,PROD00071,3,501200.0
TI00015456,TXN0005155,PROD00142,3,324600.0
TI00015457,TXN0005156,PROD00054,4,1692000.0
TI00015458,TXN0005156,PROD00042,3,110400.0
TI00015459,TXN0005156,PROD00073,1,55700.0
TI00015460,TXN0005156,PROD00009,1,183500.0
TI00015461,TXN0005156,PROD00086,2,8987800.0
TI00015462,TXN0005157,PROD00165,4,242000.0
TI00015463,TXN0005157,PROD00149,4,370000.0
TI00015464,TXN0005157,PROD00019,4,353800.0
TI00015465,TXN0005157,PROD00178,1,55100.0
TI00015466,TXN0005157,PROD00102,3,171600.0
TI00015467,TXN0005158,PROD00011,3,810900.0
TI00015468,TXN0005158,PROD00067,2,1694500.0
TI00015469,TXN0005158,PROD00178,1,55100.0
TI00015470,TXN0005158,PROD00049,1,244600.0
TI00015471,TXN0005158,PROD00156,2,117900.0
TI00015472,TXN0005159,PROD00132,1,6814300.0
TI00015473,TXN0005159,PROD00052,2,58000.0
TI00015474,TXN0005159,PROD00156,4,117900.0
TI00015475,TXN0005159,PROD00140,1,10502400.0
TI00015476,TXN0005160,PROD00053,3,197800.0
TI00015477,TXN0005160,PROD00022,4,1337300.0
TI00015478,TXN0005160,PROD00040,3,3685900.0
TI00015479,TXN0005160,PROD00014,3,2104400.0
TI00015480,TXN0005161,PROD00118,1,97800.0
TI00015481,TXN0005161,PROD00142,3,324600.0
TI00015482,TXN0005161,PROD00020,1,176500.0
TI00015483,TXN0005161,PROD00049,3,244600.0
TI00015484,TXN0005161,PROD00066,1,162000.0
TI00015485,TXN0005162,PROD00142,1,324600.0
TI00015486,TXN0005163,PROD00001,1,179800.0
TI00015487,TXN0005164,PROD00169,2,6358700.0
TI00015488,TXN0005164,PROD00028,3,497400.0
TI00015489,TXN0005164,PROD00035,1,3271400.0
TI00015490,TXN0005165,PROD00084,4,1607800.0
TI00015491,TXN0005165,PROD00064,2,1537200.0
TI00015492,TXN0005165,PROD00180,3,96700.0
TI00015493,TXN0005166,PROD00070,3,191800.0
TI00015494,TXN0005167,PROD00139,2,621000.0
TI00015495,TXN0005167,PROD00115,2,1810600.0
TI00015496,TXN0005167,PROD00016,1,167400.0
TI00015497,TXN0005167,PROD00017,3,61400.0
TI00015498,TXN0005167,PROD00015,2,327100.0
TI00015499,TXN0005168,PROD00111,2,5440300.0
TI00015500,TXN0005168,PROD00029,2,747300.0
TI00015501,TXN0005168,PROD00025,3,57900.0
TI00015502,TXN0005168,PROD00079,1,31800.0
TI00015503,TXN0005169,PROD00174,1,71600.0
TI00015504,TXN0005169,PROD00106,2,610900.0
TI00015505,TXN0005170,PROD00145,1,626300.0
TI00015506,TXN0005170,PROD00077,1,37900.0
TI00015507,TXN0005170,PROD00133,1,521500.0
TI00015508,TXN0005170,PROD00023,1,225100.0
TI00015509,TXN0005171,PROD00057,1,2101600.0
TI00015510,TXN0005171,PROD00179,1,1206500.0
TI00015511,TXN0005172,PROD00098,4,66400.0
TI00015512,TXN0005172,PROD00087,2,86200.0
TI00015513,TXN0005172,PROD00095,2,428500.0
TI00015514,TXN0005172,PROD00161,2,231200.0
TI00015515,TXN0005172,PROD00100,2,546800.0
TI00015516,TXN0005173,PROD00026,3,1447900.0
TI00015517,TXN0005173,PROD00076,3,609300.0
TI00015518,TXN0005173,PROD00062,4,83600.0
TI00015519,TXN0005174,PROD00006,1,1710300.0
TI00015520,TXN0005174,PROD00125,3,716900.0
TI00015521,TXN0005174,PROD00068,2,189500.0
TI00015522,TXN0005174,PROD00170,1,806200.0
TI00015523,TXN0005174,PROD00155,3,277300.0
TI00015524,TXN0005175,PROD00070,4,191800.0
TI00015525,TXN0005175,PROD00042,2,110400.0
TI00015526,TXN0005175,PROD00135,4,495100.0
TI00015527,TXN0005175,PROD00165,2,242000.0
TI00015528,TXN0005175,PROD00018,3,2056700.0
TI00015529,TXN0005176,PROD00022,4,1337300.0
TI00015530,TXN0005176,PROD00007,2,456400.0
TI00015531,TXN0005177,PROD00013,3,1045000.0
TI00015532,TXN0005178,PROD00118,1,97800.0
TI00015533,TXN0005178,PROD00147,3,229500.0
TI00015534,TXN0005178,PROD00131,3,2828000.0
TI00015535,TXN0005179,PROD00160,3,297400.0
TI00015536,TXN0005179,PROD00109,2,3001900.0
TI00015537,TXN0005180,PROD00124,2,11671600.0
TI00015538,TXN0005181,PROD00037,4,718700.0
TI00015539,TXN0005181,PROD00068,2,189500.0
TI00015540,TXN0005181,PROD00135,1,495100.0
TI00015541,TXN0005182,PROD00020,3,176500.0
TI00015542,TXN0005182,PROD00165,1,242000.0
TI00015543,TXN0005182,PROD00118,2,97800.0
TI00015544,TXN0005182,PROD00045,3,75500.0
TI00015545,TXN0005182,PROD00099,2,497200.0
TI00015546,TXN0005183,PROD00063,1,631600.0
TI00015547,TXN0005184,PROD00016,1,167400.0
TI00015548,TXN0005184,PROD00056,2,246400.0
TI00015549,TXN0005185,PROD00030,1,10909100.0
TI00015550,TXN0005186,PROD00109,2,3001900.0
TI00015551,TXN0005186,PROD00078,1,473100.0
TI00015552,TXN0005186,PROD00079,3,31800.0
TI00015553,TXN0005187,PROD00086,2,8987800.0
TI00015554,TXN0005187,PROD00170,2,806200.0
TI00015555,TXN0005187,PROD00158,4,488300.0
TI00015556,TXN0005188,PROD00110,3,130700.0
TI00015557,TXN0005188,PROD00014,4,2104400.0
TI00015558,TXN0005189,PROD00090,4,838900.0
TI00015559,TXN0005189,PROD00104,3,179700.0
TI00015560,TXN0005190,PROD00177,4,228400.0
TI00015561,TXN0005190,PROD00112,4,3050100.0
TI00015562,TXN0005190,PROD00075,2,382900.0
TI00015563,TXN0005190,PROD00159,4,3240200.0
TI00015564,TXN0005191,PROD00145,1,626300.0
TI00015565,TXN0005191,PROD00106,1,610900.0
TI00015566,TXN0005192,PROD00158,3,488300.0
TI00015567,TXN0005193,PROD00169,3,6358700.0
TI00015568,TXN0005194,PROD00017,2,61400.0
TI00015569,TXN0005195,PROD00073,2,55700.0
TI00015570,TXN0005196,PROD00058,1,1306500.0
TI00015571,TXN0005196,PROD00061,3,8063300.0
TI00015572,TXN0005196,PROD00167,2,79900.0
TI00015573,TXN0005196,PROD00036,2,11966500.0
TI00015574,TXN0005196,PROD00054,1,1692000.0
TI00015575,TXN0005197,PROD00160,3,297400.0
TI00015576,TXN0005197,PROD00171,4,9207400.0
TI00015577,TXN0005197,PROD00121,4,190400.0
TI00015578,TXN0005197,PROD00079,1,31800.0
TI00015579,TXN0005198,PROD00155,3,277300.0
TI00015580,TXN0005199,PROD00127,2,172600.0
TI00015581,TXN0005199,PROD00140,2,10502400.0
TI00015582,TXN0005199,PROD00117,1,188000.0
TI00015583,TXN0005200,PROD00166,4,120600.0
TI00015584,TXN0005200,PROD00095,1,428500.0
TI00015585,TXN0005200,PROD00133,2,521500.0
TI00015586,TXN0005201,PROD00046,3,314500.0
TI00015587,TXN0005201,PROD00078,4,473100.0
TI00015588,TXN0005201,PROD00087,2,86200.0
TI00015589,TXN0005201,PROD00131,4,2828000.0
TI00015590,TXN0005202,PROD00166,1,120600.0
TI00015591,TXN0005202,PROD00142,1,324600.0
TI00015592,TXN0005202,PROD00128,3,202200.0
TI00015593,TXN0005202,PROD00089,4,11224800.0
TI00015594,TXN0005203,PROD00136,3,787800.0
TI00015595,TXN0005203,PROD00067,1,1694500.0
TI00015596,TXN0005203,PROD00162,1,532200.0
TI00015597,TXN0005203,PROD00079,2,31800.0
TI00015598,TXN0005204,PROD00155,2,277300.0
TI00015599,TXN0005204,PROD00066,4,162000.0
TI00015600,TXN0005204,PROD00044,2,2984700.0
TI00015601,TXN0005204,PROD00071,4,501200.0
TI00015602,TXN0005204,PROD00079,4,31800.0
TI00015603,TXN0005205,PROD00138,1,57200.0
TI00015604,TXN0005205,PROD00102,1,171600.0
TI00015605,TXN0005205,PROD00118,1,97800.0
TI00015606,TXN0005206,PROD00044,3,2984700.0
TI00015607,TXN0005206,PROD00126,4,219500.0
TI00015608,TXN0005206,PROD00113,4,4916800.0
TI00015609,TXN0005206,PROD00166,3,120600.0
TI00015610,TXN0005206,PROD00057,4,2101600.0
TI00015611,TXN0005207,PROD00096,4,366200.0
TI00015612,TXN0005207,PROD00180,2,96700.0
TI00015613,TXN0005207,PROD00033,2,10971800.0
TI00015614,TXN0005208,PROD00027,3,124600.0
TI00015615,TXN0005208,PROD00082,1,435600.0
TI00015616,TXN0005208,PROD00107,2,75800.0
TI00015617,TXN0005208,PROD00127,3,172600.0
TI00015618,TXN0005208,PROD00084,3,1607800.0
TI00015619,TXN0005209,PROD00153,4,121800.0
TI00015620,TXN0005209,PROD00117,1,188000.0
TI00015621,TXN0005209,PROD00164,4,103200.0
TI00015622,TXN0005209,PROD00008,4,86100.0
TI00015623,TXN0005210,PROD00087,1,86200.0
TI00015624,TXN0005210,PROD00054,1,1692000.0
TI00015625,TXN0005210,PROD00007,4,456400.0
TI00015626,TXN0005211,PROD00027,2,124600.0
TI00015627,TXN0005211,PROD00039,3,1936200.0
TI00015628,TXN0005211,PROD00121,2,190400.0
TI00015629,TXN0005212,PROD00092,3,198900.0
TI00015630,TXN0005212,PROD00098,1,66400.0
TI00015631,TXN0005212,PROD00115,3,1810600.0
TI00015632,TXN0005212,PROD00177,3,228400.0
TI00015633,TXN0005212,PROD00033,3,10971800.0
TI00015634,TXN0005213,PROD00128,4,202200.0
TI00015635,TXN0005214,PROD00167,3,79900.0
TI00015636,TXN0005214,PROD00104,2,179700.0
TI00015637,TXN0005215,PROD00079,2,31800.0
TI00015638,TXN0005215,PROD00040,1,3685900.0
TI00015639,TXN0005215,PROD00130,2,213000.0
TI00015640,TXN0005215,PROD00035,2,3271400.0
TI00015641,TXN0005216,PROD00001,4,179800.0
TI00015642,TXN0005217,PROD00097,2,2301200.0
TI00015643,TXN0005217,PROD00088,1,220600.0
TI00015644,TXN0005218,PROD00119,4,3450500.0
TI00015645,TXN0005218,PROD00108,2,570800.0
TI00015646,TXN0005218,PROD00013,4,1045000.0
TI00015647,TXN0005218,PROD00160,2,297400.0
TI00015648,TXN0005218,PROD00106,3,610900.0
TI00015649,TXN0005219,PROD00062,4,83600.0
TI00015650,TXN0005219,PROD00042,2,110400.0
TI00015651,TXN0005219,PROD00031,2,571800.0
TI00015652,TXN0005219,PROD00147,1,229500.0
TI00015653,TXN0005219,PROD00088,3,220600.0
TI00015654,TXN0005220,PROD00011,4,810900.0
TI00015655,TXN0005220,PROD00102,1,171600.0
TI00015656,TXN0005220,PROD00146,3,647500.0
TI00015657,TXN0005221,PROD00070,2,191800.0
TI00015658,TXN0005221,PROD00172,2,162600.0
TI00015659,TXN0005221,PROD00090,4,838900.0
TI00015660,TXN0005222,PROD00019,1,353800.0
TI00015661,TXN0005222,PROD00027,2,124600.0
TI00015662,TXN0005222,PROD00007,1,456400.0
TI00015663,TXN0005223,PROD00009,2,183500.0
TI00015664,TXN0005223,PROD00077,2,37900.0
TI00015665,TXN0005223,PROD00015,2,327100.0
TI00015666,TXN0005223,PROD00106,1,610900.0
TI00015667,TXN0005224,PROD00032,4,359500.0
TI00015668,TXN0005224,PROD00155,2,277300.0
TI00015669,TXN0005224,PROD00097,4,2301200.0
TI00015670,TXN0005225,PROD00111,2,5440300.0
TI00015671,TXN0005225,PROD00091,3,17600.0
TI00015672,TXN0005225,PROD00060,2,218600.0
TI00015673,TXN0005225,PROD00021,2,423700.0
TI00015674,TXN0005225,PROD00070,1,191800.0
TI00015675,TXN0005226,PROD00056,1,246400.0
TI00015676,TXN0005226,PROD00021,4,423700.0
TI00015677,TXN0005226,PROD00176,4,168200.0
TI00015678,TXN0005227,PROD00144,3,2659900.0
TI00015679,TXN0005227,PROD00120,3,283500.0
TI00015680,TXN0005228,PROD00103,3,499800.0
TI00015681,TXN0005228,PROD00125,2,716900.0
TI00015682,TXN0005229,PROD00009,4,183500.0
TI00015683,TXN0005229,PROD00022,4,1337300.0
TI00015684,TXN0005229,PROD00125,2,716900.0
TI00015685,TXN0005229,PROD00101,1,11745100.0
TI00015686,TXN0005230,PROD00053,1,197800.0
TI00015687,TXN0005231,PROD00039,2,1936200.0
TI00015688,TXN0005231,PROD00054,2,1692000.0
TI00015689,TXN0005231,PROD00136,2,787800.0
TI00015690,TXN0005231,PROD00057,4,2101600.0
TI00015691,TXN0005231,PROD00094,4,365200.0
TI00015692,TXN0005232,PROD00102,2,171600.0
TI00015693,TXN0005233,PROD00175,4,99600.0
TI00015694,TXN0005233,PROD00157,1,6815900.0
TI00015695,TXN0005233,PROD00103,3,499800.0
TI00015696,TXN0005233,PROD00141,1,527900.0
TI00015697,TXN0005233,PROD00065,2,846500.0
TI00015698,TXN0005234,PROD00094,2,365200.0
TI00015699,TXN0005234,PROD00084,4,1607800.0
TI00015700,TXN0005234,PROD00162,2,532200.0
TI00015701,TXN0005234,PROD00080,2,204100.0
TI00015702,TXN0005235,PROD00034,1,1485900.0
TI00015703,TXN0005236,PROD00099,1,497200.0
TI00015704,TXN0005237,PROD00019,4,353800.0
TI00015705,TXN0005237,PROD00013,3,1045000.0
TI00015706,TXN0005237,PROD00039,3,1936200.0
TI00015707,TXN0005237,PROD00157,3,6815900.0
TI00015708,TXN0005238,PROD00068,2,189500.0
TI00015709,TXN0005239,PROD00043,4,223400.0
TI00015710,TXN0005240,PROD00003,4,623300.0
TI00015711,TXN0005240,PROD00053,2,197800.0
TI00015712,TXN0005240,PROD00083,2,6771700.0
TI00015713,TXN0005241,PROD00102,3,171600.0
TI00015714,TXN0005241,PROD00171,4,9207400.0
TI00015715,TXN0005241,PROD00069,1,145200.0
TI00015716,TXN0005242,PROD00152,2,170900.0
TI00015717,TXN0005242,PROD00009,2,183500.0
TI00015718,TXN0005242,PROD00104,2,179700.0
TI00015719,TXN0005242,PROD00082,4,435600.0
TI00015720,TXN0005242,PROD00101,4,11745100.0
TI00015721,TXN0005243,PROD00126,3,219500.0
TI00015722,TXN0005244,PROD00046,3,314500.0
TI00015723,TXN0005244,PROD00149,2,370000.0
TI00015724,TXN0005244,PROD00020,2,176500.0
TI00015725,TXN0005244,PROD00104,2,179700.0
TI00015726,TXN0005245,PROD00140,1,10502400.0
TI00015727,TXN0005245,PROD00066,4,162000.0
TI00015728,TXN0005246,PROD00104,2,179700.0
TI00015729,TXN0005246,PROD00096,2,366200.0
TI00015730,TXN0005246,PROD00174,3,71600.0
TI00015731,TXN0005246,PROD00125,3,716900.0
TI00015732,TXN0005247,PROD00111,2,5440300.0
TI00015733,TXN0005247,PROD00004,2,1254300.0
TI00015734,TXN0005247,PROD00128,3,202200.0
TI00015735,TXN0005247,PROD00150,1,874600.0
TI00015736,TXN0005248,PROD00121,2,190400.0
TI00015737,TXN0005248,PROD00131,4,2828000.0
TI00015738,TXN0005249,PROD00047,4,165600.0
TI00015739,TXN0005249,PROD00100,1,546800.0
TI00015740,TXN0005249,PROD00107,1,75800.0
TI00015741,TXN0005249,PROD00134,4,1383900.0
TI00015742,TXN0005249,PROD00104,3,179700.0
TI00015743,TXN0005250,PROD00013,2,1045000.0
TI00015744,TXN0005251,PROD00158,2,488300.0
TI00015745,TXN0005252,PROD00072,4,470400.0
TI00015746,TXN0005253,PROD00061,2,8063300.0
TI00015747,TXN0005254,PROD00037,2,718700.0
TI00015748,TXN0005254,PROD00175,4,99600.0
TI00015749,TXN0005254,PROD00029,3,747300.0
TI00015750,TXN0005255,PROD00128,2,202200.0
TI00015751,TXN0005255,PROD00146,2,647500.0
TI00015752,TXN0005256,PROD00129,3,67800.0
TI00015753,TXN0005256,PROD00160,3,297400.0
TI00015754,TXN0005256,PROD00072,2,470400.0
TI00015755,TXN0005256,PROD00147,4,229500.0
TI00015756,TXN0005257,PROD00102,2,171600.0
TI00015757,TXN0005257,PROD00147,2,229500.0
TI00015758,TXN0005258,PROD00045,3,75500.0
TI00015759,TXN0005258,PROD00132,1,6814300.0
TI00015760,TXN0005258,PROD00022,4,1337300.0
TI00015761,TXN0005258,PROD00158,1,488300.0
TI00015762,TXN0005259,PROD00130,1,213000.0
TI00015763,TXN0005259,PROD00008,3,86100.0
TI00015764,TXN0005259,PROD00154,1,192800.0
TI00015765,TXN0005259,PROD00137,2,59500.0
TI00015766,TXN0005259,PROD00144,2,2659900.0
TI00015767,TXN0005260,PROD00038,2,3280700.0
TI00015768,TXN0005260,PROD00069,2,145200.0
TI00015769,TXN0005260,PROD00078,4,473100.0
TI00015770,TXN0005260,PROD00085,3,262600.0
TI00015771,TXN0005261,PROD00060,2,218600.0
TI00015772,TXN0005261,PROD00035,2,3271400.0
TI00015773,TXN0005261,PROD00177,2,228400.0
TI00015774,TXN0005261,PROD00124,1,11671600.0
TI00015775,TXN0005262,PROD00038,1,3280700.0
TI00015776,TXN0005262,PROD00082,1,435600.0
TI00015777,TXN0005263,PROD00065,4,846500.0
TI00015778,TXN0005263,PROD00093,3,2689800.0
TI00015779,TXN0005263,PROD00025,1,57900.0
TI00015780,TXN0005263,PROD00022,4,1337300.0
TI00015781,TXN0005264,PROD00045,1,75500.0
TI00015782,TXN0005264,PROD00076,2,609300.0
TI00015783,TXN0005264,PROD00152,2,170900.0
TI00015784,TXN0005264,PROD00084,4,1607800.0
TI00015785,TXN0005265,PROD00119,4,3450500.0
TI00015786,TXN0005265,PROD00083,4,6771700.0
TI00015787,TXN0005265,PROD00039,3,1936200.0
TI00015788,TXN0005266,PROD00132,1,6814300.0
TI00015789,TXN0005267,PROD00050,1,134700.0
TI00015790,TXN0005267,PROD00147,1,229500.0
TI00015791,TXN0005268,PROD00085,2,262600.0
TI00015792,TXN0005268,PROD00094,4,365200.0
TI00015793,TXN0005268,PROD00014,3,2104400.0
TI00015794,TXN0005268,PROD00106,1,610900.0
TI00015795,TXN0005269,PROD00167,1,79900.0
TI00015796,TXN0005269,PROD00093,4,2689800.0
TI00015797,TXN0005269,PROD00091,4,17600.0
TI00015798,TXN0005269,PROD00159,4,3240200.0
TI00015799,TXN0005270,PROD00097,3,2301200.0
TI00015800,TXN0005270,PROD00071,3,501200.0
TI00015801,TXN0005271,PROD00116,1,561100.0
TI00015802,TXN0005271,PROD00171,3,9207400.0
TI00015803,TXN0005272,PROD00040,1,3685900.0
TI00015804,TXN0005272,PROD00076,4,609300.0
TI00015805,TXN0005272,PROD00156,2,117900.0
TI00015806,TXN0005273,PROD00128,4,202200.0
TI00015807,TXN0005274,PROD00070,2,191800.0
TI00015808,TXN0005274,PROD00038,1,3280700.0
TI00015809,TXN0005274,PROD00047,2,165600.0
TI00015810,TXN0005275,PROD00123,1,520300.0
TI00015811,TXN0005275,PROD00050,2,134700.0
TI00015812,TXN0005275,PROD00132,3,6814300.0
TI00015813,TXN0005275,PROD00024,4,595000.0
TI00015814,TXN0005275,PROD00172,2,162600.0
TI00015815,TXN0005276,PROD00026,2,1447900.0
TI00015816,TXN0005276,PROD00009,3,183500.0
TI00015817,TXN0005276,PROD00170,2,806200.0
TI00015818,TXN0005277,PROD00130,2,213000.0
TI00015819,TXN0005278,PROD00081,1,41700.0
TI00015820,TXN0005278,PROD00054,2,1692000.0
TI00015821,TXN0005278,PROD00083,3,6771700.0
TI00015822,TXN0005279,PROD00173,2,67500.0
TI00015823,TXN0005279,PROD00076,1,609300.0
TI00015824,TXN0005280,PROD00098,2,66400.0
TI00015825,TXN0005281,PROD00115,3,1810600.0
TI00015826,TXN0005281,PROD00161,3,231200.0
TI00015827,TXN0005281,PROD00022,2,1337300.0
TI00015828,TXN0005282,PROD00083,1,6771700.0
TI00015829,TXN0005282,PROD00078,4,473100.0
TI00015830,TXN0005283,PROD00037,4,718700.0
TI00015831,TXN0005283,PROD00177,2,228400.0
TI00015832,TXN0005283,PROD00173,3,67500.0
TI00015833,TXN0005283,PROD00038,3,3280700.0
TI00015834,TXN0005283,PROD00009,1,183500.0
TI00015835,TXN0005284,PROD00078,4,473100.0
TI00015836,TXN0005284,PROD00089,1,11224800.0
TI00015837,TXN0005284,PROD00118,1,97800.0
TI00015838,TXN0005284,PROD00031,4,571800.0
TI00015839,TXN0005284,PROD00173,2,67500.0
TI00015840,TXN0005285,PROD00155,2,277300.0
TI00015841,TXN0005285,PROD00051,4,752100.0
TI00015842,TXN0005285,PROD00028,3,497400.0
TI00015843,TXN0005285,PROD00078,1,473100.0
TI00015844,TXN0005285,PROD00083,2,6771700.0
TI00015845,TXN0005286,PROD00112,3,3050100.0
TI00015846,TXN0005286,PROD00029,4,747300.0
TI00015847,TXN0005286,PROD00058,1,1306500.0
TI00015848,TXN0005286,PROD00107,4,75800.0
TI00015849,TXN0005286,PROD00120,1,283500.0
TI00015850,TXN0005287,PROD00082,3,435600.0
TI00015851,TXN0005288,PROD00175,2,99600.0
TI00015852,TXN0005288,PROD00006,4,1710300.0
TI00015853,TXN0005288,PROD00124,4,11671600.0
TI00015854,TXN0005288,PROD00172,1,162600.0
TI00015855,TXN0005289,PROD00156,2,117900.0
TI00015856,TXN0005289,PROD00096,1,366200.0
TI00015857,TXN0005289,PROD00062,4,83600.0
TI00015858,TXN0005289,PROD00020,3,176500.0
TI00015859,TXN0005290,PROD00036,2,11966500.0
TI00015860,TXN0005290,PROD00153,1,121800.0
TI00015861,TXN0005290,PROD00110,3,130700.0
TI00015862,TXN0005290,PROD00115,1,1810600.0
TI00015863,TXN0005291,PROD00157,1,6815900.0
TI00015864,TXN0005291,PROD00051,1,752100.0
TI00015865,TXN0005292,PROD00081,3,41700.0
TI00015866,TXN0005292,PROD00177,4,228400.0
TI00015867,TXN0005292,PROD00143,3,115300.0
TI00015868,TXN0005292,PROD00099,1,497200.0
TI00015869,TXN0005293,PROD00089,4,11224800.0
TI00015870,TXN0005293,PROD00064,3,1537200.0
TI00015871,TXN0005293,PROD00031,3,571800.0
TI00015872,TXN0005294,PROD00027,2,124600.0
TI00015873,TXN0005294,PROD00112,3,3050100.0
TI00015874,TXN0005294,PROD00029,1,747300.0
TI00015875,TXN0005294,PROD00076,2,609300.0
TI00015876,TXN0005295,PROD00123,4,520300.0
TI00015877,TXN0005295,PROD00087,4,86200.0
TI00015878,TXN0005295,PROD00073,1,55700.0
TI00015879,TXN0005295,PROD00089,3,11224800.0
TI00015880,TXN0005296,PROD00092,1,198900.0
TI00015881,TXN0005296,PROD00169,3,6358700.0
TI00015882,TXN0005297,PROD00174,3,71600.0
TI00015883,TXN0005297,PROD00015,3,327100.0
TI00015884,TXN0005297,PROD00056,2,246400.0
TI00015885,TXN0005297,PROD00131,2,2828000.0
TI00015886,TXN0005298,PROD00039,4,1936200.0
TI00015887,TXN0005298,PROD00159,4,3240200.0
TI00015888,TXN0005299,PROD00138,3,57200.0
TI00015889,TXN0005299,PROD00180,1,96700.0
TI00015890,TXN0005299,PROD00175,4,99600.0
TI00015891,TXN0005300,PROD00132,4,6814300.0
TI00015892,TXN0005300,PROD00093,2,2689800.0
TI00015893,TXN0005301,PROD00051,4,752100.0
TI00015894,TXN0005301,PROD00108,1,570800.0
TI00015895,TXN0005301,PROD00104,1,179700.0
TI00015896,TXN0005301,PROD00046,4,314500.0
TI00015897,TXN0005302,PROD00055,3,29300.0
TI00015898,TXN0005302,PROD00164,3,103200.0
TI00015899,TXN0005302,PROD00088,2,220600.0
TI00015900,TXN0005303,PROD00109,3,3001900.0
TI00015901,TXN0005304,PROD00156,4,117900.0
TI00015902,TXN0005304,PROD00068,2,189500.0
TI00015903,TXN0005305,PROD00119,3,3450500.0
TI00015904,TXN0005305,PROD00039,1,1936200.0
TI00015905,TXN0005305,PROD00134,4,1383900.0
TI00015906,TXN0005305,PROD00086,2,8987800.0
TI00015907,TXN0005305,PROD00084,3,1607800.0
TI00015908,TXN0005306,PROD00145,2,626300.0
TI00015909,TXN0005306,PROD00031,1,571800.0
TI00015910,TXN0005306,PROD00068,3,189500.0
TI00015911,TXN0005307,PROD00100,3,546800.0
TI00015912,TXN0005307,PROD00038,4,3280700.0
TI00015913,TXN0005307,PROD00080,3,204100.0
TI00015914,TXN0005307,PROD00037,1,718700.0
TI00015915,TXN0005308,PROD00163,2,337100.0
TI00015916,TXN0005308,PROD00177,3,228400.0
TI00015917,TXN0005308,PROD00120,3,283500.0
TI00015918,TXN0005308,PROD00006,4,1710300.0
TI00015919,TXN0005309,PROD00013,4,1045000.0
TI00015920,TXN0005309,PROD00116,4,561100.0
TI00015921,TXN0005310,PROD00150,1,874600.0
TI00015922,TXN0005311,PROD00006,2,1710300.0
TI00015923,TXN0005311,PROD00125,3,716900.0
TI00015924,TXN0005311,PROD00044,4,2984700.0
TI00015925,TXN0005312,PROD00128,1,202200.0
TI00015926,TXN0005313,PROD00014,2,2104400.0
TI00015927,TXN0005313,PROD00151,3,116700.0
TI00015928,TXN0005314,PROD00008,3,86100.0
TI00015929,TXN0005314,PROD00002,1,1365600.0
TI00015930,TXN0005314,PROD00046,1,314500.0
TI00015931,TXN0005314,PROD00150,1,874600.0
TI00015932,TXN0005314,PROD00177,3,228400.0
TI00015933,TXN0005315,PROD00046,3,314500.0
TI00015934,TXN0005315,PROD00158,3,488300.0
TI00015935,TXN0005315,PROD00147,3,229500.0
TI00015936,TXN0005315,PROD00015,2,327100.0
TI00015937,TXN0005316,PROD00127,3,172600.0
TI00015938,TXN0005316,PROD00089,4,11224800.0
TI00015939,TXN0005316,PROD00123,3,520300.0
TI00015940,TXN0005316,PROD00180,3,96700.0
TI00015941,TXN0005316,PROD00075,2,382900.0
TI00015942,TXN0005317,PROD00054,3,1692000.0
TI00015943,TXN0005317,PROD00063,4,631600.0
TI00015944,TXN0005318,PROD00052,1,58000.0
TI00015945,TXN0005318,PROD00014,2,2104400.0
TI00015946,TXN0005318,PROD00144,1,2659900.0
TI00015947,TXN0005318,PROD00036,1,11966500.0
TI00015948,TXN0005318,PROD00076,4,609300.0
TI00015949,TXN0005319,PROD00170,1,806200.0
TI00015950,TXN0005319,PROD00068,2,189500.0
TI00015951,TXN0005319,PROD00149,3,370000.0
TI00015952,TXN0005320,PROD00031,4,571800.0
TI00015953,TXN0005320,PROD00125,2,716900.0
TI00015954,TXN0005320,PROD00175,2,99600.0
TI00015955,TXN0005321,PROD00117,1,188000.0
TI00015956,TXN0005322,PROD00161,2,231200.0
TI00015957,TXN0005323,PROD00112,2,3050100.0
TI00015958,TXN0005324,PROD00018,4,2056700.0
TI00015959,TXN0005324,PROD00136,4,787800.0
TI00015960,TXN0005325,PROD00170,1,806200.0
TI00015961,TXN0005326,PROD00040,2,3685900.0
TI00015962,TXN0005327,PROD00103,4,499800.0
TI00015963,TXN0005327,PROD00148,1,272900.0
TI00015964,TXN0005328,PROD00156,4,117900.0
TI00015965,TXN0005328,PROD00082,3,435600.0
TI00015966,TXN0005328,PROD00062,3,83600.0
TI00015967,TXN0005328,PROD00092,1,198900.0
TI00015968,TXN0005329,PROD00116,4,561100.0
TI00015969,TXN0005329,PROD00178,2,55100.0
TI00015970,TXN0005329,PROD00048,4,88700.0
TI00015971,TXN0005330,PROD00180,2,96700.0
TI00015972,TXN0005330,PROD00068,1,189500.0
TI00015973,TXN0005330,PROD00160,4,297400.0
TI00015974,TXN0005330,PROD00037,3,718700.0
TI00015975,TXN0005330,PROD00015,1,327100.0
TI00015976,TXN0005331,PROD00168,2,54200.0
TI00015977,TXN0005332,PROD00134,2,1383900.0
TI00015978,TXN0005332,PROD00097,3,2301200.0
TI00015979,TXN0005333,PROD00058,2,1306500.0
TI00015980,TXN0005333,PROD00057,4,2101600.0
TI00015981,TXN0005333,PROD00055,4,29300.0
TI00015982,TXN0005333,PROD00134,3,1383900.0
TI00015983,TXN0005334,PROD00046,3,314500.0
TI00015984,TXN0005335,PROD00148,3,272900.0
TI00015985,TXN0005335,PROD00044,3,2984700.0
TI00015986,TXN0005335,PROD00061,2,8063300.0
TI00015987,TXN0005335,PROD00143,1,115300.0
TI00015988,TXN0005335,PROD00093,1,2689800.0
TI00015989,TXN0005336,PROD00174,3,71600.0
TI00015990,TXN0005336,PROD00080,3,204100.0
TI00015991,TXN0005336,PROD00078,4,473100.0
TI00015992,TXN0005337,PROD00015,4,327100.0
TI00015993,TXN0005337,PROD00094,1,365200.0
TI00015994,TXN0005337,PROD00027,2,124600.0
TI00015995,TXN0005338,PROD00167,4,79900.0
TI00015996,TXN0005339,PROD00157,2,6815900.0
TI00015997,TXN0005339,PROD00014,1,2104400.0
TI00015998,TXN0005339,PROD00035,1,3271400.0
TI00015999,TXN0005339,PROD00089,2,11224800.0
TI00016000,TXN0005339,PROD00065,2,846500.0
TI00016001,TXN0005340,PROD00028,4,497400.0
TI00016002,TXN0005340,PROD00014,2,2104400.0
TI00016003,TXN0005340,PROD00059,1,3249400.0
TI00016004,TXN0005341,PROD00088,2,220600.0
TI00016005,TXN0005341,PROD00115,4,1810600.0
TI00016006,TXN0005341,PROD00084,2,1607800.0
TI00016007,TXN0005341,PROD00092,4,198900.0
TI00016008,TXN0005341,PROD00030,1,10909100.0
TI00016009,TXN0005342,PROD00054,1,1692000.0
TI00016010,TXN0005342,PROD00180,2,96700.0
TI00016011,TXN0005343,PROD00120,4,283500.0
TI00016012,TXN0005344,PROD00160,4,297400.0
TI00016013,TXN0005344,PROD00157,3,6815900.0
TI00016014,TXN0005344,PROD00045,4,75500.0
TI00016015,TXN0005344,PROD00031,2,571800.0
TI00016016,TXN0005344,PROD00043,1,223400.0
TI00016017,TXN0005345,PROD00148,2,272900.0
TI00016018,TXN0005345,PROD00089,3,11224800.0
TI00016019,TXN0005345,PROD00144,4,2659900.0
TI00016020,TXN0005346,PROD00149,2,370000.0
TI00016021,TXN0005347,PROD00150,3,874600.0
TI00016022,TXN0005348,PROD00128,4,202200.0
TI00016023,TXN0005348,PROD00094,4,365200.0
TI00016024,TXN0005348,PROD00054,2,1692000.0
TI00016025,TXN0005349,PROD00107,3,75800.0
TI00016026,TXN0005349,PROD00075,4,382900.0
TI00016027,TXN0005349,PROD00131,3,2828000.0
TI00016028,TXN0005350,PROD00150,4,874600.0
TI00016029,TXN0005350,PROD00092,4,198900.0
TI00016030,TXN0005350,PROD00170,1,806200.0
TI00016031,TXN0005350,PROD00083,3,6771700.0
TI00016032,TXN0005351,PROD00119,3,3450500.0
TI00016033,TXN0005351,PROD00154,3,192800.0
TI00016034,TXN0005351,PROD00149,1,370000.0
TI00016035,TXN0005351,PROD00106,1,610900.0
TI00016036,TXN0005352,PROD00085,4,262600.0
TI00016037,TXN0005352,PROD00106,1,610900.0
TI00016038,TXN0005353,PROD00157,1,6815900.0
TI00016039,TXN0005353,PROD00128,1,202200.0
TI00016040,TXN0005353,PROD00159,3,3240200.0
TI00016041,TXN0005353,PROD00092,4,198900.0
TI00016042,TXN0005354,PROD00057,1,2101600.0
TI00016043,TXN0005354,PROD00130,3,213000.0
TI00016044,TXN0005354,PROD00047,1,165600.0
TI00016045,TXN0005354,PROD00096,4,366200.0
TI00016046,TXN0005355,PROD00008,2,86100.0
TI00016047,TXN0005355,PROD00164,2,103200.0
TI00016048,TXN0005356,PROD00004,3,1254300.0
TI00016049,TXN0005356,PROD00045,4,75500.0
TI00016050,TXN0005356,PROD00149,2,370000.0
TI00016051,TXN0005356,PROD00173,4,67500.0
TI00016052,TXN0005356,PROD00073,4,55700.0
TI00016053,TXN0005357,PROD00068,1,189500.0
TI00016054,TXN0005357,PROD00152,3,170900.0
TI00016055,TXN0005357,PROD00121,1,190400.0
TI00016056,TXN0005357,PROD00162,2,532200.0
TI00016057,TXN0005358,PROD00144,3,2659900.0
TI00016058,TXN0005358,PROD00154,2,192800.0
TI00016059,TXN0005358,PROD00062,2,83600.0
TI00016060,TXN0005359,PROD00175,3,99600.0
TI00016061,TXN0005359,PROD00158,2,488300.0
TI00016062,TXN0005359,PROD00018,3,2056700.0
TI00016063,TXN0005359,PROD00111,3,5440300.0
TI00016064,TXN0005359,PROD00152,2,170900.0
TI00016065,TXN0005360,PROD00167,2,79900.0
TI00016066,TXN0005360,PROD00174,1,71600.0
TI00016067,TXN0005360,PROD00083,1,6771700.0
TI00016068,TXN0005360,PROD00021,1,423700.0
TI00016069,TXN0005361,PROD00171,2,9207400.0
TI00016070,TXN0005361,PROD00078,1,473100.0
TI00016071,TXN0005361,PROD00148,1,272900.0
TI00016072,TXN0005361,PROD00118,1,97800.0
TI00016073,TXN0005362,PROD00007,1,456400.0
TI00016074,TXN0005362,PROD00145,1,626300.0
TI00016075,TXN0005362,PROD00139,3,621000.0
TI00016076,TXN0005362,PROD00157,1,6815900.0
TI00016077,TXN0005363,PROD00159,4,3240200.0
TI00016078,TXN0005364,PROD00093,4,2689800.0
TI00016079,TXN0005365,PROD00154,1,192800.0
TI00016080,TXN0005365,PROD00070,1,191800.0
TI00016081,TXN0005365,PROD00044,3,2984700.0
TI00016082,TXN0005366,PROD00140,4,10502400.0
TI00016083,TXN0005366,PROD00161,3,231200.0
TI00016084,TXN0005367,PROD00120,4,283500.0
TI00016085,TXN0005368,PROD00080,1,204100.0
TI00016086,TXN0005368,PROD00031,1,571800.0
TI00016087,TXN0005368,PROD00086,2,8987800.0
TI00016088,TXN0005369,PROD00120,4,283500.0
TI00016089,TXN0005369,PROD00001,1,179800.0
TI00016090,TXN0005369,PROD00114,4,362300.0
TI00016091,TXN0005369,PROD00149,1,370000.0
TI00016092,TXN0005370,PROD00055,3,29300.0
TI00016093,TXN0005371,PROD00143,3,115300.0
TI00016094,TXN0005371,PROD00053,3,197800.0
TI00016095,TXN0005371,PROD00098,3,66400.0
TI00016096,TXN0005372,PROD00119,2,3450500.0
TI00016097,TXN0005372,PROD00016,2,167400.0
TI00016098,TXN0005372,PROD00178,4,55100.0
TI00016099,TXN0005372,PROD00105,1,76100.0
TI00016100,TXN0005373,PROD00154,1,192800.0
TI00016101,TXN0005373,PROD00008,2,86100.0
TI00016102,TXN0005373,PROD00112,4,3050100.0
TI00016103,TXN0005374,PROD00003,2,623300.0
TI00016104,TXN0005375,PROD00169,2,6358700.0
TI00016105,TXN0005376,PROD00094,1,365200.0
TI00016106,TXN0005376,PROD00151,3,116700.0
TI00016107,TXN0005376,PROD00099,4,497200.0
TI00016108,TXN0005377,PROD00089,2,11224800.0
TI00016109,TXN0005377,PROD00163,4,337100.0
TI00016110,TXN0005377,PROD00170,3,806200.0
TI00016111,TXN0005377,PROD00109,3,3001900.0
TI00016112,TXN0005377,PROD00052,1,58000.0
TI00016113,TXN0005378,PROD00029,1,747300.0
TI00016114,TXN0005379,PROD00060,3,218600.0
TI00016115,TXN0005379,PROD00122,2,2205900.0
TI00016116,TXN0005380,PROD00071,4,501200.0
TI00016117,TXN0005380,PROD00021,1,423700.0
TI00016118,TXN0005381,PROD00126,4,219500.0
TI00016119,TXN0005381,PROD00129,4,67800.0
TI00016120,TXN0005382,PROD00125,1,716900.0
TI00016121,TXN0005382,PROD00158,2,488300.0
TI00016122,TXN0005382,PROD00166,2,120600.0
TI00016123,TXN0005382,PROD00011,2,810900.0
TI00016124,TXN0005382,PROD00132,1,6814300.0
TI00016125,TXN0005383,PROD00014,3,2104400.0
TI00016126,TXN0005383,PROD00079,3,31800.0
TI00016127,TXN0005384,PROD00155,4,277300.0
TI00016128,TXN0005385,PROD00066,1,162000.0
TI00016129,TXN0005385,PROD00151,1,116700.0
TI00016130,TXN0005385,PROD00091,3,17600.0
TI00016131,TXN0005385,PROD00122,2,2205900.0
TI00016132,TXN0005386,PROD00005,3,613400.0
TI00016133,TXN0005386,PROD00004,2,1254300.0
TI00016134,TXN0005386,PROD00162,2,532200.0
TI00016135,TXN0005386,PROD00048,3,88700.0
TI00016136,TXN0005386,PROD00131,1,2828000.0
TI00016137,TXN0005387,PROD00139,2,621000.0
TI00016138,TXN0005388,PROD00127,3,172600.0
TI00016139,TXN0005388,PROD00174,1,71600.0
TI00016140,TXN0005388,PROD00071,2,501200.0
TI00016141,TXN0005388,PROD00054,1,1692000.0
TI00016142,TXN0005389,PROD00147,1,229500.0
TI00016143,TXN0005389,PROD00044,4,2984700.0
TI00016144,TXN0005389,PROD00086,2,8987800.0
TI00016145,TXN0005389,PROD00164,2,103200.0
TI00016146,TXN0005390,PROD00105,2,76100.0
TI00016147,TXN0005390,PROD00129,2,67800.0
TI00016148,TXN0005391,PROD00040,4,3685900.0
TI00016149,TXN0005391,PROD00157,4,6815900.0
TI00016150,TXN0005391,PROD00177,3,228400.0
TI00016151,TXN0005392,PROD00021,4,423700.0
TI00016152,TXN0005392,PROD00024,4,595000.0
TI00016153,TXN0005393,PROD00107,2,75800.0
TI00016154,TXN0005394,PROD00003,4,623300.0
TI00016155,TXN0005394,PROD00118,4,97800.0
TI00016156,TXN0005394,PROD00169,3,6358700.0
TI00016157,TXN0005395,PROD00100,2,546800.0
TI00016158,TXN0005395,PROD00040,1,3685900.0
TI00016159,TXN0005396,PROD00163,1,337100.0
TI00016160,TXN0005397,PROD00177,2,228400.0
TI00016161,TXN0005397,PROD00149,1,370000.0
TI00016162,TXN0005397,PROD00084,3,1607800.0
TI00016163,TXN0005397,PROD00007,3,456400.0
TI00016164,TXN0005397,PROD00152,3,170900.0
TI00016165,TXN0005398,PROD00113,2,4916800.0
TI00016166,TXN0005398,PROD00037,1,718700.0
TI00016167,TXN0005398,PROD00091,3,17600.0
TI00016168,TXN0005398,PROD00076,4,609300.0
TI00016169,TXN0005398,PROD00120,3,283500.0
TI00016170,TXN0005399,PROD00115,3,1810600.0
TI00016171,TXN0005400,PROD00001,3,179800.0
TI00016172,TXN0005400,PROD00068,3,189500.0
TI00016173,TXN0005400,PROD00099,3,497200.0
TI00016174,TXN0005400,PROD00084,3,1607800.0
TI00016175,TXN0005400,PROD00026,4,1447900.0
TI00016176,TXN0005401,PROD00133,3,521500.0
TI00016177,TXN0005401,PROD00018,2,2056700.0
TI00016178,TXN0005401,PROD00075,3,382900.0
TI00016179,TXN0005402,PROD00137,3,59500.0
TI00016180,TXN0005402,PROD00171,1,9207400.0
TI00016181,TXN0005402,PROD00101,2,11745100.0
TI00016182,TXN0005402,PROD00077,1,37900.0
TI00016183,TXN0005402,PROD00098,3,66400.0
TI00016184,TXN0005403,PROD00076,1,609300.0
TI00016185,TXN0005403,PROD00040,2,3685900.0
TI00016186,TXN0005403,PROD00020,4,176500.0
TI00016187,TXN0005403,PROD00061,4,8063300.0
TI00016188,TXN0005403,PROD00153,3,121800.0
TI00016189,TXN0005404,PROD00158,4,488300.0
TI00016190,TXN0005404,PROD00055,4,29300.0
TI00016191,TXN0005405,PROD00093,3,2689800.0
TI00016192,TXN0005406,PROD00030,1,10909100.0
TI00016193,TXN0005406,PROD00043,2,223400.0
TI00016194,TXN0005406,PROD00082,2,435600.0
TI00016195,TXN0005407,PROD00036,2,11966500.0
TI00016196,TXN0005407,PROD00047,1,165600.0
TI00016197,TXN0005407,PROD00059,4,3249400.0
TI00016198,TXN0005407,PROD00117,3,188000.0
TI00016199,TXN0005408,PROD00123,1,520300.0
TI00016200,TXN0005408,PROD00013,4,1045000.0
TI00016201,TXN0005409,PROD00126,2,219500.0
TI00016202,TXN0005409,PROD00117,1,188000.0
TI00016203,TXN0005409,PROD00054,1,1692000.0
TI00016204,TXN0005409,PROD00058,3,1306500.0
TI00016205,TXN0005409,PROD00096,2,366200.0
TI00016206,TXN0005410,PROD00175,4,99600.0
TI00016207,TXN0005410,PROD00140,2,10502400.0
TI00016208,TXN0005410,PROD00046,2,314500.0
TI00016209,TXN0005411,PROD00072,3,470400.0
TI00016210,TXN0005411,PROD00095,1,428500.0
TI00016211,TXN0005411,PROD00026,1,1447900.0
TI00016212,TXN0005411,PROD00016,1,167400.0
TI00016213,TXN0005411,PROD00143,3,115300.0
TI00016214,TXN0005412,PROD00128,2,202200.0
TI00016215,TXN0005413,PROD00106,3,610900.0
TI00016216,TXN0005414,PROD00168,2,54200.0
TI00016217,TXN0005414,PROD00082,2,435600.0
TI00016218,TXN0005414,PROD00087,3,86200.0
TI00016219,TXN0005414,PROD00049,4,244600.0
TI00016220,TXN0005414,PROD00080,1,204100.0
TI00016221,TXN0005415,PROD00070,1,191800.0
TI00016222,TXN0005416,PROD00075,3,382900.0
TI00016223,TXN0005416,PROD00038,2,3280700.0
TI00016224,TXN0005417,PROD00166,1,120600.0
TI00016225,TXN0005417,PROD00021,4,423700.0
TI00016226,TXN0005417,PROD00175,2,99600.0
TI00016227,TXN0005417,PROD00118,2,97800.0
TI00016228,TXN0005417,PROD00058,2,1306500.0
TI00016229,TXN0005418,PROD00001,4,179800.0
TI00016230,TXN0005418,PROD00169,2,6358700.0
TI00016231,TXN0005419,PROD00129,4,67800.0
TI00016232,TXN0005419,PROD00062,1,83600.0
TI00016233,TXN0005419,PROD00147,2,229500.0
TI00016234,TXN0005419,PROD00008,1,86100.0
TI00016235,TXN0005420,PROD00159,1,3240200.0
TI00016236,TXN0005420,PROD00139,1,621000.0
TI00016237,TXN0005420,PROD00151,2,116700.0
TI00016238,TXN0005420,PROD00111,3,5440300.0
TI00016239,TXN0005421,PROD00121,3,190400.0
TI00016240,TXN0005421,PROD00042,3,110400.0
TI00016241,TXN0005422,PROD00113,4,4916800.0
TI00016242,TXN0005423,PROD00139,1,621000.0
TI00016243,TXN0005423,PROD00054,1,1692000.0
TI00016244,TXN0005424,PROD00130,4,213000.0
TI00016245,TXN0005424,PROD00148,4,272900.0
TI00016246,TXN0005424,PROD00092,3,198900.0
TI00016247,TXN0005424,PROD00028,1,497400.0
TI00016248,TXN0005425,PROD00096,3,366200.0
TI00016249,TXN0005426,PROD00120,4,283500.0
TI00016250,TXN0005426,PROD00113,1,4916800.0
TI00016251,TXN0005427,PROD00036,1,11966500.0
TI00016252,TXN0005427,PROD00087,1,86200.0
TI00016253,TXN0005427,PROD00121,1,190400.0
TI00016254,TXN0005427,PROD00095,1,428500.0
TI00016255,TXN0005428,PROD00138,2,57200.0
TI00016256,TXN0005428,PROD00090,4,838900.0
TI00016257,TXN0005428,PROD00121,2,190400.0
TI00016258,TXN0005428,PROD00080,3,204100.0
TI00016259,TXN0005429,PROD00178,3,55100.0
TI00016260,TXN0005430,PROD00100,2,546800.0
TI00016261,TXN0005431,PROD00045,1,75500.0
TI00016262,TXN0005432,PROD00122,3,2205900.0
TI00016263,TXN0005432,PROD00035,1,3271400.0
TI00016264,TXN0005433,PROD00040,4,3685900.0
TI00016265,TXN0005434,PROD00007,4,456400.0
TI00016266,TXN0005434,PROD00093,3,2689800.0
TI00016267,TXN0005434,PROD00010,2,675900.0
TI00016268,TXN0005434,PROD00099,3,497200.0
TI00016269,TXN0005435,PROD00041,3,792800.0
TI00016270,TXN0005435,PROD00084,4,1607800.0
TI00016271,TXN0005435,PROD00073,4,55700.0
TI00016272,TXN0005435,PROD00101,2,11745100.0
TI00016273,TXN0005435,PROD00087,1,86200.0
TI00016274,TXN0005436,PROD00077,3,37900.0
TI00016275,TXN0005437,PROD00053,4,197800.0
TI00016276,TXN0005438,PROD00113,3,4916800.0
TI00016277,TXN0005438,PROD00041,4,792800.0
TI00016278,TXN0005439,PROD00105,4,76100.0
TI00016279,TXN0005439,PROD00179,4,1206500.0
TI00016280,TXN0005440,PROD00072,3,470400.0
TI00016281,TXN0005441,PROD00076,1,609300.0
TI00016282,TXN0005441,PROD00044,3,2984700.0
TI00016283,TXN0005442,PROD00094,4,365200.0
TI00016284,TXN0005442,PROD00074,1,99400.0
TI00016285,TXN0005443,PROD00124,4,11671600.0
TI00016286,TXN0005443,PROD00022,1,1337300.0
TI00016287,TXN0005444,PROD00160,4,297400.0
TI00016288,TXN0005444,PROD00125,1,716900.0
TI00016289,TXN0005444,PROD00057,1,2101600.0
TI00016290,TXN0005444,PROD00018,3,2056700.0
TI00016291,TXN0005444,PROD00028,4,497400.0
TI00016292,TXN0005445,PROD00155,3,277300.0
TI00016293,TXN0005445,PROD00095,3,428500.0
TI00016294,TXN0005445,PROD00048,2,88700.0
TI00016295,TXN0005445,PROD00024,3,595000.0
TI00016296,TXN0005445,PROD00025,1,57900.0
TI00016297,TXN0005446,PROD00174,3,71600.0
TI00016298,TXN0005447,PROD00157,1,6815900.0
TI00016299,TXN0005447,PROD00016,2,167400.0
TI00016300,TXN0005447,PROD00135,3,495100.0
TI00016301,TXN0005447,PROD00107,3,75800.0
TI00016302,TXN0005448,PROD00110,3,130700.0
TI00016303,TXN0005448,PROD00067,3,1694500.0
TI00016304,TXN0005449,PROD00115,2,1810600.0
TI00016305,TXN0005449,PROD00148,3,272900.0
TI00016306,TXN0005449,PROD00145,3,626300.0
TI00016307,TXN0005449,PROD00124,2,11671600.0
TI00016308,TXN0005449,PROD00067,1,1694500.0
TI00016309,TXN0005450,PROD00136,4,787800.0
TI00016310,TXN0005450,PROD00043,3,223400.0
TI00016311,TXN0005450,PROD00123,4,520300.0
TI00016312,TXN0005450,PROD00084,3,1607800.0
TI00016313,TXN0005451,PROD00165,2,242000.0
TI00016314,TXN0005451,PROD00111,1,5440300.0
TI00016315,TXN0005451,PROD00124,1,11671600.0
TI00016316,TXN0005451,PROD00047,3,165600.0
TI00016317,TXN0005451,PROD00082,1,435600.0
TI00016318,TXN0005452,PROD00134,3,1383900.0
TI00016319,TXN0005452,PROD00173,1,67500.0
TI00016320,TXN0005452,PROD00153,1,121800.0
TI00016321,TXN0005452,PROD00067,2,1694500.0
TI00016322,TXN0005453,PROD00124,2,11671600.0
TI00016323,TXN0005453,PROD00019,4,353800.0
TI00016324,TXN0005453,PROD00166,3,120600.0
TI00016325,TXN0005453,PROD00165,2,242000.0
TI00016326,TXN0005454,PROD00006,1,1710300.0
TI00016327,TXN0005455,PROD00082,4,435600.0
TI00016328,TXN0005455,PROD00019,3,353800.0
TI00016329,TXN0005456,PROD00011,2,810900.0
TI00016330,TXN0005456,PROD00145,4,626300.0
TI00016331,TXN0005457,PROD00105,4,76100.0
TI00016332,TXN0005457,PROD00071,2,501200.0
TI00016333,TXN0005457,PROD00028,3,497400.0
TI00016334,TXN0005458,PROD00084,2,1607800.0
TI00016335,TXN0005458,PROD00136,2,787800.0
TI00016336,TXN0005458,PROD00004,3,1254300.0
TI00016337,TXN0005458,PROD00100,1,546800.0
TI00016338,TXN0005459,PROD00020,4,176500.0
TI00016339,TXN0005459,PROD00049,1,244600.0
TI00016340,TXN0005459,PROD00009,4,183500.0
TI00016341,TXN0005459,PROD00064,1,1537200.0
TI00016342,TXN0005460,PROD00015,2,327100.0
TI00016343,TXN0005460,PROD00142,4,324600.0
TI00016344,TXN0005460,PROD00120,2,283500.0
TI00016345,TXN0005460,PROD00122,1,2205900.0
TI00016346,TXN0005460,PROD00179,4,1206500.0
TI00016347,TXN0005461,PROD00115,2,1810600.0
TI00016348,TXN0005461,PROD00089,4,11224800.0
TI00016349,TXN0005462,PROD00103,4,499800.0
TI00016350,TXN0005463,PROD00001,4,179800.0
TI00016351,TXN0005464,PROD00056,4,246400.0
TI00016352,TXN0005464,PROD00034,4,1485900.0
TI00016353,TXN0005464,PROD00095,1,428500.0
TI00016354,TXN0005464,PROD00162,1,532200.0
TI00016355,TXN0005464,PROD00173,4,67500.0
TI00016356,TXN0005465,PROD00011,1,810900.0
TI00016357,TXN0005465,PROD00002,1,1365600.0
TI00016358,TXN0005465,PROD00128,1,202200.0
TI00016359,TXN0005465,PROD00016,2,167400.0
TI00016360,TXN0005466,PROD00044,4,2984700.0
TI00016361,TXN0005467,PROD00158,3,488300.0
TI00016362,TXN0005467,PROD00011,1,810900.0
TI00016363,TXN0005468,PROD00140,1,10502400.0
TI00016364,TXN0005469,PROD00151,4,116700.0
TI00016365,TXN0005469,PROD00029,4,747300.0
TI00016366,TXN0005469,PROD00002,4,1365600.0
TI00016367,TXN0005470,PROD00011,1,810900.0
TI00016368,TXN0005471,PROD00059,2,3249400.0
TI00016369,TXN0005471,PROD00046,3,314500.0
TI00016370,TXN0005471,PROD00144,1,2659900.0
TI00016371,TXN0005471,PROD00039,4,1936200.0
TI00016372,TXN0005472,PROD00152,4,170900.0
TI00016373,TXN0005472,PROD00085,1,262600.0
TI00016374,TXN0005473,PROD00028,4,497400.0
TI00016375,TXN0005473,PROD00017,1,61400.0
TI00016376,TXN0005474,PROD00065,4,846500.0
TI00016377,TXN0005474,PROD00078,3,473100.0
TI00016378,TXN0005474,PROD00153,3,121800.0
TI00016379,TXN0005475,PROD00041,2,792800.0
TI00016380,TXN0005475,PROD00022,3,1337300.0
TI00016381,TXN0005475,PROD00133,3,521500.0
TI00016382,TXN0005476,PROD00179,3,1206500.0
TI00016383,TXN0005476,PROD00120,1,283500.0
TI00016384,TXN0005476,PROD00089,2,11224800.0
TI00016385,TXN0005477,PROD00167,2,79900.0
TI00016386,TXN0005477,PROD00036,2,11966500.0
TI00016387,TXN0005477,PROD00108,3,570800.0
TI00016388,TXN0005478,PROD00169,4,6358700.0
TI00016389,TXN0005479,PROD00128,2,202200.0
TI00016390,TXN0005479,PROD00032,1,359500.0
TI00016391,TXN0005479,PROD00176,2,168200.0
TI00016392,TXN0005479,PROD00050,1,134700.0
TI00016393,TXN0005480,PROD00158,2,488300.0
TI00016394,TXN0005480,PROD00164,1,103200.0
TI00016395,TXN0005481,PROD00072,2,470400.0
TI00016396,TXN0005481,PROD00079,4,31800.0
TI00016397,TXN0005481,PROD00133,1,521500.0
TI00016398,TXN0005481,PROD00043,4,223400.0
TI00016399,TXN0005482,PROD00012,3,744700.0
TI00016400,TXN0005483,PROD00179,4,1206500.0
TI00016401,TXN0005484,PROD00045,2,75500.0
TI00016402,TXN0005484,PROD00146,4,647500.0
TI00016403,TXN0005484,PROD00097,3,2301200.0
TI00016404,TXN0005484,PROD00009,1,183500.0
TI00016405,TXN0005485,PROD00032,3,359500.0
TI00016406,TXN0005485,PROD00107,3,75800.0
TI00016407,TXN0005485,PROD00077,3,37900.0
TI00016408,TXN0005485,PROD00153,3,121800.0
TI00016409,TXN0005486,PROD00119,4,3450500.0
TI00016410,TXN0005486,PROD00031,1,571800.0
TI00016411,TXN0005486,PROD00063,3,631600.0
TI00016412,TXN0005486,PROD00177,2,228400.0
TI00016413,TXN0005487,PROD00129,2,67800.0
TI00016414,TXN0005487,PROD00149,4,370000.0
TI00016415,TXN0005487,PROD00055,2,29300.0
TI00016416,TXN0005487,PROD00163,2,337100.0
TI00016417,TXN0005488,PROD00097,3,2301200.0
TI00016418,TXN0005488,PROD00110,2,130700.0
TI00016419,TXN0005488,PROD00083,4,6771700.0
TI00016420,TXN0005488,PROD00066,3,162000.0
TI00016421,TXN0005489,PROD00088,1,220600.0
TI00016422,TXN0005489,PROD00161,2,231200.0
TI00016423,TXN0005489,PROD00071,1,501200.0
TI00016424,TXN0005490,PROD00077,2,37900.0
TI00016425,TXN0005491,PROD00052,2,58000.0
TI00016426,TXN0005491,PROD00142,2,324600.0
TI00016427,TXN0005491,PROD00045,2,75500.0
TI00016428,TXN0005492,PROD00100,2,546800.0
TI00016429,TXN0005492,PROD00107,2,75800.0
TI00016430,TXN0005492,PROD00132,4,6814300.0
TI00016431,TXN0005493,PROD00078,2,473100.0
TI00016432,TXN0005493,PROD00155,1,277300.0
TI00016433,TXN0005493,PROD00163,2,337100.0
TI00016434,TXN0005494,PROD00052,2,58000.0
TI00016435,TXN0005495,PROD00019,4,353800.0
TI00016436,TXN0005495,PROD00157,4,6815900.0
TI00016437,TXN0005495,PROD00020,1,176500.0
TI00016438,TXN0005495,PROD00094,1,365200.0
TI00016439,TXN0005496,PROD00021,3,423700.0
TI00016440,TXN0005497,PROD00040,2,3685900.0
TI00016441,TXN0005497,PROD00055,3,29300.0
TI00016442,TXN0005497,PROD00018,2,2056700.0
TI00016443,TXN0005497,PROD00091,1,17600.0
TI00016444,TXN0005498,PROD00148,1,272900.0
TI00016445,TXN0005499,PROD00113,1,4916800.0
TI00016446,TXN0005499,PROD00156,3,117900.0
TI00016447,TXN0005499,PROD00036,1,11966500.0
TI00016448,TXN0005500,PROD00024,3,595000.0
TI00016449,TXN0005500,PROD00016,3,167400.0
TI00016450,TXN0005500,PROD00008,2,86100.0
TI00016451,TXN0005500,PROD00165,1,242000.0
TI00016452,TXN0005500,PROD00149,1,370000.0
TI00016453,TXN0005501,PROD00058,4,1306500.0
TI00016454,TXN0005501,PROD00036,3,11966500.0
TI00016455,TXN0005501,PROD00004,4,1254300.0
TI00016456,TXN0005501,PROD00174,3,71600.0
TI00016457,TXN0005502,PROD00163,2,337100.0
TI00016458,TXN0005503,PROD00101,4,11745100.0
TI00016459,TXN0005503,PROD00114,2,362300.0
TI00016460,TXN0005504,PROD00064,4,1537200.0
TI00016461,TXN0005504,PROD00021,3,423700.0
TI00016462,TXN0005504,PROD00016,2,167400.0
TI00016463,TXN0005505,PROD00071,1,501200.0
TI00016464,TXN0005506,PROD00111,2,5440300.0
TI00016465,TXN0005506,PROD00075,2,382900.0
TI00016466,TXN0005507,PROD00098,2,66400.0
TI00016467,TXN0005507,PROD00029,2,747300.0
TI00016468,TXN0005507,PROD00073,1,55700.0
TI00016469,TXN0005508,PROD00035,3,3271400.0
TI00016470,TXN0005508,PROD00177,3,228400.0
TI00016471,TXN0005508,PROD00139,1,621000.0
TI00016472,TXN0005509,PROD00169,2,6358700.0
TI00016473,TXN0005509,PROD00122,3,2205900.0
TI00016474,TXN0005509,PROD00067,4,1694500.0
TI00016475,TXN0005510,PROD00151,3,116700.0
TI00016476,TXN0005510,PROD00124,4,11671600.0
TI00016477,TXN0005510,PROD00042,2,110400.0
TI00016478,TXN0005510,PROD00167,2,79900.0
TI00016479,TXN0005510,PROD00079,3,31800.0
TI00016480,TXN0005511,PROD00007,2,456400.0
TI00016481,TXN0005511,PROD00167,1,79900.0
TI00016482,TXN0005511,PROD00072,1,470400.0
TI00016483,TXN0005512,PROD00163,4,337100.0
TI00016484,TXN0005512,PROD00152,1,170900.0
TI00016485,TXN0005512,PROD00157,1,6815900.0
TI00016486,TXN0005513,PROD00083,1,6771700.0
TI00016487,TXN0005513,PROD00072,3,470400.0
TI00016488,TXN0005513,PROD00096,4,366200.0
TI00016489,TXN0005513,PROD00054,4,1692000.0
TI00016490,TXN0005513,PROD00145,4,626300.0
TI00016491,TXN0005514,PROD00046,2,314500.0
TI00016492,TXN0005514,PROD00056,1,246400.0
TI00016493,TXN0005514,PROD00061,1,8063300.0
TI00016494,TXN0005514,PROD00146,2,647500.0
TI00016495,TXN0005514,PROD00087,3,86200.0
TI00016496,TXN0005515,PROD00169,3,6358700.0
TI00016497,TXN0005515,PROD00047,4,165600.0
TI00016498,TXN0005515,PROD00164,2,103200.0
TI00016499,TXN0005516,PROD00028,3,497400.0
TI00016500,TXN0005516,PROD00045,2,75500.0
TI00016501,TXN0005517,PROD00126,1,219500.0
TI00016502,TXN0005517,PROD00009,1,183500.0
TI00016503,TXN0005517,PROD00032,4,359500.0
TI00016504,TXN0005517,PROD00057,3,2101600.0
TI00016505,TXN0005517,PROD00025,1,57900.0
TI00016506,TXN0005518,PROD00094,2,365200.0
TI00016507,TXN0005518,PROD00143,4,115300.0
TI00016508,TXN0005519,PROD00162,3,532200.0
TI00016509,TXN0005519,PROD00046,4,314500.0
TI00016510,TXN0005519,PROD00032,3,359500.0
TI00016511,TXN0005519,PROD00087,3,86200.0
TI00016512,TXN0005519,PROD00023,2,225100.0
TI00016513,TXN0005520,PROD00118,1,97800.0
TI00016514,TXN0005521,PROD00056,1,246400.0
TI00016515,TXN0005521,PROD00090,1,838900.0
TI00016516,TXN0005521,PROD00179,3,1206500.0
TI00016517,TXN0005521,PROD00172,3,162600.0
TI00016518,TXN0005521,PROD00132,2,6814300.0
TI00016519,TXN0005522,PROD00109,1,3001900.0
TI00016520,TXN0005522,PROD00072,4,470400.0
TI00016521,TXN0005522,PROD00051,1,752100.0
TI00016522,TXN0005522,PROD00173,2,67500.0
TI00016523,TXN0005522,PROD00052,1,58000.0
TI00016524,TXN0005523,PROD00170,3,806200.0
TI00016525,TXN0005523,PROD00137,2,59500.0
TI00016526,TXN0005523,PROD00122,4,2205900.0
TI00016527,TXN0005523,PROD00143,4,115300.0
TI00016528,TXN0005524,PROD00057,4,2101600.0
TI00016529,TXN0005524,PROD00102,2,171600.0
TI00016530,TXN0005524,PROD00169,1,6358700.0
TI00016531,TXN0005525,PROD00099,4,497200.0
TI00016532,TXN0005526,PROD00140,4,10502400.0
TI00016533,TXN0005526,PROD00081,3,41700.0
TI00016534,TXN0005527,PROD00108,3,570800.0
TI00016535,TXN0005528,PROD00026,1,1447900.0
TI00016536,TXN0005528,PROD00022,3,1337300.0
TI00016537,TXN0005529,PROD00100,1,546800.0
TI00016538,TXN0005529,PROD00033,1,10971800.0
TI00016539,TXN0005530,PROD00044,3,2984700.0
TI00016540,TXN0005530,PROD00060,1,218600.0
TI00016541,TXN0005531,PROD00038,1,3280700.0
TI00016542,TXN0005531,PROD00153,4,121800.0
TI00016543,TXN0005532,PROD00052,1,58000.0
TI00016544,TXN0005533,PROD00113,3,4916800.0
TI00016545,TXN0005533,PROD00021,3,423700.0
TI00016546,TXN0005533,PROD00166,3,120600.0
TI00016547,TXN0005533,PROD00172,3,162600.0
TI00016548,TXN0005533,PROD00075,2,382900.0
TI00016549,TXN0005534,PROD00166,4,120600.0
TI00016550,TXN0005534,PROD00075,4,382900.0
TI00016551,TXN0005534,PROD00087,4,86200.0
TI00016552,TXN0005534,PROD00173,3,67500.0
TI00016553,TXN0005535,PROD00089,1,11224800.0
TI00016554,TXN0005535,PROD00026,4,1447900.0
TI00016555,TXN0005535,PROD00129,2,67800.0
TI00016556,TXN0005535,PROD00054,2,1692000.0
TI00016557,TXN0005536,PROD00063,2,631600.0
TI00016558,TXN0005536,PROD00111,1,5440300.0
TI00016559,TXN0005537,PROD00119,4,3450500.0
TI00016560,TXN0005537,PROD00177,4,228400.0
TI00016561,TXN0005537,PROD00130,1,213000.0
TI00016562,TXN0005538,PROD00087,4,86200.0
TI00016563,TXN0005538,PROD00006,4,1710300.0
TI00016564,TXN0005539,PROD00099,3,497200.0
TI00016565,TXN0005540,PROD00013,4,1045000.0
TI00016566,TXN0005541,PROD00096,4,366200.0
TI00016567,TXN0005541,PROD00089,3,11224800.0
TI00016568,TXN0005541,PROD00054,4,1692000.0
TI00016569,TXN0005541,PROD00035,3,3271400.0
TI00016570,TXN0005542,PROD00047,3,165600.0
TI00016571,TXN0005543,PROD00134,3,1383900.0
TI00016572,TXN0005543,PROD00073,4,55700.0
TI00016573,TXN0005543,PROD00132,1,6814300.0
TI00016574,TXN0005543,PROD00054,1,1692000.0
TI00016575,TXN0005544,PROD00169,4,6358700.0
TI00016576,TXN0005544,PROD00176,1,168200.0
TI00016577,TXN0005544,PROD00040,4,3685900.0
TI00016578,TXN0005544,PROD00002,2,1365600.0
TI00016579,TXN0005544,PROD00132,1,6814300.0
TI00016580,TXN0005545,PROD00123,1,520300.0
TI00016581,TXN0005545,PROD00021,2,423700.0
TI00016582,TXN0005546,PROD00137,4,59500.0
TI00016583,TXN0005546,PROD00123,3,520300.0
TI00016584,TXN0005546,PROD00155,1,277300.0
TI00016585,TXN0005546,PROD00033,1,10971800.0
TI00016586,TXN0005546,PROD00025,1,57900.0
TI00016587,TXN0005547,PROD00108,1,570800.0
TI00016588,TXN0005547,PROD00003,4,623300.0
TI00016589,TXN0005547,PROD00027,4,124600.0
TI00016590,TXN0005547,PROD00131,3,2828000.0
TI00016591,TXN0005548,PROD00079,1,31800.0
TI00016592,TXN0005548,PROD00153,3,121800.0
TI00016593,TXN0005549,PROD00104,4,179700.0
TI00016594,TXN0005550,PROD00125,4,716900.0
TI00016595,TXN0005551,PROD00022,4,1337300.0
TI00016596,TXN0005551,PROD00158,3,488300.0
TI00016597,TXN0005552,PROD00036,4,11966500.0
TI00016598,TXN0005552,PROD00126,2,219500.0
TI00016599,TXN0005552,PROD00174,3,71600.0
TI00016600,TXN0005553,PROD00017,2,61400.0
TI00016601,TXN0005553,PROD00024,3,595000.0
TI00016602,TXN0005553,PROD00133,4,521500.0
TI00016603,TXN0005554,PROD00029,1,747300.0
TI00016604,TXN0005554,PROD00099,4,497200.0
TI00016605,TXN0005554,PROD00055,2,29300.0
TI00016606,TXN0005555,PROD00178,1,55100.0
TI00016607,TXN0005555,PROD00050,2,134700.0
TI00016608,TXN0005555,PROD00106,3,610900.0
TI00016609,TXN0005555,PROD00045,1,75500.0
TI00016610,TXN0005555,PROD00137,2,59500.0
TI00016611,TXN0005556,PROD00073,1,55700.0
TI00016612,TXN0005556,PROD00103,4,499800.0
TI00016613,TXN0005557,PROD00115,3,1810600.0
TI00016614,TXN0005557,PROD00078,4,473100.0
TI00016615,TXN0005557,PROD00166,3,120600.0
TI00016616,TXN0005558,PROD00138,4,57200.0
TI00016617,TXN0005558,PROD00037,2,718700.0
TI00016618,TXN0005558,PROD00030,2,10909100.0
TI00016619,TXN0005559,PROD00084,4,1607800.0
TI00016620,TXN0005559,PROD00131,4,2828000.0
TI00016621,TXN0005559,PROD00140,3,10502400.0
TI00016622,TXN0005560,PROD00017,1,61400.0
TI00016623,TXN0005560,PROD00088,2,220600.0
TI00016624,TXN0005561,PROD00170,4,806200.0
TI00016625,TXN0005561,PROD00107,2,75800.0
TI00016626,TXN0005561,PROD00083,4,6771700.0
TI00016627,TXN0005561,PROD00178,3,55100.0
TI00016628,TXN0005561,PROD00108,3,570800.0
TI00016629,TXN0005562,PROD00021,2,423700.0
TI00016630,TXN0005562,PROD00059,3,3249400.0
TI00016631,TXN0005562,PROD00079,2,31800.0
TI00016632,TXN0005562,PROD00023,2,225100.0
TI00016633,TXN0005563,PROD00007,4,456400.0
TI00016634,TXN0005564,PROD00035,4,3271400.0
TI00016635,TXN0005564,PROD00157,4,6815900.0
TI00016636,TXN0005564,PROD00159,3,3240200.0
TI00016637,TXN0005564,PROD00115,4,1810600.0
TI00016638,TXN0005565,PROD00128,2,202200.0
TI00016639,TXN0005565,PROD00162,2,532200.0
TI00016640,TXN0005565,PROD00013,4,1045000.0
TI00016641,TXN0005565,PROD00061,4,8063300.0
TI00016642,TXN0005566,PROD00080,3,204100.0
TI00016643,TXN0005566,PROD00025,2,57900.0
TI00016644,TXN0005566,PROD00009,4,183500.0
TI00016645,TXN0005567,PROD00134,2,1383900.0
TI00016646,TXN0005568,PROD00172,1,162600.0
TI00016647,TXN0005568,PROD00071,2,501200.0
TI00016648,TXN0005569,PROD00051,2,752100.0
TI00016649,TXN0005569,PROD00176,1,168200.0
TI00016650,TXN0005569,PROD00035,1,3271400.0
TI00016651,TXN0005569,PROD00014,4,2104400.0
TI00016652,TXN0005570,PROD00129,3,67800.0
TI00016653,TXN0005571,PROD00120,3,283500.0
TI00016654,TXN0005571,PROD00135,4,495100.0
TI00016655,TXN0005571,PROD00141,3,527900.0
TI00016656,TXN0005571,PROD00132,4,6814300.0
TI00016657,TXN0005571,PROD00078,4,473100.0
TI00016658,TXN0005572,PROD00154,3,192800.0
TI00016659,TXN0005572,PROD00023,4,225100.0
TI00016660,TXN0005572,PROD00118,1,97800.0
TI00016661,TXN0005573,PROD00046,1,314500.0
TI00016662,TXN0005573,PROD00058,1,1306500.0
TI00016663,TXN0005573,PROD00164,2,103200.0
TI00016664,TXN0005573,PROD00147,2,229500.0
TI00016665,TXN0005573,PROD00091,4,17600.0
TI00016666,TXN0005574,PROD00134,3,1383900.0
TI00016667,TXN0005574,PROD00109,2,3001900.0
TI00016668,TXN0005574,PROD00139,1,621000.0
TI00016669,TXN0005574,PROD00170,1,806200.0
TI00016670,TXN0005575,PROD00085,1,262600.0
TI00016671,TXN0005575,PROD00016,3,167400.0
TI00016672,TXN0005575,PROD00165,2,242000.0
TI00016673,TXN0005575,PROD00059,3,3249400.0
TI00016674,TXN0005576,PROD00105,2,76100.0
TI00016675,TXN0005576,PROD00096,3,366200.0
TI00016676,TXN0005576,PROD00025,2,57900.0
TI00016677,TXN0005576,PROD00058,3,1306500.0
TI00016678,TXN0005577,PROD00064,4,1537200.0
TI00016679,TXN0005578,PROD00070,4,191800.0
TI00016680,TXN0005578,PROD00162,1,532200.0
TI00016681,TXN0005578,PROD00175,3,99600.0
TI00016682,TXN0005578,PROD00146,3,647500.0
TI00016683,TXN0005578,PROD00043,2,223400.0
TI00016684,TXN0005579,PROD00139,2,621000.0
TI00016685,TXN0005579,PROD00114,4,362300.0
TI00016686,TXN0005579,PROD00102,4,171600.0
TI00016687,TXN0005579,PROD00018,4,2056700.0
TI00016688,TXN0005580,PROD00163,2,337100.0
TI00016689,TXN0005581,PROD00059,2,3249400.0
TI00016690,TXN0005581,PROD00031,2,571800.0
TI00016691,TXN0005581,PROD00089,3,11224800.0
TI00016692,TXN0005582,PROD00017,1,61400.0
TI00016693,TXN0005582,PROD00046,1,314500.0
TI00016694,TXN0005583,PROD00011,3,810900.0
TI00016695,TXN0005583,PROD00080,1,204100.0
TI00016696,TXN0005583,PROD00013,4,1045000.0
TI00016697,TXN0005583,PROD00008,1,86100.0
TI00016698,TXN0005583,PROD00045,2,75500.0
TI00016699,TXN0005584,PROD00126,2,219500.0
TI00016700,TXN0005584,PROD00064,1,1537200.0
TI00016701,TXN0005585,PROD00080,3,204100.0
TI00016702,TXN0005585,PROD00017,4,61400.0
TI00016703,TXN0005586,PROD00123,4,520300.0
TI00016704,TXN0005587,PROD00165,2,242000.0
TI00016705,TXN0005587,PROD00157,1,6815900.0
TI00016706,TXN0005588,PROD00069,3,145200.0
TI00016707,TXN0005588,PROD00139,1,621000.0
TI00016708,TXN0005588,PROD00035,4,3271400.0
TI00016709,TXN0005588,PROD00021,3,423700.0
TI00016710,TXN0005589,PROD00021,2,423700.0
TI00016711,TXN0005589,PROD00058,3,1306500.0
TI00016712,TXN0005590,PROD00100,3,546800.0
TI00016713,TXN0005590,PROD00021,1,423700.0
TI00016714,TXN0005590,PROD00160,4,297400.0
TI00016715,TXN0005590,PROD00108,4,570800.0
TI00016716,TXN0005590,PROD00179,2,1206500.0
TI00016717,TXN0005591,PROD00014,4,2104400.0
TI00016718,TXN0005591,PROD00109,4,3001900.0
TI00016719,TXN0005591,PROD00082,2,435600.0
TI00016720,TXN0005591,PROD00177,2,228400.0
TI00016721,TXN0005592,PROD00179,1,1206500.0
TI00016722,TXN0005592,PROD00115,4,1810600.0
TI00016723,TXN0005592,PROD00119,1,3450500.0
TI00016724,TXN0005593,PROD00152,1,170900.0
TI00016725,TXN0005593,PROD00147,4,229500.0
TI00016726,TXN0005593,PROD00050,4,134700.0
TI00016727,TXN0005593,PROD00178,4,55100.0
TI00016728,TXN0005593,PROD00168,1,54200.0
TI00016729,TXN0005594,PROD00033,2,10971800.0
TI00016730,TXN0005595,PROD00071,3,501200.0
TI00016731,TXN0005595,PROD00079,2,31800.0
TI00016732,TXN0005596,PROD00051,1,752100.0
TI00016733,TXN0005596,PROD00001,2,179800.0
TI00016734,TXN0005596,PROD00180,4,96700.0
TI00016735,TXN0005597,PROD00109,3,3001900.0
TI00016736,TXN0005597,PROD00088,1,220600.0
TI00016737,TXN0005597,PROD00145,4,626300.0
TI00016738,TXN0005598,PROD00125,2,716900.0
TI00016739,TXN0005598,PROD00179,1,1206500.0
TI00016740,TXN0005598,PROD00070,2,191800.0
TI00016741,TXN0005598,PROD00155,2,277300.0
TI00016742,TXN0005598,PROD00050,2,134700.0
TI00016743,TXN0005599,PROD00121,4,190400.0
TI00016744,TXN0005599,PROD00007,3,456400.0
TI00016745,TXN0005599,PROD00166,3,120600.0
TI00016746,TXN0005599,PROD00176,4,168200.0
TI00016747,TXN0005599,PROD00053,3,197800.0
TI00016748,TXN0005600,PROD00178,1,55100.0
TI00016749,TXN0005600,PROD00099,2,497200.0
TI00016750,TXN0005600,PROD00084,3,1607800.0
TI00016751,TXN0005600,PROD00055,4,29300.0
TI00016752,TXN0005601,PROD00130,1,213000.0
TI00016753,TXN0005602,PROD00045,4,75500.0
TI00016754,TXN0005602,PROD00089,3,11224800.0
TI00016755,TXN0005603,PROD00036,2,11966500.0
TI00016756,TXN0005604,PROD00062,1,83600.0
TI00016757,TXN0005604,PROD00178,3,55100.0
TI00016758,TXN0005604,PROD00096,3,366200.0
TI00016759,TXN0005605,PROD00026,2,1447900.0
TI00016760,TXN0005605,PROD00074,4,99400.0
TI00016761,TXN0005606,PROD00169,4,6358700.0
TI00016762,TXN0005606,PROD00065,4,846500.0
TI00016763,TXN0005607,PROD00143,1,115300.0
TI00016764,TXN0005607,PROD00039,4,1936200.0
TI00016765,TXN0005608,PROD00037,3,718700.0
TI00016766,TXN0005609,PROD00174,4,71600.0
TI00016767,TXN0005609,PROD00110,2,130700.0
TI00016768,TXN0005609,PROD00070,4,191800.0
TI00016769,TXN0005609,PROD00029,4,747300.0
TI00016770,TXN0005609,PROD00162,2,532200.0
TI00016771,TXN0005610,PROD00052,4,58000.0
TI00016772,TXN0005610,PROD00063,4,631600.0
TI00016773,TXN0005610,PROD00130,2,213000.0
TI00016774,TXN0005610,PROD00051,4,752100.0
TI00016775,TXN0005610,PROD00135,2,495100.0
TI00016776,TXN0005611,PROD00115,2,1810600.0
TI00016777,TXN0005612,PROD00097,3,2301200.0
TI00016778,TXN0005613,PROD00126,2,219500.0
TI00016779,TXN0005614,PROD00162,2,532200.0
TI00016780,TXN0005614,PROD00093,1,2689800.0
TI00016781,TXN0005615,PROD00007,4,456400.0
TI00016782,TXN0005615,PROD00097,1,2301200.0
TI00016783,TXN0005615,PROD00133,2,521500.0
TI00016784,TXN0005615,PROD00066,2,162000.0
TI00016785,TXN0005615,PROD00153,3,121800.0
TI00016786,TXN0005616,PROD00119,4,3450500.0
TI00016787,TXN0005616,PROD00040,2,3685900.0
TI00016788,TXN0005616,PROD00105,1,76100.0
TI00016789,TXN0005616,PROD00170,1,806200.0
TI00016790,TXN0005617,PROD00117,4,188000.0
TI00016791,TXN0005617,PROD00114,2,362300.0
TI00016792,TXN0005617,PROD00138,4,57200.0
TI00016793,TXN0005617,PROD00106,1,610900.0
TI00016794,TXN0005618,PROD00092,4,198900.0
TI00016795,TXN0005619,PROD00147,3,229500.0
TI00016796,TXN0005619,PROD00146,2,647500.0
TI00016797,TXN0005619,PROD00059,4,3249400.0
TI00016798,TXN0005619,PROD00056,3,246400.0
TI00016799,TXN0005619,PROD00009,1,183500.0
TI00016800,TXN0005620,PROD00100,1,546800.0
TI00016801,TXN0005620,PROD00031,2,571800.0
TI00016802,TXN0005621,PROD00049,3,244600.0
TI00016803,TXN0005621,PROD00100,1,546800.0
TI00016804,TXN0005621,PROD00090,4,838900.0
TI00016805,TXN0005621,PROD00028,4,497400.0
TI00016806,TXN0005622,PROD00103,2,499800.0
TI00016807,TXN0005623,PROD00068,4,189500.0
TI00016808,TXN0005623,PROD00120,2,283500.0
TI00016809,TXN0005624,PROD00102,3,171600.0
TI00016810,TXN0005624,PROD00170,1,806200.0
TI00016811,TXN0005625,PROD00131,3,2828000.0
TI00016812,TXN0005625,PROD00166,1,120600.0
TI00016813,TXN0005626,PROD00151,2,116700.0
TI00016814,TXN0005626,PROD00131,3,2828000.0
TI00016815,TXN0005626,PROD00110,3,130700.0
TI00016816,TXN0005626,PROD00112,1,3050100.0
TI00016817,TXN0005626,PROD00176,3,168200.0
TI00016818,TXN0005627,PROD00008,3,86100.0
TI00016819,TXN0005627,PROD00080,4,204100.0
TI00016820,TXN0005627,PROD00129,3,67800.0
TI00016821,TXN0005627,PROD00120,3,283500.0
TI00016822,TXN0005627,PROD00058,2,1306500.0
TI00016823,TXN0005628,PROD00061,4,8063300.0
TI00016824,TXN0005628,PROD00098,1,66400.0
TI00016825,TXN0005628,PROD00076,1,609300.0
TI00016826,TXN0005629,PROD00155,2,277300.0
TI00016827,TXN0005629,PROD00163,2,337100.0
TI00016828,TXN0005629,PROD00114,2,362300.0
TI00016829,TXN0005629,PROD00117,4,188000.0
TI00016830,TXN0005629,PROD00037,3,718700.0
TI00016831,TXN0005630,PROD00062,1,83600.0
TI00016832,TXN0005630,PROD00061,2,8063300.0
TI00016833,TXN0005630,PROD00009,4,183500.0
TI00016834,TXN0005631,PROD00108,4,570800.0
TI00016835,TXN0005631,PROD00157,2,6815900.0
TI00016836,TXN0005631,PROD00121,1,190400.0
TI00016837,TXN0005631,PROD00178,3,55100.0
TI00016838,TXN0005632,PROD00167,1,79900.0
TI00016839,TXN0005632,PROD00153,4,121800.0
TI00016840,TXN0005632,PROD00174,1,71600.0
TI00016841,TXN0005632,PROD00003,2,623300.0
TI00016842,TXN0005633,PROD00002,4,1365600.0
TI00016843,TXN0005633,PROD00014,1,2104400.0
TI00016844,TXN0005633,PROD00007,3,456400.0
TI00016845,TXN0005634,PROD00170,3,806200.0
TI00016846,TXN0005634,PROD00041,3,792800.0
TI00016847,TXN0005634,PROD00037,4,718700.0
TI00016848,TXN0005634,PROD00067,3,1694500.0
TI00016849,TXN0005634,PROD00066,2,162000.0
TI00016850,TXN0005635,PROD00025,3,57900.0
TI00016851,TXN0005635,PROD00078,3,473100.0
TI00016852,TXN0005636,PROD00148,4,272900.0
TI00016853,TXN0005636,PROD00096,2,366200.0
TI00016854,TXN0005636,PROD00168,2,54200.0
TI00016855,TXN0005636,PROD00022,1,1337300.0
TI00016856,TXN0005636,PROD00115,2,1810600.0
TI00016857,TXN0005637,PROD00084,3,1607800.0
TI00016858,TXN0005637,PROD00151,4,116700.0
TI00016859,TXN0005637,PROD00011,3,810900.0
TI00016860,TXN0005637,PROD00124,1,11671600.0
TI00016861,TXN0005637,PROD00004,1,1254300.0
TI00016862,TXN0005638,PROD00029,4,747300.0
TI00016863,TXN0005638,PROD00167,3,79900.0
TI00016864,TXN0005638,PROD00017,1,61400.0
TI00016865,TXN0005638,PROD00036,1,11966500.0
TI00016866,TXN0005639,PROD00148,2,272900.0
TI00016867,TXN0005639,PROD00154,1,192800.0
TI00016868,TXN0005639,PROD00059,3,3249400.0
TI00016869,TXN0005639,PROD00136,3,787800.0
TI00016870,TXN0005640,PROD00150,2,874600.0
TI00016871,TXN0005640,PROD00155,2,277300.0
TI00016872,TXN0005640,PROD00149,1,370000.0
TI00016873,TXN0005640,PROD00145,2,626300.0
TI00016874,TXN0005640,PROD00102,3,171600.0
TI00016875,TXN0005641,PROD00020,3,176500.0
TI00016876,TXN0005641,PROD00129,1,67800.0
TI00016877,TXN0005642,PROD00147,1,229500.0
TI00016878,TXN0005643,PROD00014,3,2104400.0
TI00016879,TXN0005643,PROD00068,4,189500.0
TI00016880,TXN0005643,PROD00180,3,96700.0
TI00016881,TXN0005643,PROD00140,3,10502400.0
TI00016882,TXN0005644,PROD00070,4,191800.0
TI00016883,TXN0005644,PROD00004,3,1254300.0
TI00016884,TXN0005644,PROD00153,3,121800.0
TI00016885,TXN0005644,PROD00062,4,83600.0
TI00016886,TXN0005644,PROD00140,1,10502400.0
TI00016887,TXN0005645,PROD00176,3,168200.0
TI00016888,TXN0005646,PROD00079,3,31800.0
TI00016889,TXN0005646,PROD00136,4,787800.0
TI00016890,TXN0005646,PROD00121,4,190400.0
TI00016891,TXN0005646,PROD00010,2,675900.0
TI00016892,TXN0005647,PROD00096,4,366200.0
TI00016893,TXN0005648,PROD00070,1,191800.0
TI00016894,TXN0005648,PROD00161,3,231200.0
TI00016895,TXN0005648,PROD00101,1,11745100.0
TI00016896,TXN0005649,PROD00086,4,8987800.0
TI00016897,TXN0005649,PROD00014,4,2104400.0
TI00016898,TXN0005650,PROD00093,1,2689800.0
TI00016899,TXN0005651,PROD00093,4,2689800.0
TI00016900,TXN0005651,PROD00165,3,242000.0
TI00016901,TXN0005651,PROD00096,4,366200.0
TI00016902,TXN0005651,PROD00179,2,1206500.0
TI00016903,TXN0005651,PROD00118,4,97800.0
TI00016904,TXN0005652,PROD00155,3,277300.0
TI00016905,TXN0005653,PROD00146,1,647500.0
TI00016906,TXN0005653,PROD00152,2,170900.0
TI00016907,TXN0005654,PROD00100,2,546800.0
TI00016908,TXN0005654,PROD00005,4,613400.0
TI00016909,TXN0005654,PROD00152,4,170900.0
TI00016910,TXN0005654,PROD00032,3,359500.0
TI00016911,TXN0005654,PROD00007,4,456400.0
TI00016912,TXN0005655,PROD00044,1,2984700.0
TI00016913,TXN0005655,PROD00021,1,423700.0
TI00016914,TXN0005656,PROD00112,4,3050100.0
TI00016915,TXN0005656,PROD00166,2,120600.0
TI00016916,TXN0005657,PROD00050,2,134700.0
TI00016917,TXN0005657,PROD00162,2,532200.0
TI00016918,TXN0005657,PROD00142,1,324600.0
TI00016919,TXN0005657,PROD00028,2,497400.0
TI00016920,TXN0005658,PROD00042,1,110400.0
TI00016921,TXN0005658,PROD00064,2,1537200.0
TI00016922,TXN0005658,PROD00126,3,219500.0
TI00016923,TXN0005659,PROD00047,4,165600.0
TI00016924,TXN0005659,PROD00132,3,6814300.0
TI00016925,TXN0005660,PROD00104,4,179700.0
TI00016926,TXN0005660,PROD00142,1,324600.0
TI00016927,TXN0005660,PROD00101,3,11745100.0
TI00016928,TXN0005661,PROD00093,3,2689800.0
TI00016929,TXN0005662,PROD00084,4,1607800.0
TI00016930,TXN0005663,PROD00081,3,41700.0
TI00016931,TXN0005664,PROD00117,1,188000.0
TI00016932,TXN0005664,PROD00139,4,621000.0
TI00016933,TXN0005664,PROD00028,4,497400.0
TI00016934,TXN0005665,PROD00136,3,787800.0
TI00016935,TXN0005665,PROD00134,1,1383900.0
TI00016936,TXN0005665,PROD00030,3,10909100.0
TI00016937,TXN0005666,PROD00024,3,595000.0
TI00016938,TXN0005666,PROD00153,1,121800.0
TI00016939,TXN0005666,PROD00169,4,6358700.0
TI00016940,TXN0005666,PROD00088,1,220600.0
TI00016941,TXN0005667,PROD00094,4,365200.0
TI00016942,TXN0005667,PROD00107,4,75800.0
TI00016943,TXN0005667,PROD00037,3,718700.0
TI00016944,TXN0005667,PROD00102,3,171600.0
TI00016945,TXN0005668,PROD00163,4,337100.0
TI00016946,TXN0005668,PROD00176,2,168200.0
TI00016947,TXN0005669,PROD00093,1,2689800.0
TI00016948,TXN0005669,PROD00155,2,277300.0
TI00016949,TXN0005669,PROD00159,2,3240200.0
TI00016950,TXN0005669,PROD00091,3,17600.0
TI00016951,TXN0005670,PROD00144,4,2659900.0
TI00016952,TXN0005670,PROD00027,2,124600.0
TI00016953,TXN0005671,PROD00158,4,488300.0
TI00016954,TXN0005671,PROD00166,1,120600.0
TI00016955,TXN0005671,PROD00028,3,497400.0
TI00016956,TXN0005672,PROD00133,1,521500.0
TI00016957,TXN0005672,PROD00060,3,218600.0
TI00016958,TXN0005672,PROD00104,2,179700.0
TI00016959,TXN0005672,PROD00056,2,246400.0
TI00016960,TXN0005672,PROD00086,1,8987800.0
TI00016961,TXN0005673,PROD00020,2,176500.0
TI00016962,TXN0005673,PROD00174,3,71600.0
TI00016963,TXN0005674,PROD00114,1,362300.0
TI00016964,TXN0005675,PROD00075,4,382900.0
TI00016965,TXN0005675,PROD00122,2,2205900.0
TI00016966,TXN0005675,PROD00049,4,244600.0
TI00016967,TXN0005675,PROD00077,2,37900.0
TI00016968,TXN0005675,PROD00079,2,31800.0
TI00016969,TXN0005676,PROD00020,2,176500.0
TI00016970,TXN0005676,PROD00157,2,6815900.0
TI00016971,TXN0005676,PROD00179,3,1206500.0
TI00016972,TXN0005676,PROD00105,3,76100.0
TI00016973,TXN0005677,PROD00031,3,571800.0
TI00016974,TXN0005677,PROD00056,4,246400.0
TI00016975,TXN0005678,PROD00008,4,86100.0
TI00016976,TXN0005678,PROD00116,2,561100.0
TI00016977,TXN0005678,PROD00050,4,134700.0
TI00016978,TXN0005679,PROD00105,4,76100.0
TI00016979,TXN0005679,PROD00088,1,220600.0
TI00016980,TXN0005679,PROD00113,4,4916800.0
TI00016981,TXN0005680,PROD00075,2,382900.0
TI00016982,TXN0005680,PROD00068,3,189500.0
TI00016983,TXN0005681,PROD00010,3,675900.0
TI00016984,TXN0005681,PROD00153,1,121800.0
TI00016985,TXN0005681,PROD00081,2,41700.0
TI00016986,TXN0005681,PROD00067,3,1694500.0
TI00016987,TXN0005681,PROD00086,1,8987800.0
TI00016988,TXN0005682,PROD00111,1,5440300.0
TI00016989,TXN0005682,PROD00061,1,8063300.0
TI00016990,TXN0005682,PROD00080,4,204100.0
TI00016991,TXN0005682,PROD00141,1,527900.0
TI00016992,TXN0005682,PROD00065,4,846500.0
TI00016993,TXN0005683,PROD00065,3,846500.0
TI00016994,TXN0005683,PROD00156,3,117900.0
TI00016995,TXN0005683,PROD00031,2,571800.0
TI00016996,TXN0005683,PROD00078,2,473100.0
TI00016997,TXN0005684,PROD00046,3,314500.0
TI00016998,TXN0005684,PROD00006,4,1710300.0
TI00016999,TXN0005684,PROD00025,1,57900.0
TI00017000,TXN0005685,PROD00098,3,66400.0
TI00017001,TXN0005686,PROD00049,4,244600.0
TI00017002,TXN0005686,PROD00122,3,2205900.0
TI00017003,TXN0005687,PROD00052,3,58000.0
TI00017004,TXN0005688,PROD00159,1,3240200.0
TI00017005,TXN0005689,PROD00165,3,242000.0
TI00017006,TXN0005689,PROD00027,1,124600.0
TI00017007,TXN0005689,PROD00169,3,6358700.0
TI00017008,TXN0005689,PROD00077,3,37900.0
TI00017009,TXN0005690,PROD00139,2,621000.0
TI00017010,TXN0005690,PROD00125,4,716900.0
TI00017011,TXN0005691,PROD00101,3,11745100.0
TI00017012,TXN0005691,PROD00110,2,130700.0
TI00017013,TXN0005691,PROD00020,1,176500.0
TI00017014,TXN0005691,PROD00133,4,521500.0
TI00017015,TXN0005691,PROD00013,3,1045000.0
TI00017016,TXN0005692,PROD00044,1,2984700.0
TI00017017,TXN0005692,PROD00051,4,752100.0
TI00017018,TXN0005692,PROD00167,1,79900.0
TI00017019,TXN0005692,PROD00006,3,1710300.0
TI00017020,TXN0005693,PROD00088,1,220600.0
TI00017021,TXN0005693,PROD00001,1,179800.0
TI00017022,TXN0005693,PROD00061,4,8063300.0
TI00017023,TXN0005694,PROD00173,1,67500.0
TI00017024,TXN0005695,PROD00055,1,29300.0
TI00017025,TXN0005695,PROD00014,2,2104400.0
TI00017026,TXN0005696,PROD00117,2,188000.0
TI00017027,TXN0005696,PROD00047,2,165600.0
TI00017028,TXN0005697,PROD00157,2,6815900.0
TI00017029,TXN0005697,PROD00083,2,6771700.0
TI00017030,TXN0005697,PROD00016,4,167400.0
TI00017031,TXN0005697,PROD00068,1,189500.0
TI00017032,TXN0005698,PROD00067,4,1694500.0
TI00017033,TXN0005699,PROD00108,3,570800.0
TI00017034,TXN0005699,PROD00169,3,6358700.0
TI00017035,TXN0005700,PROD00054,2,1692000.0
TI00017036,TXN0005700,PROD00145,3,626300.0
TI00017037,TXN0005700,PROD00120,3,283500.0
TI00017038,TXN0005701,PROD00108,4,570800.0
TI00017039,TXN0005701,PROD00016,1,167400.0
TI00017040,TXN0005702,PROD00120,1,283500.0
TI00017041,TXN0005702,PROD00066,3,162000.0
TI00017042,TXN0005703,PROD00030,3,10909100.0
TI00017043,TXN0005703,PROD00100,1,546800.0
TI00017044,TXN0005704,PROD00094,2,365200.0
TI00017045,TXN0005704,PROD00108,3,570800.0
TI00017046,TXN0005704,PROD00080,3,204100.0
TI00017047,TXN0005704,PROD00013,2,1045000.0
TI00017048,TXN0005705,PROD00139,2,621000.0
TI00017049,TXN0005705,PROD00166,2,120600.0
TI00017050,TXN0005706,PROD00053,2,197800.0
TI00017051,TXN0005706,PROD00093,3,2689800.0
TI00017052,TXN0005706,PROD00119,3,3450500.0
TI00017053,TXN0005707,PROD00084,4,1607800.0
TI00017054,TXN0005707,PROD00017,3,61400.0
TI00017055,TXN0005708,PROD00070,4,191800.0
TI00017056,TXN0005708,PROD00160,3,297400.0
TI00017057,TXN0005708,PROD00114,3,362300.0
TI00017058,TXN0005708,PROD00118,1,97800.0
TI00017059,TXN0005708,PROD00091,2,17600.0
TI00017060,TXN0005709,PROD00172,2,162600.0
TI00017061,TXN0005709,PROD00086,4,8987800.0
TI00017062,TXN0005709,PROD00112,4,3050100.0
TI00017063,TXN0005709,PROD00052,4,58000.0
TI00017064,TXN0005709,PROD00138,4,57200.0
TI00017065,TXN0005710,PROD00054,1,1692000.0
TI00017066,TXN0005711,PROD00033,1,10971800.0
TI00017067,TXN0005711,PROD00161,2,231200.0
TI00017068,TXN0005712,PROD00165,3,242000.0
TI00017069,TXN0005712,PROD00175,2,99600.0
TI00017070,TXN0005713,PROD00074,4,99400.0
TI00017071,TXN0005713,PROD00174,3,71600.0
TI00017072,TXN0005713,PROD00085,2,262600.0
TI00017073,TXN0005714,PROD00178,3,55100.0
TI00017074,TXN0005714,PROD00033,2,10971800.0
TI00017075,TXN0005714,PROD00093,1,2689800.0
TI00017076,TXN0005714,PROD00039,2,1936200.0
TI00017077,TXN0005714,PROD00096,3,366200.0
TI00017078,TXN0005715,PROD00091,1,17600.0
TI00017079,TXN0005716,PROD00098,4,66400.0
TI00017080,TXN0005716,PROD00108,2,570800.0
TI00017081,TXN0005716,PROD00006,3,1710300.0
TI00017082,TXN0005717,PROD00122,1,2205900.0
TI00017083,TXN0005717,PROD00083,1,6771700.0
TI00017084,TXN0005717,PROD00107,1,75800.0
TI00017085,TXN0005718,PROD00006,2,1710300.0
TI00017086,TXN0005718,PROD00042,1,110400.0
TI00017087,TXN0005719,PROD00094,1,365200.0
TI00017088,TXN0005719,PROD00028,4,497400.0
TI00017089,TXN0005719,PROD00046,2,314500.0
TI00017090,TXN0005720,PROD00143,3,115300.0
TI00017091,TXN0005720,PROD00091,1,17600.0
TI00017092,TXN0005721,PROD00105,2,76100.0
TI00017093,TXN0005721,PROD00060,4,218600.0
TI00017094,TXN0005722,PROD00068,4,189500.0
TI00017095,TXN0005722,PROD00082,1,435600.0
TI00017096,TXN0005722,PROD00052,3,58000.0
TI00017097,TXN0005723,PROD00159,4,3240200.0
TI00017098,TXN0005724,PROD00129,3,67800.0
TI00017099,TXN0005724,PROD00009,1,183500.0
TI00017100,TXN0005724,PROD00021,2,423700.0
TI00017101,TXN0005724,PROD00174,2,71600.0
TI00017102,TXN0005724,PROD00032,4,359500.0
TI00017103,TXN0005725,PROD00176,2,168200.0
TI00017104,TXN0005725,PROD00101,3,11745100.0
TI00017105,TXN0005726,PROD00054,2,1692000.0
TI00017106,TXN0005727,PROD00023,3,225100.0
TI00017107,TXN0005727,PROD00009,4,183500.0
TI00017108,TXN0005728,PROD00141,3,527900.0
TI00017109,TXN0005728,PROD00026,3,1447900.0
TI00017110,TXN0005729,PROD00164,1,103200.0
TI00017111,TXN0005729,PROD00042,2,110400.0
TI00017112,TXN0005729,PROD00162,2,532200.0
TI00017113,TXN0005729,PROD00098,3,66400.0
TI00017114,TXN0005730,PROD00060,4,218600.0
TI00017115,TXN0005730,PROD00004,1,1254300.0
TI00017116,TXN0005730,PROD00160,3,297400.0
TI00017117,TXN0005730,PROD00157,1,6815900.0
TI00017118,TXN0005730,PROD00158,4,488300.0
TI00017119,TXN0005731,PROD00146,2,647500.0
TI00017120,TXN0005731,PROD00101,1,11745100.0
TI00017121,TXN0005731,PROD00147,1,229500.0
TI00017122,TXN0005731,PROD00156,3,117900.0
TI00017123,TXN0005732,PROD00100,2,546800.0
TI00017124,TXN0005732,PROD00031,1,571800.0
TI00017125,TXN0005732,PROD00045,1,75500.0
TI00017126,TXN0005733,PROD00024,1,595000.0
TI00017127,TXN0005733,PROD00093,4,2689800.0
TI00017128,TXN0005733,PROD00087,3,86200.0
TI00017129,TXN0005734,PROD00054,2,1692000.0
TI00017130,TXN0005734,PROD00086,4,8987800.0
TI00017131,TXN0005734,PROD00053,1,197800.0
TI00017132,TXN0005734,PROD00052,2,58000.0
TI00017133,TXN0005735,PROD00155,4,277300.0
TI00017134,TXN0005735,PROD00103,3,499800.0
TI00017135,TXN0005735,PROD00105,3,76100.0
TI00017136,TXN0005735,PROD00112,2,3050100.0
TI00017137,TXN0005735,PROD00129,1,67800.0
TI00017138,TXN0005736,PROD00018,4,2056700.0
TI00017139,TXN0005736,PROD00016,3,167400.0
TI00017140,TXN0005737,PROD00065,3,846500.0
TI00017141,TXN0005737,PROD00119,3,3450500.0
TI00017142,TXN0005737,PROD00053,2,197800.0
TI00017143,TXN0005737,PROD00158,1,488300.0
TI00017144,TXN0005737,PROD00104,1,179700.0
TI00017145,TXN0005738,PROD00127,2,172600.0
TI00017146,TXN0005738,PROD00017,1,61400.0
TI00017147,TXN0005738,PROD00170,2,806200.0
TI00017148,TXN0005738,PROD00012,4,744700.0
TI00017149,TXN0005739,PROD00011,3,810900.0
TI00017150,TXN0005739,PROD00143,4,115300.0
TI00017151,TXN0005739,PROD00162,4,532200.0
TI00017152,TXN0005739,PROD00140,2,10502400.0
TI00017153,TXN0005740,PROD00053,2,197800.0
TI00017154,TXN0005740,PROD00066,1,162000.0
TI00017155,TXN0005740,PROD00042,3,110400.0
TI00017156,TXN0005741,PROD00044,3,2984700.0
TI00017157,TXN0005742,PROD00109,2,3001900.0
TI00017158,TXN0005743,PROD00142,1,324600.0
TI00017159,TXN0005744,PROD00150,1,874600.0
TI00017160,TXN0005744,PROD00030,3,10909100.0
TI00017161,TXN0005744,PROD00082,1,435600.0
TI00017162,TXN0005744,PROD00032,3,359500.0
TI00017163,TXN0005744,PROD00078,1,473100.0
TI00017164,TXN0005745,PROD00171,1,9207400.0
TI00017165,TXN0005746,PROD00042,4,110400.0
TI00017166,TXN0005746,PROD00154,2,192800.0
TI00017167,TXN0005746,PROD00177,4,228400.0
TI00017168,TXN0005747,PROD00116,3,561100.0
TI00017169,TXN0005747,PROD00035,2,3271400.0
TI00017170,TXN0005747,PROD00082,2,435600.0
TI00017171,TXN0005748,PROD00154,1,192800.0
TI00017172,TXN0005748,PROD00102,3,171600.0
TI00017173,TXN0005749,PROD00138,1,57200.0
TI00017174,TXN0005750,PROD00173,4,67500.0
TI00017175,TXN0005750,PROD00061,3,8063300.0
TI00017176,TXN0005750,PROD00147,2,229500.0
TI00017177,TXN0005751,PROD00005,1,613400.0
TI00017178,TXN0005751,PROD00146,1,647500.0
TI00017179,TXN0005752,PROD00067,2,1694500.0
TI00017180,TXN0005753,PROD00125,4,716900.0
TI00017181,TXN0005753,PROD00001,1,179800.0
TI00017182,TXN0005753,PROD00042,4,110400.0
TI00017183,TXN0005753,PROD00003,2,623300.0
TI00017184,TXN0005753,PROD00156,3,117900.0
TI00017185,TXN0005754,PROD00020,2,176500.0
TI00017186,TXN0005754,PROD00121,1,190400.0
TI00017187,TXN0005754,PROD00088,4,220600.0
TI00017188,TXN0005754,PROD00167,1,79900.0
TI00017189,TXN0005754,PROD00055,2,29300.0
TI00017190,TXN0005755,PROD00128,4,202200.0
TI00017191,TXN0005755,PROD00154,1,192800.0
TI00017192,TXN0005756,PROD00079,2,31800.0
TI00017193,TXN0005757,PROD00089,3,11224800.0
TI00017194,TXN0005757,PROD00141,2,527900.0
TI00017195,TXN0005757,PROD00118,4,97800.0
TI00017196,TXN0005757,PROD00047,1,165600.0
TI00017197,TXN0005758,PROD00083,2,6771700.0
TI00017198,TXN0005759,PROD00087,4,86200.0
TI00017199,TXN0005759,PROD00098,3,66400.0
TI00017200,TXN0005760,PROD00049,2,244600.0
TI00017201,TXN0005761,PROD00107,3,75800.0
TI00017202,TXN0005761,PROD00129,2,67800.0
TI00017203,TXN0005761,PROD00059,2,3249400.0
TI00017204,TXN0005761,PROD00157,4,6815900.0
TI00017205,TXN0005761,PROD00075,4,382900.0
TI00017206,TXN0005762,PROD00078,1,473100.0
TI00017207,TXN0005762,PROD00055,2,29300.0
TI00017208,TXN0005762,PROD00005,3,613400.0
TI00017209,TXN0005763,PROD00092,4,198900.0
TI00017210,TXN0005764,PROD00111,4,5440300.0
TI00017211,TXN0005764,PROD00128,3,202200.0
TI00017212,TXN0005764,PROD00023,4,225100.0
TI00017213,TXN0005764,PROD00054,2,1692000.0
TI00017214,TXN0005765,PROD00132,2,6814300.0
TI00017215,TXN0005765,PROD00164,2,103200.0
TI00017216,TXN0005766,PROD00131,2,2828000.0
TI00017217,TXN0005766,PROD00169,4,6358700.0
TI00017218,TXN0005766,PROD00083,2,6771700.0
TI00017219,TXN0005767,PROD00113,2,4916800.0
TI00017220,TXN0005767,PROD00117,2,188000.0
TI00017221,TXN0005767,PROD00081,3,41700.0
TI00017222,TXN0005768,PROD00128,1,202200.0
TI00017223,TXN0005768,PROD00001,4,179800.0
TI00017224,TXN0005768,PROD00175,3,99600.0
TI00017225,TXN0005768,PROD00100,1,546800.0
TI00017226,TXN0005768,PROD00076,2,609300.0
TI00017227,TXN0005769,PROD00040,3,3685900.0
TI00017228,TXN0005770,PROD00116,3,561100.0
TI00017229,TXN0005771,PROD00051,1,752100.0
TI00017230,TXN0005771,PROD00037,2,718700.0
TI00017231,TXN0005771,PROD00128,3,202200.0
TI00017232,TXN0005771,PROD00163,1,337100.0
TI00017233,TXN0005772,PROD00173,3,67500.0
TI00017234,TXN0005773,PROD00043,1,223400.0
TI00017235,TXN0005773,PROD00119,2,3450500.0
TI00017236,TXN0005773,PROD00040,4,3685900.0
TI00017237,TXN0005774,PROD00052,4,58000.0
TI00017238,TXN0005774,PROD00100,4,546800.0
TI00017239,TXN0005774,PROD00125,4,716900.0
TI00017240,TXN0005775,PROD00100,2,546800.0
TI00017241,TXN0005775,PROD00123,4,520300.0
TI00017242,TXN0005775,PROD00162,4,532200.0
TI00017243,TXN0005776,PROD00177,2,228400.0
TI00017244,TXN0005777,PROD00125,2,716900.0
TI00017245,TXN0005777,PROD00158,1,488300.0
TI00017246,TXN0005778,PROD00171,4,9207400.0
TI00017247,TXN0005778,PROD00124,1,11671600.0
TI00017248,TXN0005778,PROD00031,3,571800.0
TI00017249,TXN0005778,PROD00155,3,277300.0
TI00017250,TXN0005779,PROD00079,4,31800.0
TI00017251,TXN0005780,PROD00107,1,75800.0
TI00017252,TXN0005781,PROD00084,4,1607800.0
TI00017253,TXN0005781,PROD00177,2,228400.0
TI00017254,TXN0005781,PROD00039,2,1936200.0
TI00017255,TXN0005781,PROD00102,4,171600.0
TI00017256,TXN0005781,PROD00008,3,86100.0
TI00017257,TXN0005782,PROD00022,4,1337300.0
TI00017258,TXN0005782,PROD00003,4,623300.0
TI00017259,TXN0005782,PROD00145,1,626300.0
TI00017260,TXN0005783,PROD00159,2,3240200.0
TI00017261,TXN0005783,PROD00049,3,244600.0
TI00017262,TXN0005784,PROD00012,1,744700.0
TI00017263,TXN0005784,PROD00141,2,527900.0
TI00017264,TXN0005784,PROD00130,1,213000.0
TI00017265,TXN0005784,PROD00086,2,8987800.0
TI00017266,TXN0005784,PROD00109,3,3001900.0
TI00017267,TXN0005785,PROD00021,2,423700.0
TI00017268,TXN0005786,PROD00055,2,29300.0
TI00017269,TXN0005786,PROD00007,3,456400.0
TI00017270,TXN0005786,PROD00167,3,79900.0
TI00017271,TXN0005786,PROD00036,1,11966500.0
TI00017272,TXN0005787,PROD00119,2,3450500.0
TI00017273,TXN0005788,PROD00053,2,197800.0
TI00017274,TXN0005789,PROD00139,1,621000.0
TI00017275,TXN0005789,PROD00159,1,3240200.0
TI00017276,TXN0005789,PROD00173,2,67500.0
TI00017277,TXN0005789,PROD00092,4,198900.0
TI00017278,TXN0005789,PROD00018,4,2056700.0
TI00017279,TXN0005790,PROD00155,4,277300.0
TI00017280,TXN0005790,PROD00041,4,792800.0
TI00017281,TXN0005790,PROD00113,4,4916800.0
TI00017282,TXN0005790,PROD00142,2,324600.0
TI00017283,TXN0005791,PROD00047,4,165600.0
TI00017284,TXN0005791,PROD00034,4,1485900.0
TI00017285,TXN0005791,PROD00152,3,170900.0
TI00017286,TXN0005792,PROD00087,1,86200.0
TI00017287,TXN0005792,PROD00118,4,97800.0
TI00017288,TXN0005792,PROD00070,2,191800.0
TI00017289,TXN0005792,PROD00051,1,752100.0
TI00017290,TXN0005793,PROD00080,3,204100.0
TI00017291,TXN0005794,PROD00180,1,96700.0
TI00017292,TXN0005794,PROD00113,1,4916800.0
TI00017293,TXN0005794,PROD00037,2,718700.0
TI00017294,TXN0005794,PROD00013,1,1045000.0
TI00017295,TXN0005794,PROD00045,1,75500.0
TI00017296,TXN0005795,PROD00031,1,571800.0
TI00017297,TXN0005795,PROD00075,1,382900.0
TI00017298,TXN0005795,PROD00022,4,1337300.0
TI00017299,TXN0005795,PROD00149,4,370000.0
TI00017300,TXN0005795,PROD00141,2,527900.0
TI00017301,TXN0005796,PROD00001,3,179800.0
TI00017302,TXN0005796,PROD00117,1,188000.0
TI00017303,TXN0005796,PROD00072,3,470400.0
TI00017304,TXN0005797,PROD00113,2,4916800.0
TI00017305,TXN0005797,PROD00025,1,57900.0
TI00017306,TXN0005798,PROD00167,4,79900.0
TI00017307,TXN0005798,PROD00068,1,189500.0
TI00017308,TXN0005798,PROD00029,4,747300.0
TI00017309,TXN0005799,PROD00015,3,327100.0
TI00017310,TXN0005799,PROD00134,1,1383900.0
TI00017311,TXN0005799,PROD00135,4,495100.0
TI00017312,TXN0005800,PROD00130,2,213000.0
TI00017313,TXN0005800,PROD00027,4,124600.0
TI00017314,TXN0005801,PROD00171,2,9207400.0
TI00017315,TXN0005801,PROD00076,4,609300.0
TI00017316,TXN0005801,PROD00020,4,176500.0
TI00017317,TXN0005801,PROD00010,2,675900.0
TI00017318,TXN0005802,PROD00033,2,10971800.0
TI00017319,TXN0005802,PROD00093,3,2689800.0
TI00017320,TXN0005802,PROD00137,1,59500.0
TI00017321,TXN0005803,PROD00127,1,172600.0
TI00017322,TXN0005803,PROD00133,4,521500.0
TI00017323,TXN0005803,PROD00019,3,353800.0
TI00017324,TXN0005804,PROD00106,1,610900.0
TI00017325,TXN0005804,PROD00129,2,67800.0
TI00017326,TXN0005804,PROD00071,2,501200.0
TI00017327,TXN0005804,PROD00123,1,520300.0
TI00017328,TXN0005805,PROD00155,1,277300.0
TI00017329,TXN0005805,PROD00167,3,79900.0
TI00017330,TXN0005806,PROD00026,3,1447900.0
TI00017331,TXN0005807,PROD00014,1,2104400.0
TI00017332,TXN0005808,PROD00064,4,1537200.0
TI00017333,TXN0005808,PROD00087,2,86200.0
TI00017334,TXN0005808,PROD00163,1,337100.0
TI00017335,TXN0005809,PROD00138,1,57200.0
TI00017336,TXN0005810,PROD00059,4,3249400.0
TI00017337,TXN0005810,PROD00021,4,423700.0
TI00017338,TXN0005810,PROD00103,1,499800.0
TI00017339,TXN0005810,PROD00127,2,172600.0
TI00017340,TXN0005811,PROD00144,3,2659900.0
TI00017341,TXN0005811,PROD00150,4,874600.0
TI00017342,TXN0005811,PROD00047,4,165600.0
TI00017343,TXN0005811,PROD00119,1,3450500.0
TI00017344,TXN0005812,PROD00079,4,31800.0
TI00017345,TXN0005812,PROD00128,1,202200.0
TI00017346,TXN0005813,PROD00166,3,120600.0
TI00017347,TXN0005814,PROD00161,1,231200.0
TI00017348,TXN0005815,PROD00025,1,57900.0
TI00017349,TXN0005815,PROD00056,1,246400.0
TI00017350,TXN0005816,PROD00045,2,75500.0
TI00017351,TXN0005816,PROD00080,1,204100.0
TI00017352,TXN0005816,PROD00162,3,532200.0
TI00017353,TXN0005816,PROD00024,3,595000.0
TI00017354,TXN0005816,PROD00078,3,473100.0
TI00017355,TXN0005817,PROD00137,2,59500.0
TI00017356,TXN0005817,PROD00161,3,231200.0
TI00017357,TXN0005817,PROD00151,4,116700.0
TI00017358,TXN0005817,PROD00076,2,609300.0
TI00017359,TXN0005818,PROD00006,1,1710300.0
TI00017360,TXN0005819,PROD00156,1,117900.0
TI00017361,TXN0005819,PROD00058,1,1306500.0
TI00017362,TXN0005819,PROD00064,3,1537200.0
TI00017363,TXN0005819,PROD00071,1,501200.0
TI00017364,TXN0005819,PROD00093,3,2689800.0
TI00017365,TXN0005820,PROD00051,1,752100.0
TI00017366,TXN0005821,PROD00100,4,546800.0
TI00017367,TXN0005821,PROD00019,1,353800.0
TI00017368,TXN0005821,PROD00123,4,520300.0
TI00017369,TXN0005821,PROD00002,4,1365600.0
TI00017370,TXN0005822,PROD00080,2,204100.0
TI00017371,TXN0005822,PROD00177,1,228400.0
TI00017372,TXN0005822,PROD00138,4,57200.0
TI00017373,TXN0005822,PROD00173,2,67500.0
TI00017374,TXN0005823,PROD00019,4,353800.0
TI00017375,TXN0005823,PROD00132,2,6814300.0
TI00017376,TXN0005823,PROD00028,2,497400.0
TI00017377,TXN0005823,PROD00137,3,59500.0
TI00017378,TXN0005823,PROD00100,3,546800.0
TI00017379,TXN0005824,PROD00113,4,4916800.0
TI00017380,TXN0005824,PROD00037,4,718700.0
TI00017381,TXN0005824,PROD00080,2,204100.0
TI00017382,TXN0005825,PROD00167,2,79900.0
TI00017383,TXN0005825,PROD00104,1,179700.0
TI00017384,TXN0005826,PROD00002,3,1365600.0
TI00017385,TXN0005826,PROD00170,1,806200.0
TI00017386,TXN0005826,PROD00070,4,191800.0
TI00017387,TXN0005826,PROD00150,2,874600.0
TI00017388,TXN0005827,PROD00113,1,4916800.0
TI00017389,TXN0005828,PROD00097,3,2301200.0
TI00017390,TXN0005828,PROD00063,2,631600.0
TI00017391,TXN0005828,PROD00113,3,4916800.0
TI00017392,TXN0005828,PROD00035,3,3271400.0
TI00017393,TXN0005828,PROD00026,1,1447900.0
TI00017394,TXN0005829,PROD00094,4,365200.0
TI00017395,TXN0005830,PROD00082,3,435600.0
TI00017396,TXN0005830,PROD00100,1,546800.0
TI00017397,TXN0005830,PROD00089,4,11224800.0
TI00017398,TXN0005830,PROD00099,3,497200.0
TI00017399,TXN0005831,PROD00118,1,97800.0
TI00017400,TXN0005831,PROD00025,1,57900.0
TI00017401,TXN0005831,PROD00086,2,8987800.0
TI00017402,TXN0005831,PROD00029,1,747300.0
TI00017403,TXN0005832,PROD00134,1,1383900.0
TI00017404,TXN0005833,PROD00146,2,647500.0
TI00017405,TXN0005833,PROD00050,4,134700.0
TI00017406,TXN0005833,PROD00095,2,428500.0
TI00017407,TXN0005833,PROD00109,3,3001900.0
TI00017408,TXN0005833,PROD00126,3,219500.0
TI00017409,TXN0005834,PROD00108,2,570800.0
TI00017410,TXN0005834,PROD00021,2,423700.0
TI00017411,TXN0005834,PROD00090,3,838900.0
TI00017412,TXN0005834,PROD00008,3,86100.0
TI00017413,TXN0005835,PROD00107,2,75800.0
TI00017414,TXN0005835,PROD00017,1,61400.0
TI00017415,TXN0005835,PROD00130,3,213000.0
TI00017416,TXN0005835,PROD00111,2,5440300.0
TI00017417,TXN0005835,PROD00173,3,67500.0
TI00017418,TXN0005836,PROD00171,2,9207400.0
TI00017419,TXN0005836,PROD00127,1,172600.0
TI00017420,TXN0005836,PROD00139,1,621000.0
TI00017421,TXN0005836,PROD00096,1,366200.0
TI00017422,TXN0005836,PROD00056,2,246400.0
TI00017423,TXN0005837,PROD00072,1,470400.0
TI00017424,TXN0005838,PROD00108,1,570800.0
TI00017425,TXN0005838,PROD00089,1,11224800.0
TI00017426,TXN0005838,PROD00142,3,324600.0
TI00017427,TXN0005838,PROD00080,1,204100.0
TI00017428,TXN0005839,PROD00001,4,179800.0
TI00017429,TXN0005839,PROD00038,4,3280700.0
TI00017430,TXN0005839,PROD00091,1,17600.0
TI00017431,TXN0005840,PROD00015,1,327100.0
TI00017432,TXN0005840,PROD00037,3,718700.0
TI00017433,TXN0005840,PROD00175,4,99600.0
TI00017434,TXN0005840,PROD00119,2,3450500.0
TI00017435,TXN0005840,PROD00155,4,277300.0
TI00017436,TXN0005841,PROD00050,2,134700.0
TI00017437,TXN0005841,PROD00134,4,1383900.0
TI00017438,TXN0005841,PROD00108,2,570800.0
TI00017439,TXN0005841,PROD00069,4,145200.0
TI00017440,TXN0005841,PROD00136,4,787800.0
TI00017441,TXN0005842,PROD00100,4,546800.0
TI00017442,TXN0005842,PROD00114,1,362300.0
TI00017443,TXN0005843,PROD00154,3,192800.0
TI00017444,TXN0005843,PROD00106,2,610900.0
TI00017445,TXN0005844,PROD00092,3,198900.0
TI00017446,TXN0005845,PROD00140,1,10502400.0
TI00017447,TXN0005845,PROD00023,2,225100.0
TI00017448,TXN0005845,PROD00172,3,162600.0
TI00017449,TXN0005845,PROD00163,3,337100.0
TI00017450,TXN0005845,PROD00068,2,189500.0
TI00017451,TXN0005846,PROD00093,1,2689800.0
TI00017452,TXN0005847,PROD00011,2,810900.0
TI00017453,TXN0005847,PROD00083,3,6771700.0
TI00017454,TXN0005847,PROD00111,3,5440300.0
TI00017455,TXN0005848,PROD00138,3,57200.0
TI00017456,TXN0005848,PROD00137,1,59500.0
TI00017457,TXN0005848,PROD00169,1,6358700.0
TI00017458,TXN0005848,PROD00099,2,497200.0
TI00017459,TXN0005848,PROD00114,1,362300.0
TI00017460,TXN0005849,PROD00016,3,167400.0
TI00017461,TXN0005849,PROD00113,2,4916800.0
TI00017462,TXN0005849,PROD00072,1,470400.0
TI00017463,TXN0005849,PROD00021,1,423700.0
TI00017464,TXN0005850,PROD00140,1,10502400.0
TI00017465,TXN0005850,PROD00170,3,806200.0
TI00017466,TXN0005851,PROD00137,3,59500.0
TI00017467,TXN0005851,PROD00112,4,3050100.0
TI00017468,TXN0005851,PROD00176,2,168200.0
TI00017469,TXN0005851,PROD00051,2,752100.0
TI00017470,TXN0005852,PROD00060,1,218600.0
TI00017471,TXN0005852,PROD00013,2,1045000.0
TI00017472,TXN0005853,PROD00073,3,55700.0
TI00017473,TXN0005853,PROD00064,3,1537200.0
TI00017474,TXN0005853,PROD00046,4,314500.0
TI00017475,TXN0005853,PROD00017,4,61400.0
TI00017476,TXN0005853,PROD00011,1,810900.0
TI00017477,TXN0005854,PROD00145,1,626300.0
TI00017478,TXN0005854,PROD00001,3,179800.0
TI00017479,TXN0005854,PROD00147,4,229500.0
TI00017480,TXN0005854,PROD00159,4,3240200.0
TI00017481,TXN0005855,PROD00005,1,613400.0
TI00017482,TXN0005855,PROD00153,1,121800.0
TI00017483,TXN0005855,PROD00148,1,272900.0
TI00017484,TXN0005855,PROD00096,2,366200.0
TI00017485,TXN0005856,PROD00082,4,435600.0
TI00017486,TXN0005856,PROD00124,2,11671600.0
TI00017487,TXN0005857,PROD00089,4,11224800.0
TI00017488,TXN0005858,PROD00007,1,456400.0
TI00017489,TXN0005859,PROD00019,4,353800.0
TI00017490,TXN0005859,PROD00089,2,11224800.0
TI00017491,TXN0005859,PROD00110,1,130700.0
TI00017492,TXN0005860,PROD00128,4,202200.0
TI00017493,TXN0005860,PROD00096,2,366200.0
TI00017494,TXN0005861,PROD00030,3,10909100.0
TI00017495,TXN0005861,PROD00116,2,561100.0
TI00017496,TXN0005862,PROD00180,1,96700.0
TI00017497,TXN0005862,PROD00006,1,1710300.0
TI00017498,TXN0005862,PROD00083,2,6771700.0
TI00017499,TXN0005862,PROD00050,4,134700.0
TI00017500,TXN0005862,PROD00118,4,97800.0
TI00017501,TXN0005863,PROD00002,2,1365600.0
TI00017502,TXN0005863,PROD00172,2,162600.0
TI00017503,TXN0005864,PROD00050,4,134700.0
TI00017504,TXN0005864,PROD00037,3,718700.0
TI00017505,TXN0005864,PROD00059,4,3249400.0
TI00017506,TXN0005864,PROD00166,4,120600.0
TI00017507,TXN0005864,PROD00120,4,283500.0
TI00017508,TXN0005865,PROD00140,3,10502400.0
TI00017509,TXN0005865,PROD00084,1,1607800.0
TI00017510,TXN0005865,PROD00053,3,197800.0
TI00017511,TXN0005865,PROD00048,3,88700.0
TI00017512,TXN0005866,PROD00155,4,277300.0
TI00017513,TXN0005866,PROD00131,3,2828000.0
TI00017514,TXN0005866,PROD00141,4,527900.0
TI00017515,TXN0005866,PROD00010,3,675900.0
TI00017516,TXN0005866,PROD00125,4,716900.0
TI00017517,TXN0005867,PROD00141,3,527900.0
TI00017518,TXN0005867,PROD00096,1,366200.0
TI00017519,TXN0005867,PROD00101,2,11745100.0
TI00017520,TXN0005867,PROD00077,3,37900.0
TI00017521,TXN0005868,PROD00175,3,99600.0
TI00017522,TXN0005868,PROD00033,1,10971800.0
TI00017523,TXN0005868,PROD00168,4,54200.0
TI00017524,TXN0005868,PROD00158,3,488300.0
TI00017525,TXN0005868,PROD00172,2,162600.0
TI00017526,TXN0005869,PROD00126,4,219500.0
TI00017527,TXN0005869,PROD00054,4,1692000.0
TI00017528,TXN0005869,PROD00084,4,1607800.0
TI00017529,TXN0005869,PROD00028,2,497400.0
TI00017530,TXN0005869,PROD00023,3,225100.0
TI00017531,TXN0005870,PROD00144,4,2659900.0
TI00017532,TXN0005870,PROD00123,4,520300.0
TI00017533,TXN0005870,PROD00171,3,9207400.0
TI00017534,TXN0005871,PROD00150,1,874600.0
TI00017535,TXN0005871,PROD00115,1,1810600.0
TI00017536,TXN0005872,PROD00138,4,57200.0
TI00017537,TXN0005872,PROD00113,1,4916800.0
TI00017538,TXN0005872,PROD00046,4,314500.0
TI00017539,TXN0005872,PROD00128,4,202200.0
TI00017540,TXN0005872,PROD00125,4,716900.0
TI00017541,TXN0005873,PROD00003,1,623300.0
TI00017542,TXN0005873,PROD00085,3,262600.0
TI00017543,TXN0005874,PROD00104,1,179700.0
TI00017544,TXN0005874,PROD00045,4,75500.0
TI00017545,TXN0005874,PROD00037,2,718700.0
TI00017546,TXN0005875,PROD00104,1,179700.0
TI00017547,TXN0005875,PROD00082,2,435600.0
TI00017548,TXN0005875,PROD00030,1,10909100.0
TI00017549,TXN0005875,PROD00089,3,11224800.0
TI00017550,TXN0005875,PROD00060,1,218600.0
TI00017551,TXN0005876,PROD00129,4,67800.0
TI00017552,TXN0005876,PROD00165,4,242000.0
TI00017553,TXN0005876,PROD00124,3,11671600.0
TI00017554,TXN0005876,PROD00160,1,297400.0
TI00017555,TXN0005876,PROD00013,3,1045000.0
TI00017556,TXN0005877,PROD00027,4,124600.0
TI00017557,TXN0005878,PROD00061,1,8063300.0
TI00017558,TXN0005878,PROD00158,3,488300.0
TI00017559,TXN0005878,PROD00107,3,75800.0
TI00017560,TXN0005878,PROD00119,2,3450500.0
TI00017561,TXN0005878,PROD00010,2,675900.0
TI00017562,TXN0005879,PROD00035,3,3271400.0
TI00017563,TXN0005880,PROD00040,3,3685900.0
TI00017564,TXN0005880,PROD00177,4,228400.0
TI00017565,TXN0005880,PROD00169,4,6358700.0
TI00017566,TXN0005881,PROD00098,2,66400.0
TI00017567,TXN0005882,PROD00022,2,1337300.0
TI00017568,TXN0005883,PROD00037,1,718700.0
TI00017569,TXN0005884,PROD00137,3,59500.0
TI00017570,TXN0005885,PROD00115,2,1810600.0
TI00017571,TXN0005885,PROD00176,3,168200.0
TI00017572,TXN0005885,PROD00125,2,716900.0
TI00017573,TXN0005886,PROD00049,2,244600.0
TI00017574,TXN0005887,PROD00100,2,546800.0
TI00017575,TXN0005887,PROD00149,3,370000.0
TI00017576,TXN0005887,PROD00068,1,189500.0
TI00017577,TXN0005887,PROD00160,3,297400.0
TI00017578,TXN0005888,PROD00117,4,188000.0
TI00017579,TXN0005888,PROD00081,2,41700.0
TI00017580,TXN0005888,PROD00131,4,2828000.0
TI00017581,TXN0005888,PROD00070,1,191800.0
TI00017582,TXN0005888,PROD00086,2,8987800.0
TI00017583,TXN0005889,PROD00067,4,1694500.0
TI00017584,TXN0005889,PROD00077,3,37900.0
TI00017585,TXN0005890,PROD00008,2,86100.0
TI00017586,TXN0005890,PROD00147,1,229500.0
TI00017587,TXN0005890,PROD00077,4,37900.0
TI00017588,TXN0005890,PROD00120,2,283500.0
TI00017589,TXN0005891,PROD00085,4,262600.0
TI00017590,TXN0005891,PROD00129,2,67800.0
TI00017591,TXN0005891,PROD00137,3,59500.0
TI00017592,TXN0005891,PROD00145,3,626300.0
TI00017593,TXN0005892,PROD00022,3,1337300.0
TI00017594,TXN0005892,PROD00037,2,718700.0
TI00017595,TXN0005893,PROD00118,2,97800.0
TI00017596,TXN0005893,PROD00079,1,31800.0
TI00017597,TXN0005894,PROD00036,2,11966500.0
TI00017598,TXN0005894,PROD00010,1,675900.0
TI00017599,TXN0005895,PROD00091,3,17600.0
TI00017600,TXN0005895,PROD00021,1,423700.0
TI00017601,TXN0005895,PROD00054,3,1692000.0
TI00017602,TXN0005895,PROD00099,3,497200.0
TI00017603,TXN0005895,PROD00131,1,2828000.0
TI00017604,TXN0005896,PROD00126,1,219500.0
TI00017605,TXN0005896,PROD00003,4,623300.0
TI00017606,TXN0005897,PROD00014,4,2104400.0
TI00017607,TXN0005897,PROD00012,1,744700.0
TI00017608,TXN0005897,PROD00053,4,197800.0
TI00017609,TXN0005897,PROD00046,2,314500.0
TI00017610,TXN0005897,PROD00041,3,792800.0
TI00017611,TXN0005898,PROD00062,4,83600.0
TI00017612,TXN0005898,PROD00042,3,110400.0
TI00017613,TXN0005898,PROD00110,3,130700.0
TI00017614,TXN0005899,PROD00020,2,176500.0
TI00017615,TXN0005899,PROD00016,2,167400.0
TI00017616,TXN0005900,PROD00063,4,631600.0
TI00017617,TXN0005900,PROD00115,2,1810600.0
TI00017618,TXN0005900,PROD00112,1,3050100.0
TI00017619,TXN0005901,PROD00045,3,75500.0
TI00017620,TXN0005901,PROD00020,4,176500.0
TI00017621,TXN0005901,PROD00159,2,3240200.0
TI00017622,TXN0005901,PROD00109,2,3001900.0
TI00017623,TXN0005901,PROD00072,3,470400.0
TI00017624,TXN0005902,PROD00175,1,99600.0
TI00017625,TXN0005902,PROD00171,2,9207400.0
TI00017626,TXN0005903,PROD00134,2,1383900.0
TI00017627,TXN0005903,PROD00051,1,752100.0
TI00017628,TXN0005903,PROD00158,4,488300.0
TI00017629,TXN0005903,PROD00044,1,2984700.0
TI00017630,TXN0005903,PROD00177,3,228400.0
TI00017631,TXN0005904,PROD00116,2,561100.0
TI00017632,TXN0005904,PROD00015,3,327100.0
TI00017633,TXN0005904,PROD00118,3,97800.0
TI00017634,TXN0005904,PROD00128,3,202200.0
TI00017635,TXN0005905,PROD00168,1,54200.0
TI00017636,TXN0005905,PROD00155,1,277300.0
TI00017637,TXN0005905,PROD00113,2,4916800.0
TI00017638,TXN0005906,PROD00135,1,495100.0
TI00017639,TXN0005906,PROD00125,2,716900.0
TI00017640,TXN0005906,PROD00054,3,1692000.0
TI00017641,TXN0005906,PROD00030,2,10909100.0
TI00017642,TXN0005907,PROD00154,3,192800.0
TI00017643,TXN0005907,PROD00110,4,130700.0
TI00017644,TXN0005907,PROD00060,3,218600.0
TI00017645,TXN0005908,PROD00004,3,1254300.0
TI00017646,TXN0005908,PROD00050,4,134700.0
TI00017647,TXN0005908,PROD00089,2,11224800.0
TI00017648,TXN0005908,PROD00143,4,115300.0
TI00017649,TXN0005908,PROD00174,2,71600.0
TI00017650,TXN0005909,PROD00009,1,183500.0
TI00017651,TXN0005909,PROD00048,2,88700.0
TI00017652,TXN0005909,PROD00126,4,219500.0
TI00017653,TXN0005910,PROD00002,2,1365600.0
TI00017654,TXN0005911,PROD00042,4,110400.0
TI00017655,TXN0005911,PROD00133,2,521500.0
TI00017656,TXN0005911,PROD00141,4,527900.0
TI00017657,TXN0005911,PROD00008,4,86100.0
TI00017658,TXN0005912,PROD00097,3,2301200.0
TI00017659,TXN0005913,PROD00145,4,626300.0
TI00017660,TXN0005914,PROD00089,2,11224800.0
TI00017661,TXN0005914,PROD00106,2,610900.0
TI00017662,TXN0005915,PROD00045,1,75500.0
TI00017663,TXN0005916,PROD00121,2,190400.0
TI00017664,TXN0005916,PROD00002,2,1365600.0
TI00017665,TXN0005916,PROD00176,2,168200.0
TI00017666,TXN0005916,PROD00012,1,744700.0
TI00017667,TXN0005916,PROD00011,3,810900.0
TI00017668,TXN0005917,PROD00011,2,810900.0
TI00017669,TXN0005917,PROD00139,3,621000.0
TI00017670,TXN0005918,PROD00008,4,86100.0
TI00017671,TXN0005918,PROD00075,1,382900.0
TI00017672,TXN0005918,PROD00109,1,3001900.0
TI00017673,TXN0005918,PROD00099,1,497200.0
TI00017674,TXN0005918,PROD00019,3,353800.0
TI00017675,TXN0005919,PROD00068,3,189500.0
TI00017676,TXN0005919,PROD00120,1,283500.0
TI00017677,TXN0005920,PROD00012,4,744700.0
TI00017678,TXN0005920,PROD00101,3,11745100.0
TI00017679,TXN0005920,PROD00108,4,570800.0
TI00017680,TXN0005920,PROD00083,4,6771700.0
TI00017681,TXN0005920,PROD00015,1,327100.0
TI00017682,TXN0005921,PROD00062,3,83600.0
TI00017683,TXN0005922,PROD00088,2,220600.0
TI00017684,TXN0005922,PROD00004,2,1254300.0
TI00017685,TXN0005922,PROD00101,4,11745100.0
TI00017686,TXN0005923,PROD00040,4,3685900.0
TI00017687,TXN0005923,PROD00071,3,501200.0
TI00017688,TXN0005923,PROD00023,3,225100.0
TI00017689,TXN0005924,PROD00138,4,57200.0
TI00017690,TXN0005924,PROD00107,3,75800.0
TI00017691,TXN0005924,PROD00097,4,2301200.0
TI00017692,TXN0005924,PROD00120,1,283500.0
TI00017693,TXN0005925,PROD00079,1,31800.0
TI00017694,TXN0005925,PROD00003,2,623300.0
TI00017695,TXN0005925,PROD00005,4,613400.0
TI00017696,TXN0005925,PROD00002,3,1365600.0
TI00017697,TXN0005925,PROD00004,2,1254300.0
TI00017698,TXN0005926,PROD00005,4,613400.0
TI00017699,TXN0005927,PROD00049,2,244600.0
TI00017700,TXN0005927,PROD00047,3,165600.0
TI00017701,TXN0005928,PROD00058,4,1306500.0
TI00017702,TXN0005928,PROD00124,2,11671600.0
TI00017703,TXN0005929,PROD00069,1,145200.0
TI00017704,TXN0005929,PROD00085,1,262600.0
TI00017705,TXN0005930,PROD00095,4,428500.0
TI00017706,TXN0005930,PROD00119,1,3450500.0
TI00017707,TXN0005930,PROD00138,1,57200.0
TI00017708,TXN0005930,PROD00108,1,570800.0
TI00017709,TXN0005931,PROD00098,2,66400.0
TI00017710,TXN0005931,PROD00042,2,110400.0
TI00017711,TXN0005931,PROD00165,2,242000.0
TI00017712,TXN0005931,PROD00069,3,145200.0
TI00017713,TXN0005931,PROD00128,1,202200.0
TI00017714,TXN0005932,PROD00102,4,171600.0
TI00017715,TXN0005932,PROD00151,2,116700.0
TI00017716,TXN0005933,PROD00013,3,1045000.0
TI00017717,TXN0005933,PROD00167,4,79900.0
TI00017718,TXN0005933,PROD00005,3,613400.0
TI00017719,TXN0005933,PROD00129,4,67800.0
TI00017720,TXN0005933,PROD00124,3,11671600.0
TI00017721,TXN0005934,PROD00029,2,747300.0
TI00017722,TXN0005934,PROD00131,2,2828000.0
TI00017723,TXN0005935,PROD00072,3,470400.0
TI00017724,TXN0005935,PROD00071,1,501200.0
TI00017725,TXN0005935,PROD00066,1,162000.0
TI00017726,TXN0005935,PROD00100,2,546800.0
TI00017727,TXN0005935,PROD00138,1,57200.0
TI00017728,TXN0005936,PROD00174,3,71600.0
TI00017729,TXN0005936,PROD00077,2,37900.0
TI00017730,TXN0005936,PROD00028,2,497400.0
TI00017731,TXN0005937,PROD00072,1,470400.0
TI00017732,TXN0005937,PROD00083,4,6771700.0
TI00017733,TXN0005937,PROD00117,4,188000.0
TI00017734,TXN0005937,PROD00012,2,744700.0
TI00017735,TXN0005938,PROD00018,1,2056700.0
TI00017736,TXN0005939,PROD00103,3,499800.0
TI00017737,TXN0005939,PROD00012,3,744700.0
TI00017738,TXN0005940,PROD00048,4,88700.0
TI00017739,TXN0005941,PROD00161,1,231200.0
TI00017740,TXN0005942,PROD00043,3,223400.0
TI00017741,TXN0005942,PROD00166,4,120600.0
TI00017742,TXN0005942,PROD00124,1,11671600.0
TI00017743,TXN0005942,PROD00120,4,283500.0
TI00017744,TXN0005943,PROD00130,4,213000.0
TI00017745,TXN0005944,PROD00093,2,2689800.0
TI00017746,TXN0005944,PROD00099,2,497200.0
TI00017747,TXN0005944,PROD00104,1,179700.0
TI00017748,TXN0005944,PROD00026,1,1447900.0
TI00017749,TXN0005944,PROD00022,4,1337300.0
TI00017750,TXN0005945,PROD00144,4,2659900.0
TI00017751,TXN0005945,PROD00061,3,8063300.0
TI00017752,TXN0005945,PROD00006,2,1710300.0
TI00017753,TXN0005946,PROD00029,2,747300.0
TI00017754,TXN0005946,PROD00068,4,189500.0
TI00017755,TXN0005947,PROD00031,4,571800.0
TI00017756,TXN0005947,PROD00169,4,6358700.0
TI00017757,TXN0005947,PROD00122,2,2205900.0
TI00017758,TXN0005947,PROD00082,3,435600.0
TI00017759,TXN0005948,PROD00152,2,170900.0
TI00017760,TXN0005948,PROD00098,2,66400.0
TI00017761,TXN0005948,PROD00072,1,470400.0
TI00017762,TXN0005949,PROD00171,2,9207400.0
TI00017763,TXN0005949,PROD00040,1,3685900.0
TI00017764,TXN0005949,PROD00087,1,86200.0
TI00017765,TXN0005949,PROD00088,2,220600.0
TI00017766,TXN0005949,PROD00136,3,787800.0
TI00017767,TXN0005950,PROD00118,3,97800.0
TI00017768,TXN0005950,PROD00095,3,428500.0
TI00017769,TXN0005950,PROD00104,1,179700.0
TI00017770,TXN0005950,PROD00161,1,231200.0
TI00017771,TXN0005950,PROD00063,3,631600.0
TI00017772,TXN0005951,PROD00156,2,117900.0
TI00017773,TXN0005952,PROD00130,4,213000.0
TI00017774,TXN0005952,PROD00054,2,1692000.0
TI00017775,TXN0005952,PROD00074,2,99400.0
TI00017776,TXN0005952,PROD00013,1,1045000.0
TI00017777,TXN0005953,PROD00023,1,225100.0
TI00017778,TXN0005953,PROD00126,1,219500.0
TI00017779,TXN0005953,PROD00116,1,561100.0
TI00017780,TXN0005953,PROD00171,2,9207400.0
TI00017781,TXN0005954,PROD00112,4,3050100.0
TI00017782,TXN0005954,PROD00017,3,61400.0
TI00017783,TXN0005955,PROD00017,1,61400.0
TI00017784,TXN0005955,PROD00129,1,67800.0
TI00017785,TXN0005955,PROD00070,1,191800.0
TI00017786,TXN0005955,PROD00164,1,103200.0
TI00017787,TXN0005955,PROD00136,1,787800.0
TI00017788,TXN0005956,PROD00016,2,167400.0
TI00017789,TXN0005956,PROD00176,1,168200.0
TI00017790,TXN0005957,PROD00024,2,595000.0
TI00017791,TXN0005958,PROD00091,1,17600.0
TI00017792,TXN0005959,PROD00126,2,219500.0
TI00017793,TXN0005959,PROD00038,4,3280700.0
TI00017794,TXN0005959,PROD00069,4,145200.0
TI00017795,TXN0005959,PROD00074,3,99400.0
TI00017796,TXN0005960,PROD00144,2,2659900.0
TI00017797,TXN0005960,PROD00147,2,229500.0
TI00017798,TXN0005960,PROD00026,4,1447900.0
TI00017799,TXN0005960,PROD00096,3,366200.0
TI00017800,TXN0005961,PROD00012,3,744700.0
TI00017801,TXN0005961,PROD00162,4,532200.0
TI00017802,TXN0005961,PROD00152,1,170900.0
TI00017803,TXN0005961,PROD00027,2,124600.0
TI00017804,TXN0005962,PROD00058,4,1306500.0
TI00017805,TXN0005962,PROD00134,1,1383900.0
TI00017806,TXN0005962,PROD00034,4,1485900.0
TI00017807,TXN0005962,PROD00097,4,2301200.0
TI00017808,TXN0005962,PROD00089,1,11224800.0
TI00017809,TXN0005963,PROD00106,1,610900.0
TI00017810,TXN0005963,PROD00175,4,99600.0
TI00017811,TXN0005963,PROD00158,2,488300.0
TI00017812,TXN0005963,PROD00149,4,370000.0
TI00017813,TXN0005964,PROD00163,4,337100.0
TI00017814,TXN0005964,PROD00109,3,3001900.0
TI00017815,TXN0005964,PROD00179,4,1206500.0
TI00017816,TXN0005964,PROD00097,3,2301200.0
TI00017817,TXN0005964,PROD00091,4,17600.0
TI00017818,TXN0005965,PROD00119,1,3450500.0
TI00017819,TXN0005965,PROD00126,1,219500.0
TI00017820,TXN0005965,PROD00112,4,3050100.0
TI00017821,TXN0005965,PROD00124,3,11671600.0
TI00017822,TXN0005965,PROD00055,1,29300.0
TI00017823,TXN0005966,PROD00050,2,134700.0
TI00017824,TXN0005966,PROD00168,4,54200.0
TI00017825,TXN0005967,PROD00120,1,283500.0
TI00017826,TXN0005967,PROD00073,2,55700.0
TI00017827,TXN0005967,PROD00177,4,228400.0
TI00017828,TXN0005968,PROD00115,3,1810600.0
TI00017829,TXN0005968,PROD00014,3,2104400.0
TI00017830,TXN0005968,PROD00063,4,631600.0
TI00017831,TXN0005969,PROD00054,2,1692000.0
TI00017832,TXN0005969,PROD00035,1,3271400.0
TI00017833,TXN0005969,PROD00018,3,2056700.0
TI00017834,TXN0005969,PROD00064,4,1537200.0
TI00017835,TXN0005970,PROD00161,1,231200.0
TI00017836,TXN0005970,PROD00131,2,2828000.0
TI00017837,TXN0005971,PROD00086,2,8987800.0
TI00017838,TXN0005971,PROD00128,1,202200.0
TI00017839,TXN0005971,PROD00102,2,171600.0
TI00017840,TXN0005972,PROD00150,1,874600.0
TI00017841,TXN0005972,PROD00018,4,2056700.0
TI00017842,TXN0005972,PROD00178,2,55100.0
TI00017843,TXN0005972,PROD00173,2,67500.0
TI00017844,TXN0005972,PROD00154,1,192800.0
TI00017845,TXN0005973,PROD00076,4,609300.0
TI00017846,TXN0005973,PROD00160,3,297400.0
TI00017847,TXN0005973,PROD00021,4,423700.0
TI00017848,TXN0005974,PROD00125,2,716900.0
TI00017849,TXN0005974,PROD00032,3,359500.0
TI00017850,TXN0005974,PROD00029,3,747300.0
TI00017851,TXN0005974,PROD00113,4,4916800.0
TI00017852,TXN0005975,PROD00158,3,488300.0
TI00017853,TXN0005976,PROD00162,4,532200.0
TI00017854,TXN0005976,PROD00179,4,1206500.0
TI00017855,TXN0005977,PROD00130,4,213000.0
TI00017856,TXN0005978,PROD00037,3,718700.0
TI00017857,TXN0005978,PROD00026,4,1447900.0
TI00017858,TXN0005979,PROD00017,1,61400.0
TI00017859,TXN0005980,PROD00119,1,3450500.0
TI00017860,TXN0005981,PROD00157,2,6815900.0
TI00017861,TXN0005981,PROD00147,1,229500.0
TI00017862,TXN0005981,PROD00154,4,192800.0
TI00017863,TXN0005982,PROD00141,1,527900.0
TI00017864,TXN0005982,PROD00172,2,162600.0
TI00017865,TXN0005982,PROD00006,1,1710300.0
TI00017866,TXN0005982,PROD00039,4,1936200.0
TI00017867,TXN0005982,PROD00045,1,75500.0
TI00017868,TXN0005983,PROD00080,1,204100.0
TI00017869,TXN0005983,PROD00099,1,497200.0
TI00017870,TXN0005984,PROD00066,3,162000.0
TI00017871,TXN0005984,PROD00023,3,225100.0
TI00017872,TXN0005984,PROD00072,3,470400.0
TI00017873,TXN0005984,PROD00105,3,76100.0
TI00017874,TXN0005985,PROD00088,1,220600.0
TI00017875,TXN0005985,PROD00094,4,365200.0
TI00017876,TXN0005986,PROD00023,2,225100.0
TI00017877,TXN0005986,PROD00090,1,838900.0
TI00017878,TXN0005986,PROD00168,2,54200.0
TI00017879,TXN0005986,PROD00106,4,610900.0
TI00017880,TXN0005986,PROD00104,2,179700.0
TI00017881,TXN0005987,PROD00079,1,31800.0
TI00017882,TXN0005987,PROD00131,1,2828000.0
TI00017883,TXN0005987,PROD00103,4,499800.0
TI00017884,TXN0005987,PROD00086,3,8987800.0
TI00017885,TXN0005988,PROD00046,1,314500.0
TI00017886,TXN0005988,PROD00082,1,435600.0
TI00017887,TXN0005988,PROD00167,1,79900.0
TI00017888,TXN0005989,PROD00119,4,3450500.0
TI00017889,TXN0005989,PROD00006,4,1710300.0
TI00017890,TXN0005989,PROD00101,4,11745100.0
TI00017891,TXN0005990,PROD00054,3,1692000.0
TI00017892,TXN0005991,PROD00039,4,1936200.0
TI00017893,TXN0005991,PROD00071,3,501200.0
TI00017894,TXN0005991,PROD00141,1,527900.0
TI00017895,TXN0005992,PROD00007,3,456400.0
TI00017896,TXN0005992,PROD00147,2,229500.0
TI00017897,TXN0005992,PROD00005,3,613400.0
TI00017898,TXN0005993,PROD00071,2,501200.0
TI00017899,TXN0005993,PROD00011,3,810900.0
TI00017900,TXN0005993,PROD00097,4,2301200.0
TI00017901,TXN0005993,PROD00054,3,1692000.0
TI00017902,TXN0005993,PROD00154,1,192800.0
TI00017903,TXN0005994,PROD00022,1,1337300.0
TI00017904,TXN0005994,PROD00013,2,1045000.0
TI00017905,TXN0005994,PROD00009,4,183500.0
TI00017906,TXN0005994,PROD00077,3,37900.0
TI00017907,TXN0005995,PROD00121,1,190400.0
TI00017908,TXN0005995,PROD00007,2,456400.0
TI00017909,TXN0005995,PROD00157,1,6815900.0
TI00017910,TXN0005996,PROD00146,2,647500.0
TI00017911,TXN0005996,PROD00174,2,71600.0
TI00017912,TXN0005997,PROD00150,4,874600.0
TI00017913,TXN0005997,PROD00057,3,2101600.0
TI00017914,TXN0005997,PROD00035,4,3271400.0
TI00017915,TXN0005998,PROD00044,2,2984700.0
TI00017916,TXN0005998,PROD00076,1,609300.0
TI00017917,TXN0005998,PROD00147,1,229500.0
TI00017918,TXN0005998,PROD00028,4,497400.0
TI00017919,TXN0005998,PROD00036,2,11966500.0
TI00017920,TXN0005999,PROD00055,3,29300.0
TI00017921,TXN0005999,PROD00168,1,54200.0
TI00017922,TXN0005999,PROD00160,4,297400.0
TI00017923,TXN0005999,PROD00044,4,2984700.0
TI00017924,TXN0005999,PROD00069,1,145200.0
TI00017925,TXN0006000,PROD00032,1,359500.0
TI00017926,TXN0006000,PROD00175,4,99600.0
TI00017927,TXN0006000,PROD00147,1,229500.0
TI00017928,TXN0006000,PROD00112,1,3050100.0
